,mol0_pos_col,mol100_pos_col,mol101_pos_col,mol102_pos_col,mol103_pos_col,mol104_pos_col,mol105_pos_col,mol106_pos_col,mol107_pos_col,mol108_pos_col,mol109_pos_col,mol10_pos_col,mol110_pos_col,mol111_pos_col,mol112_pos_col,mol113_pos_col,mol114_pos_col,mol115_pos_col,mol117_pos_col,mol118_pos_col,mol119_pos_col,mol11_pos_col,mol120_pos_col,mol121_pos_col,mol122_pos_col,mol123_pos_col,mol124_pos_col,mol125_pos_col,mol126_pos_col,mol127_pos_col,mol128_pos_col,mol129_pos_col,mol12_pos_col,mol130_pos_col,mol131_pos_col,mol132_pos_col,mol133_pos_col,mol134_pos_col,mol135_pos_col,mol136_pos_col,mol137_pos_col,mol138_pos_col,mol139_pos_col,mol13_pos_col,mol140_pos_col,mol141_pos_col,mol142_pos_col,mol143_pos_col,mol144_pos_col,mol145_pos_col,mol146_pos_col,mol147_pos_col,mol148_pos_col,mol149_pos_col,mol14_pos_col,mol150_pos_col,mol151_pos_col,mol152_pos_col,mol153_pos_col,mol15_pos_col,mol16_pos_col,mol17_pos_col,mol18_pos_col,mol19_pos_col,mol1_pos_col,mol20_pos_col,mol21_pos_col,mol22_pos_col,mol23_pos_col,mol24_pos_col,mol25_pos_col,mol26_pos_col,mol27_pos_col,mol28_pos_col,mol29_pos_col,mol2_pos_col,mol30_pos_col,mol31_pos_col,mol32_pos_col,mol33_pos_col,mol34_pos_col,mol35_pos_col,mol36_pos_col,mol37_pos_col,mol38_pos_col,mol39_pos_col,mol3_pos_col,mol40_pos_col,mol41_pos_col,mol42_pos_col,mol43_pos_col,mol44_pos_col,mol45_pos_col,mol46_pos_col,mol47_pos_col,mol48_pos_col,mol49_pos_col,mol4_pos_col,mol50_pos_col,mol51_pos_col,mol52_pos_col,mol53_pos_col,mol54_pos_col,mol55_pos_col,mol56_pos_col,mol57_pos_col,mol58_pos_col,mol59_pos_col,mol5_pos_col,mol60_pos_col,mol61_pos_col,mol62_pos_col,mol63_pos_col,mol64_pos_col,mol65_pos_col,mol66_pos_col,mol67_pos_col,mol68_pos_col,mol69_pos_col,mol6_pos_col,mol70_pos_col,mol71_pos_col,mol72_pos_col,mol73_pos_col,mol74_pos_col,mol75_pos_col,mol76_pos_col,mol77_pos_col,mol78_pos_col,mol79_pos_col,mol7_pos_col,mol80_pos_col,mol81_pos_col,mol82_pos_col,mol83_pos_col,mol84_pos_col,mol85_pos_col,mol86_pos_col,mol87_pos_col,mol88_pos_col,mol89_pos_col,mol8_pos_col,mol90_pos_col,mol91_pos_col,mol92_pos_col,mol93_pos_col,mol94_pos_col,mol95_pos_col,mol96_pos_col,mol97_pos_col,mol98_pos_col,mol99_pos_col,mol9_pos_col,xyz_newmol0_pos_col,xyz_newmol10_pos_col,xyz_newmol11_pos_col,xyz_newmol12_pos_col,xyz_newmol13_pos_col,xyz_newmol14_pos_col,xyz_newmol15_pos_col,xyz_newmol16_pos_col,xyz_newmol17_pos_col,xyz_newmol18_pos_col,xyz_newmol19_pos_col,xyz_newmol1_pos_col,xyz_newmol2_pos_col,xyz_newmol3_pos_col,xyz_newmol4_pos_col,xyz_newmol5_pos_col,xyz_newmol6_pos_col,xyz_newmol7_pos_col,xyz_newmol8_pos_col,xyz_newmol9_pos_col
mol0_pos_col,0.0,63.82066,64.5669,59.25595,65.86665,66.69693,61.20532,59.51934,66.17631,62.32512,65.96057,66.60215,63.38496,62.39422,67.46406,63.55702,66.11796,71.57172,71.0528,63.51703,71.87189,68.48921,66.24871,78.99143,63.10239,74.37519,66.47876,64.43479,67.13193,59.99722,61.42261,67.6192,62.18494,58.41375,60.54188,69.57826,73.67699,64.5073,64.45458,64.61558,72.13614,71.63152,55.76095,63.29899,64.84082,65.22208,60.61176,62.39511,66.24997,57.04413,52.23451,57.82077,51.48796,59.4242,65.84182,60.85205,57.11832,53.65549,59.51795,66.50868,63.45413,57.42627,64.97107,60.59941,62.08631,59.80642,64.25127,64.8394,63.50391,59.74546,57.85722,56.24591,59.83761,60.0433,64.90613,67.02819,60.34445,63.46805,59.38217,61.77364,61.3002,58.89091,64.83864,55.39231,66.04261,60.20633,61.85473,59.95599,59.07648,65.7099,66.85691,66.23129,65.35676,59.59996,61.25872,53.94924,63.4315,73.04673,54.77283,55.02738,69.5915,55.42246,69.48996,57.59922,58.25242,62.83212,68.60742,61.34972,63.40818,60.74907,56.90565,57.68479,55.33068,53.28188,49.90683,56.7662,55.23648,61.81348,64.41109,66.02468,54.84793,60.67143,54.62574,52.01516,56.08657,53.70665,61.88493,60.82586,61.73312,52.72495,62.44168,55.08457,58.24016,57.83835,60.8841,54.99974,58.63994,60.2944,59.4898,52.56078,64.97068,64.23329,67.79436,59.15925,62.09709,63.99459,62.24944,62.58692,64.59073,61.88217,66.96162,91.01682,69.76078,54.15149,63.29384,62.51473,64.03008,60.97194,56.91637,57.07013,77.21036,65.94074,57.26651,60.5453,62.33929,52.44358,57.81905,59.92376,43.52935,61.48381,61.88032,53.81568,50.03094
mol100_pos_col,63.82066,0.0,61.38018,68.61871,73.09368,68.09765,68.47872,71.2906,74.82345,65.39214,67.88992,68.67683,71.29063,61.00645,80.82896,71.13691,73.46525,68.87485,76.39666,70.75474,78.74071,74.13647,63.79622,71.38517,67.6621,76.39194,71.30544,71.94532,75.19455,64.85046,75.43555,75.97516,67.71842,69.94368,73.08318,68.27357,70.00149,65.73235,71.58632,69.77332,70.27455,67.06042,66.65311,70.77555,73.57827,71.47115,65.36092,60.57772,84.59751,74.70014,63.56082,64.86926,59.25391,63.10416,64.88092,64.23634,62.86975,57.4024,63.16116,69.39773,66.41538,65.46429,81.98326,74.88851,67.25082,72.99537,72.62432,79.67687,65.13383,63.91366,70.61821,76.64275,69.25118,77.05621,71.06131,66.15156,71.80747,72.63021,65.67908,76.94712,70.70117,73.45687,73.28036,60.93359,72.2771,63.5116,63.23979,71.7561,66.50185,73.0708,70.1253,69.68278,80.82094,62.32352,74.42746,60.90114,68.77642,88.08359,69.43792,68.70388,72.66475,64.40584,82.9731,75.29476,67.65985,64.73261,83.97879,67.58508,67.25084,63.10253,58.6908,70.60614,76.18404,77.5259,67.76953,57.37533,69.47482,65.60016,63.04922,68.09846,70.32891,63.1877,68.82278,66.82044,63.96464,66.6818,78.29311,64.34894,80.51606,64.57324,68.59996,68.49606,68.00777,69.46967,64.44188,66.88924,63.1609,72.40163,66.12214,75.40254,61.71364,73.32209,68.6257,65.7966,63.71746,59.40284,61.08121,64.17421,66.18428,65.65876,66.11385,80.59501,70.49515,72.625,58.67654,62.13143,67.02244,73.53634,53.89261,72.85718,69.32879,67.50856,59.74341,63.41837,73.88338,65.33349,75.50848,62.04501,60.31264,82.30089,62.75739,68.51999,59.05425
mol101_pos_col,64.5669,61.38018,0.0,71.81519,67.79022,74.26819,72.25496,66.95796,63.20186,70.13535,64.03107,63.71535,66.73488,68.09433,72.68607,68.40612,77.37657,67.24357,71.34649,64.16046,73.12763,73.96743,63.46867,73.78081,58.39937,71.02078,64.4194,71.60497,75.62354,66.00098,72.47936,67.31754,64.06421,66.91636,71.80894,69.68569,64.69045,64.88978,61.92235,65.36441,73.46403,66.33237,57.422,70.59776,76.17718,68.54012,63.88179,67.30836,77.08121,70.86245,60.54191,65.24578,57.20739,58.98338,52.20539,57.61687,59.53102,53.64126,63.30917,73.84224,69.64143,58.19372,76.10237,67.11625,68.72891,63.12651,71.0537,73.01415,66.79329,68.14469,65.35896,72.38841,63.85804,71.13524,63.67994,65.36156,66.47584,70.91564,65.68087,68.55505,68.63031,77.82736,75.72207,60.56627,59.97436,60.67065,58.40528,65.88423,68.05654,76.37229,67.71522,67.80402,69.86977,61.70955,65.27915,65.04634,65.71707,83.67833,62.99737,67.25047,71.45739,67.90938,77.95699,71.17199,64.18825,70.09751,82.07801,69.06227,64.88159,59.96885,62.33981,67.99242,76.4518,70.37328,63.88693,59.5468,60.16588,64.85768,64.33762,75.21245,60.79693,63.80831,66.5575,65.81147,63.24392,65.60049,74.47673,63.58977,72.97044,62.52214,70.67859,62.95403,66.0079,64.22902,56.66679,59.59645,62.72791,59.36513,61.9787,70.12091,59.15744,69.35185,65.83496,63.65397,61.72762,66.27765,55.86154,61.60506,56.84079,67.6603,71.37518,86.40662,67.53442,61.64482,58.33148,62.23598,58.09569,62.18261,59.66415,59.84841,74.16017,64.10023,60.37719,62.3678,71.64024,59.58753,68.20123,64.53447,61.62748,72.23636,66.68792,57.4669,62.71294
mol102_pos_col,59.25595,68.61871,71.81519,0.0,68.77627,70.65118,68.40523,70.62109,70.03379,67.13236,62.66583,69.03542,68.07342,64.9914,74.65317,66.04885,63.79272,72.80367,68.7896,69.85213,75.27005,68.79917,67.30412,77.70554,71.5325,79.90397,69.477,72.96967,74.4029,67.78068,71.08557,70.36346,64.74829,69.50958,69.06326,72.34331,72.35969,64.21027,65.5367,74.61963,72.95992,69.2693,69.78701,68.92595,70.75092,74.78877,67.99911,62.00649,86.90369,70.88926,59.9984,66.1884,62.96997,63.48525,67.51987,64.34087,64.45787,65.3879,59.59699,70.19852,61.82589,65.15793,73.52774,62.38552,72.2558,59.96742,73.38202,74.69103,65.66694,63.71063,62.99102,69.59131,65.36302,68.53121,68.50965,69.98628,66.29162,72.66504,62.10655,71.73564,72.48976,74.36841,67.87772,66.68317,72.01033,66.31063,64.87768,68.52376,67.07094,75.85823,72.95819,70.76149,76.07232,61.97302,66.96285,62.84801,64.86259,87.55342,63.88434,63.19745,73.82828,66.82185,75.75913,69.22144,62.88029,72.0634,79.2099,69.44471,62.73038,62.64986,63.45356,66.70279,74.37908,73.35276,62.38417,65.00147,64.79783,59.49309,67.48803,70.71532,66.57363,64.49479,63.09655,62.49649,61.4771,64.05458,73.2253,69.40772,74.59543,52.77402,69.93826,72.3537,64.33794,61.63746,65.61637,64.46061,60.6833,70.58321,65.93393,71.9969,62.74556,65.05674,72.77875,63.70117,68.22333,61.43315,70.66018,61.99316,67.12446,66.0566,66.47992,93.20946,74.98557,62.66104,64.05774,66.25522,65.37316,70.7126,62.6003,67.10897,76.30906,66.99194,62.46979,63.32602,67.17316,59.42579,72.85619,65.37721,50.28544,78.54007,62.5258,66.1493,63.96248
mol103_pos_col,65.86665,73.09368,67.79022,68.77627,0.0,75.2209,70.00051,66.8225,65.54437,70.43093,64.35253,71.34898,68.82652,61.77136,73.87387,72.90029,74.0263,68.72576,70.49194,62.84319,73.90548,74.74455,73.92907,79.29593,67.31741,77.21628,72.54774,63.89288,72.53115,64.94909,72.05037,61.17435,65.09212,70.0245,70.73743,69.78558,77.41811,70.32284,71.37584,70.27309,77.83131,78.05517,70.27423,67.31867,68.509,73.53805,69.86156,64.39387,77.65801,68.38285,68.63472,72.13932,69.95448,67.31246,71.3595,64.18135,66.30965,65.16471,66.03917,72.59553,68.79928,66.96961,70.845,75.09865,70.81887,68.51179,75.36133,72.29753,63.7776,64.13197,70.09063,65.37267,69.83886,70.34925,75.22391,62.55516,73.51099,74.30053,66.4677,72.7776,70.99477,77.24541,68.77861,66.79822,73.83153,63.96148,66.2778,64.82726,66.73925,73.19923,65.25113,72.02962,78.63881,67.31872,73.428,67.61856,71.56128,84.70184,62.52487,68.93569,78.41479,71.83054,73.81307,73.23161,68.2754,68.19731,85.41221,71.21322,69.93501,68.58594,67.03262,68.7685,76.2822,75.03273,63.91191,65.32791,69.3073,65.74479,72.19911,69.62356,67.87447,68.2249,71.44661,65.22632,68.33487,62.01567,71.83952,64.64984,77.89206,64.71771,72.45783,65.41958,66.26311,69.22808,66.6355,64.25816,73.22791,71.96244,66.19151,69.28211,63.70731,73.09508,76.57562,69.07186,72.1487,65.70707,71.64548,72.60139,66.47323,67.17525,70.45943,88.61433,76.5184,60.93833,62.10115,65.12609,72.25702,70.58251,65.22317,68.55331,79.43888,71.78583,63.13979,62.53478,69.89208,66.79496,64.49973,68.05896,62.47635,74.26972,75.99405,63.17263,69.5241
mol104_pos_col,66.69693,68.09765,74.26819,70.65118,75.2209,0.0,59.91353,74.01013,70.16038,61.89592,67.8216,68.5049,67.60107,61.82611,71.63901,66.70391,74.52829,73.1607,74.12978,66.26666,78.39291,66.91122,68.44469,74.20509,73.69547,82.05086,73.24065,63.53703,74.02411,67.99399,76.34428,72.01295,64.38635,64.73593,69.29702,67.44784,71.89937,67.43275,71.51946,70.61837,76.17777,67.3824,70.23641,62.33412,69.27234,68.50589,63.18565,66.86996,86.04964,79.1427,68.08885,69.1023,56.72882,71.22359,68.81307,71.74033,66.56745,60.57941,69.40199,71.82878,58.91499,68.6039,81.90847,75.92103,69.38568,75.8659,77.65833,78.11438,70.64912,61.9254,64.97286,73.94368,62.69749,66.64353,71.55855,68.14805,66.65078,64.36849,60.04186,73.32347,72.38262,69.53961,65.92337,64.95786,74.86504,68.50797,66.92491,66.31514,58.61348,70.86803,77.75245,68.41288,82.54856,65.38418,71.99345,60.04972,71.96695,86.87227,66.34458,68.2849,72.09322,72.61979,78.37042,67.46586,70.92785,65.93027,81.2638,71.00293,64.90216,66.713,61.09883,67.88078,83.18898,68.29355,61.75568,62.58191,68.20075,58.17173,62.55589,75.97292,75.01062,69.97984,68.58113,62.7428,67.34264,64.98423,70.252,67.02433,73.87955,62.10918,72.66133,68.90011,70.26864,70.80645,68.70278,65.75901,68.058,71.45833,66.20971,72.83355,58.37903,68.18841,72.41677,58.96275,65.18908,65.4286,67.79425,67.4687,69.92618,65.32113,60.69769,84.83601,73.93734,67.01411,66.88635,65.57537,69.71412,72.08098,64.47534,72.40583,77.81467,68.62318,63.02291,61.97023,74.74042,64.88636,68.67997,66.12787,58.41952,75.49086,64.41474,66.38339,64.90212
mol105_pos_col,61.20532,68.47872,72.25496,68.40523,70.00051,59.91353,0.0,75.25535,70.90044,55.27075,63.43307,67.4013,69.27399,66.77421,73.42784,67.58363,76.21504,74.54118,67.9265,69.39558,75.11665,66.06994,72.43267,79.83431,72.57104,78.54907,72.44367,65.5152,71.589,67.58897,68.50863,66.71962,67.52096,64.61578,70.80989,69.17299,74.47978,65.24215,68.37879,71.877,72.57141,72.63703,67.74059,65.88042,67.26701,72.45216,63.22894,65.90219,80.98625,72.30994,67.79805,63.34422,57.26566,69.30554,68.93956,69.09359,65.59273,65.16569,73.57965,71.98723,63.56237,61.97125,73.42853,73.77076,72.78084,69.23071,68.87382,77.71233,64.28326,68.5201,71.66414,68.64975,65.90379,71.20692,69.99329,65.68965,70.83257,68.91026,63.68632,66.36691,68.59358,68.47567,64.5231,68.13653,68.23302,68.94351,69.84198,59.99369,62.81576,72.29505,69.47268,69.94107,74.7571,64.8667,70.09876,61.2719,65.31815,83.65849,64.02581,62.89117,72.72578,69.01649,77.02402,64.42059,72.47197,66.26675,76.65648,65.81332,65.12079,70.85038,65.22771,72.39978,73.51695,74.02591,61.4727,63.14824,63.98928,61.68623,67.75893,74.92047,69.40658,64.50929,68.41029,64.47554,64.82961,64.4222,75.44079,71.77201,73.65304,63.71543,65.83161,69.71335,69.58557,70.31418,70.11301,63.67978,68.49461,69.37078,65.16345,73.83803,63.09812,63.35765,73.55236,63.77127,64.987,69.59379,65.63522,69.57001,70.68679,64.41637,69.19721,93.7065,70.03919,69.48372,64.44079,68.12103,68.41245,75.36835,64.9484,69.14446,76.27358,68.69745,63.60389,64.1304,77.58249,61.01098,69.61751,65.54676,59.26861,77.79469,65.24748,68.04246,69.90912
mol106_pos_col,59.51934,71.2906,66.95796,70.62109,66.8225,74.01013,75.25535,0.0,67.48602,66.48372,69.88603,67.90567,69.94106,70.52269,76.45798,65.4621,77.14625,72.75376,70.35618,67.30919,67.99751,71.18802,64.73589,79.31965,66.26788,74.86724,68.6994,66.48012,70.89863,51.92273,69.50528,70.34578,62.28981,64.36125,66.66642,65.98331,75.44757,68.8529,61.16864,66.57094,78.41431,79.21491,64.60779,62.7381,69.73494,72.70497,67.85371,64.43201,68.13663,65.16284,65.49589,63.18928,63.67614,63.82952,67.36584,57.61242,64.08496,68.95866,65.18193,72.67473,68.01166,64.14409,67.0875,67.67586,63.32791,67.04272,67.91316,61.46102,63.24389,65.47064,63.75331,59.66547,64.29097,64.87057,70.4034,68.09745,69.70128,70.60646,67.18696,67.45432,68.38896,72.55097,67.86047,69.81181,71.25232,60.35905,60.93848,65.32436,70.85143,73.97401,68.77906,71.21546,71.37401,65.33608,73.61385,64.79874,64.73907,82.87886,68.27085,65.55361,69.2274,64.10843,71.10525,69.46165,60.39595,63.82354,76.90174,67.6302,72.33135,67.41318,62.42138,68.59006,67.30719,63.2495,58.51277,65.04488,66.8388,62.05865,67.39337,67.23327,62.0139,56.92527,59.09652,63.53299,62.96015,55.00456,67.76121,63.88239,67.45406,59.48235,64.99699,52.47652,59.11845,57.81707,66.27829,63.11992,66.49654,63.0816,55.03068,65.45416,66.31922,62.24584,71.57076,67.92445,66.71481,62.58646,65.9946,62.98293,65.70857,63.52936,67.48556,89.98547,68.67282,55.07831,61.61527,65.59879,66.99419,60.63255,60.88555,62.60887,78.27832,72.79988,67.22266,66.21151,59.68553,56.6082,56.29165,68.4433,60.83553,69.70922,67.96582,56.60249,59.53526
mol107_pos_col,66.17631,74.82345,63.20186,70.03379,65.54437,70.16038,70.90044,67.48602,0.0,67.07958,60.71448,72.3157,71.19138,69.06566,72.75474,69.44683,67.45386,66.20634,73.9634,71.73964,75.36424,70.78631,69.77682,79.05187,71.05617,75.06839,68.14838,64.17167,72.44172,62.61481,72.45863,72.13383,64.82274,72.71657,71.2044,68.43456,76.81654,69.52814,66.58693,62.20625,77.2779,73.88146,66.55926,68.03397,75.11569,71.54116,66.10694,72.38158,80.97605,69.37134,69.72337,65.85714,61.41165,65.09652,66.15008,66.61072,66.14198,66.77342,65.71796,75.17462,69.67332,63.82433,76.48761,69.9884,69.00103,70.50003,75.99264,77.67909,69.96727,70.08668,68.09991,71.08595,61.50859,59.4948,67.63673,71.0986,69.50393,72.34356,67.6324,70.06278,70.98857,77.52848,70.01847,71.74448,69.13387,62.63233,65.84785,72.24505,64.71797,74.00809,74.68162,67.32449,78.2755,68.46838,71.13628,66.65087,68.3642,84.6985,65.86506,69.60561,72.62612,74.41417,81.19368,70.69267,63.64966,69.34606,82.81704,71.26608,64.48729,63.4206,66.88997,72.54985,76.50494,70.06608,61.79571,63.28157,64.1698,67.09458,69.42909,66.66528,64.88332,62.33635,68.0924,68.02995,67.1072,62.44032,66.5593,70.00599,71.17298,64.63122,66.63447,68.57467,67.88584,72.98309,65.94509,60.68109,70.21526,66.80087,66.98699,72.41963,66.14975,70.52541,72.17907,64.21416,65.07887,74.6837,67.35117,65.92324,66.47702,67.0616,72.57379,94.93885,72.57503,54.97068,63.11331,60.68426,68.68212,70.95058,64.15967,66.79195,75.09429,72.34346,63.55557,66.73677,67.52656,62.79697,68.25146,67.16333,61.52154,72.81697,70.80781,59.01921,68.96948
mol108_pos_col,62.32512,65.39214,70.13535,67.13236,70.43093,61.89592,55.27075,66.48372,67.07958,0.0,62.37148,64.2738,65.08226,60.54455,76.55982,54.71416,72.21625,65.63479,60.99423,68.29391,74.23115,63.74105,69.12012,67.9629,63.82697,80.8249,66.89191,57.4267,68.55284,58.86063,73.28367,67.28004,64.68366,63.01055,67.28138,59.53227,61.43012,64.10937,68.08292,64.01784,66.71587,64.90707,66.62861,59.63492,72.49265,71.42343,58.4832,65.58609,83.4597,70.10993,62.40488,60.23872,57.25392,58.26986,62.59984,61.21343,57.30602,60.46328,65.041,67.35744,62.3697,60.48038,78.93959,68.98147,62.8926,70.09285,72.71757,74.70794,62.92576,69.20407,64.99832,72.85609,62.56781,61.34816,59.66443,60.96969,66.66703,73.33744,56.62434,66.85436,66.27851,69.55379,70.78359,67.78086,69.45641,60.19954,62.08964,55.07149,54.12018,66.73051,70.90376,60.46587,73.63281,60.96278,64.96201,59.16413,58.69095,89.43782,63.23565,67.34764,70.32279,61.88767,78.65837,68.66403,66.33887,65.82308,79.18416,63.08334,59.32639,63.93777,56.46624,65.17404,73.57887,73.68073,62.79088,56.73032,60.25872,52.72154,57.3456,70.37862,67.74632,63.10705,62.96715,58.14099,64.00426,57.18913,69.55101,67.99302,75.45366,58.12053,67.93865,65.65071,66.87484,63.94272,60.77185,60.98574,60.57474,71.4286,53.78466,73.26485,57.59579,65.48653,57.28453,63.83908,59.40802,62.79855,59.67606,62.1577,61.24875,62.73452,61.83625,79.66901,63.17758,62.6648,63.45196,61.6525,62.09214,66.05741,58.14494,60.76574,66.38546,59.10622,56.32702,61.61151,72.3266,62.07844,67.88262,65.84872,57.71455,76.81819,56.96524,60.17268,61.92683
mol109_pos_col,65.96057,67.88992,64.03107,62.66583,64.35253,67.8216,63.43307,69.88603,60.71448,62.37148,0.0,64.27077,59.93057,63.65789,68.07254,64.11822,70.21054,61.37615,66.00352,62.62775,75.42414,67.97929,59.76454,69.22566,64.55751,77.07761,68.64036,62.33856,72.6066,59.46135,71.00695,64.12874,62.13544,66.05696,66.37207,61.8509,66.45282,61.63119,63.90777,60.59146,69.59033,66.31407,60.42947,64.60055,68.91622,71.80923,65.63936,66.99907,86.92353,69.24332,63.92015,63.67014,63.71855,63.41828,56.89515,60.92458,55.87846,65.20448,61.7253,67.96333,64.62538,61.71992,72.56426,69.11472,68.07915,64.42215,73.86161,78.26911,60.57094,67.22632,69.45016,69.96063,62.63303,66.7904,67.21106,66.09051,67.17776,71.76779,63.43516,66.77772,68.83168,75.13104,63.55729,68.02437,71.64642,62.05597,61.39352,60.96836,63.33721,76.15317,73.19577,67.84768,75.85236,60.81494,64.98256,64.58328,65.8531,85.4213,59.61467,64.52452,71.90792,69.23292,78.67586,71.01991,64.75156,67.25262,83.10126,66.93492,65.67617,57.43669,61.22261,69.74235,80.56151,73.83625,55.52556,65.67825,59.13218,61.39983,65.37748,59.31806,67.68521,59.81718,64.63337,68.12794,66.5889,64.45509,68.94138,71.31707,74.55548,61.95128,63.10504,67.39708,61.49646,61.65498,58.78236,59.77016,60.91858,63.48304,54.74427,70.52476,60.60069,63.8274,64.67409,55.65621,66.06151,61.74673,64.37819,61.25899,62.59467,58.28622,55.40909,85.91207,69.25979,64.8098,56.76247,60.85514,63.39896,65.94707,57.19865,62.6565,69.76525,64.51107,63.05824,57.91134,68.12168,62.67275,68.99285,65.83408,57.41709,72.09762,59.02897,63.11346,68.00118
mol10_pos_col,66.60215,68.67683,63.71535,69.03542,71.34898,68.5049,67.4013,67.90567,72.3157,64.2738,64.27077,0.0,63.83588,66.70481,76.14143,61.30584,72.65361,63.74407,67.708,68.40816,79.01286,64.45959,65.63967,65.42979,66.66719,78.75149,69.4213,62.91976,73.10337,60.0637,74.03195,69.77,60.07571,66.98689,68.27357,63.81237,66.38042,63.72997,64.26095,60.15007,65.43626,66.24504,60.14992,63.75469,74.30382,69.78409,58.63205,62.04963,88.0734,69.40365,58.29053,58.87528,56.34958,58.91751,60.96573,61.95182,58.95137,57.76617,56.52396,56.43826,62.6042,58.96271,72.61981,68.95565,64.12967,65.22364,77.60788,74.40145,63.969,67.88432,68.68939,71.67975,61.40149,65.5182,55.9851,63.94091,62.86164,72.24408,62.39417,74.54256,65.98202,75.88388,69.44759,59.85515,65.24212,60.25325,64.74474,62.06244,60.91143,69.776,75.34895,65.3349,70.28509,59.40332,65.46569,56.02464,63.62758,84.40314,62.02529,63.31756,64.56918,60.75808,81.304,72.77548,60.72976,70.00117,82.37932,62.14835,60.57752,62.54994,63.05463,58.88046,73.63156,74.08995,61.64865,62.1138,55.24263,58.86467,61.91197,69.30497,63.46166,60.97441,60.0058,63.63727,60.88631,63.88006,72.99151,72.47046,70.20025,65.96027,63.95396,66.49972,63.33949,54.34567,57.86355,60.12206,63.11278,69.90704,55.08422,73.27269,60.44167,65.88044,61.00302,65.03046,62.54427,60.35254,64.32001,42.66342,62.16839,58.83712,58.29192,75.37801,54.85779,64.54678,65.26302,64.34378,56.25681,64.30318,55.42479,61.41028,66.19638,60.41451,52.66825,58.7709,70.62385,63.07285,66.08266,61.44875,60.75721,75.16898,61.35935,63.62436,68.24501
mol110_pos_col,63.38496,71.29063,66.73488,68.07342,68.82652,67.60107,69.27399,69.94106,71.19138,65.08226,59.93057,63.83588,0.0,70.19056,73.93589,63.72552,71.25911,68.15738,66.42207,66.75991,69.52829,70.7495,71.96997,68.87243,66.07341,77.30793,69.1162,66.25603,75.78279,62.8125,69.84404,70.42917,62.5887,63.64791,69.16844,64.9599,72.87297,59.37317,65.03478,62.44519,72.83228,68.82541,65.67029,68.34184,73.50607,60.31513,63.53606,70.66686,84.35231,70.62555,63.97109,66.07358,61.821,64.95078,67.29946,60.12496,65.78973,59.47753,60.5805,66.9173,55.43942,62.3738,72.94687,65.30946,74.02479,74.59817,71.69116,79.86225,63.15948,66.76552,66.09586,71.13509,66.53338,70.78763,66.37734,68.76308,64.98563,76.08201,67.04475,73.53607,61.89151,69.479,68.34628,62.55748,68.26469,64.36218,65.40238,65.55052,58.70849,72.74601,68.66279,68.04716,75.44733,54.9667,62.41407,66.15795,67.543,90.45659,64.50111,69.71609,63.89601,67.82684,81.0131,73.01089,64.70306,68.58824,79.97927,66.42393,62.92409,62.99444,62.52446,65.95276,79.26958,72.73475,61.21087,62.834,67.4731,61.26731,63.67964,68.58507,67.17746,62.42154,64.41984,62.6172,67.31272,60.43248,68.38197,65.59743,75.42707,69.67355,68.52931,63.37861,69.33859,64.6789,66.01973,63.81934,64.80343,71.81022,62.52989,68.21967,59.69785,66.05398,68.69677,66.04858,65.27959,64.43931,65.38991,61.75773,69.88175,67.21392,68.57567,84.45442,65.44241,66.08235,63.54084,56.79886,63.70204,62.91131,61.79044,65.87799,69.25528,69.00094,61.26623,60.13026,73.76606,65.69751,67.00417,68.53276,64.1007,78.81897,62.12228,63.64697,66.69918
mol111_pos_col,62.39422,61.00645,68.09433,64.9914,61.77136,61.82611,66.77421,70.52269,69.06566,60.54455,63.65789,66.70481,70.19056,0.0,68.89113,70.16694,68.69665,62.53508,70.21485,60.98877,70.00078,64.46505,70.8644,73.6947,67.32293,69.84632,64.29662,58.96821,71.43202,65.17904,65.91669,68.89709,65.81304,68.24527,70.90509,70.39337,70.81482,70.47504,66.46412,72.44932,70.47797,70.40309,62.22597,65.75676,61.62358,68.67589,64.87224,61.56507,80.67629,67.77102,59.92568,62.56209,63.6066,68.8861,64.07318,65.67788,62.39738,58.69433,60.83147,66.43199,66.48123,58.2237,72.20791,69.42797,62.57089,69.46082,72.80193,73.53603,65.1041,61.27468,67.47919,70.36142,64.77105,73.68707,67.13688,63.58584,71.98885,71.62076,59.88873,66.03304,61.15573,69.74072,68.70828,63.24478,72.26452,59.22101,66.24945,60.73156,64.46833,68.68697,71.24022,67.90226,73.36328,67.13375,73.56499,57.30947,65.85752,84.35915,60.00276,68.4934,71.42745,63.87496,81.25645,69.91998,58.86245,68.79091,79.94699,65.15328,64.5563,63.85385,63.20273,60.92534,75.69262,71.08875,60.86235,56.26715,57.35663,63.81885,62.75084,69.62862,63.10843,66.07926,67.5854,65.99646,62.68385,61.11142,75.12934,63.92872,69.64454,63.77442,70.44698,63.77258,63.52558,70.17641,62.07937,64.34083,67.64554,67.4453,64.09629,65.35812,59.33735,66.94964,69.53741,67.33556,65.65129,63.07676,64.84486,65.1859,61.13598,59.83024,67.06675,88.795,67.66937,64.14955,64.78181,62.76124,64.72895,68.26805,57.1968,63.14681,73.79529,65.70201,51.96658,60.70172,66.31313,63.36249,66.96719,63.57253,57.80966,73.34771,65.11323,58.24406,62.25114
mol112_pos_col,67.46406,80.82896,72.68607,74.65317,73.87387,71.63901,73.42784,76.45798,72.75474,76.55982,68.07254,76.14143,73.93589,68.89113,0.0,77.65115,74.79785,78.831,78.01984,70.13724,68.7577,77.25822,77.72542,92.46408,71.43702,76.89387,70.42172,70.81782,76.61686,72.29271,71.45964,78.73255,71.84135,71.36535,72.84514,81.15089,75.92382,77.16692,70.93494,74.68102,87.24608,83.15774,66.99998,75.46804,65.40141,72.48931,72.64049,69.48543,78.2081,70.08559,71.00616,69.79434,70.87055,69.43188,70.93744,72.75023,72.80537,72.6493,77.42404,78.50282,73.14832,69.21197,75.33866,72.86628,71.16124,75.12192,70.71158,76.99061,65.63659,67.01306,64.63461,70.06366,72.67895,74.92809,75.38256,73.51272,77.71376,61.90054,74.68366,67.23617,67.56991,71.33422,68.12285,75.17521,75.60818,67.65776,68.86163,70.7854,74.21775,69.47527,64.35938,78.01691,66.82763,72.21514,74.40199,73.73525,77.61095,81.00115,68.13534,67.44374,73.62958,74.241,79.42044,67.43604,69.94239,69.47763,82.50238,74.75167,72.62126,77.96922,69.05759,62.24112,75.34678,71.27502,63.78627,65.70766,76.26308,70.99129,71.20662,72.28834,67.36287,74.81328,72.27861,69.32504,68.74219,68.60317,69.07063,68.26781,73.12314,61.37257,74.36191,68.48048,64.41581,73.35229,70.45661,68.35695,79.49613,66.39326,73.77241,72.55506,67.55186,76.73938,82.94527,66.53894,74.15744,79.1386,74.09712,77.38527,73.02226,69.47172,78.81848,98.35976,82.37357,66.10707,68.73355,70.38807,73.87099,72.45295,69.88889,68.9366,90.75182,83.49709,66.61297,73.21415,72.54796,68.64919,65.33009,70.55695,62.61333,72.47157,76.19216,66.74912,70.24994
mol113_pos_col,63.55702,71.13691,68.40612,66.04885,72.90029,66.70391,67.58363,65.4621,69.44683,54.71416,64.11822,61.30584,63.72552,70.16694,77.65115,0.0,73.99717,64.3829,64.67152,64.47217,81.07972,66.85501,61.85917,65.65964,61.4029,82.11787,70.44738,69.31085,70.0946,45.35679,71.84338,67.50133,64.85546,67.2975,65.8836,62.03252,66.77856,62.03244,64.26623,63.38124,61.89171,65.48735,64.76233,63.98924,78.644,69.51102,64.58499,66.88358,86.33638,68.74573,63.24489,59.89122,57.5238,58.79503,64.09189,63.37356,51.07638,58.94014,62.31632,68.54207,63.27311,61.69445,74.6631,71.21242,63.33739,64.78131,74.38848,79.94152,59.25836,68.69962,67.99441,74.84451,57.93626,64.33942,63.97352,67.50249,54.41411,70.92343,62.92398,70.87011,73.23393,77.6471,65.39294,68.75274,66.4745,61.99814,64.90986,59.06839,63.2198,69.50584,70.77918,63.06992,76.89159,53.90558,67.02215,63.90493,64.57759,90.32025,65.14459,68.16828,69.55187,61.53469,83.14667,68.20789,64.46283,64.54833,75.21145,65.0934,61.60429,61.85818,60.05475,69.62209,77.71165,66.27787,54.59459,60.29074,62.48772,55.20368,53.17487,67.13053,66.12106,57.70648,52.96187,57.7134,59.05907,56.47636,58.79976,72.95519,72.90581,65.78726,64.98119,67.62921,66.13468,58.80285,63.76418,58.44745,59.6035,65.28236,47.52694,76.22748,60.59156,57.84557,59.15668,57.06131,59.98662,58.48881,61.49657,60.31827,64.31371,61.63644,60.09258,78.02652,63.87125,66.23862,59.50063,55.94228,61.99719,61.37759,56.0406,64.1049,57.69689,60.88764,62.0026,60.4929,69.56899,62.31845,67.01044,64.35061,57.58092,74.65553,58.00857,64.94986,57.65944
mol114_pos_col,66.11796,73.46525,77.37657,63.79272,74.0263,74.52829,76.21504,77.14625,67.45386,72.21625,70.21054,72.65361,71.25911,68.69665,74.79785,73.99717,0.0,81.31671,74.17662,74.88487,80.74941,62.83389,74.84668,84.81809,72.12775,82.07561,78.9376,72.7359,69.1904,70.65026,65.53735,76.06983,66.31173,65.39423,74.94734,73.24061,78.16657,72.65908,70.16115,73.71854,81.67985,80.2873,71.92252,65.49098,71.72314,77.02839,74.31,65.77573,84.95914,71.3963,66.75891,71.54627,69.91915,68.68629,73.47677,76.97643,67.95184,65.27131,68.99223,71.81761,72.90358,72.06619,76.19225,71.5872,72.87882,76.12351,78.26404,75.6977,75.6025,69.48606,67.86885,76.06387,72.19379,69.23353,73.98792,74.88769,76.92808,75.44303,72.39407,75.46381,73.03928,69.37797,75.33724,70.03755,77.2347,70.67587,72.56693,69.86242,71.71957,77.30523,75.78319,74.16123,78.38153,75.8351,68.2309,69.36527,76.29093,81.91492,61.6967,72.65563,76.66901,71.80174,81.89372,73.83837,71.05571,73.18615,80.56075,74.97499,67.33854,66.6995,67.33273,64.74507,77.22177,71.10104,62.64933,62.14515,67.19554,71.61368,75.33569,76.92263,71.12758,74.4003,67.45878,66.78013,67.14232,62.8192,70.80043,69.96053,70.82065,70.5209,70.74453,72.45262,74.12119,71.3792,71.54016,68.0485,73.08291,74.88839,68.45772,71.58933,73.65012,65.77614,76.00692,64.3585,74.13302,71.6059,73.94576,72.60948,77.76416,70.54434,76.66471,98.16754,79.53612,64.90931,73.0885,72.25022,77.46937,70.26918,65.99428,71.74932,83.38174,81.59375,69.74119,65.84801,74.40917,72.22571,73.60356,68.00868,58.33598,70.22444,76.72035,71.6766,66.62709
mol115_pos_col,71.57172,68.87485,67.24357,72.80367,68.72576,73.1607,74.54118,72.75376,66.20634,65.63479,61.37615,63.74407,68.15738,62.53508,78.831,64.3829,81.31671,0.0,74.03618,60.52166,80.51205,71.08765,65.31729,58.49692,69.39399,86.09662,72.52477,67.48128,74.93794,58.76633,74.06266,64.47891,67.96579,71.27987,69.96675,63.18129,58.9783,60.54747,66.80089,64.00296,54.35514,53.88494,72.53368,69.70794,80.04842,73.19205,62.22758,75.24686,93.67244,75.57853,59.23281,64.58088,58.72302,60.51282,59.7337,61.86685,53.63812,62.85716,59.15241,69.83691,66.54613,58.63558,82.71129,69.03816,73.55449,72.45917,82.20167,82.39162,65.53459,69.07369,72.64955,76.37243,65.19602,76.40383,64.81673,62.01788,55.0147,77.65105,61.66445,78.16465,79.02598,80.96186,69.27495,66.13441,66.09578,54.86051,62.60951,61.63718,59.14903,73.04471,72.99299,60.7549,81.63428,62.76857,71.80554,65.75696,62.13038,97.45496,65.17505,78.70614,79.35925,68.18442,86.19204,74.79477,65.93062,74.15017,89.77208,64.62102,69.66727,58.7795,62.75628,66.66712,84.418,80.45612,61.99461,63.16824,62.24254,60.01966,62.42061,71.55592,68.93762,61.57764,71.86811,67.3811,67.45503,66.02213,73.84166,75.97445,82.23765,70.30822,70.20816,72.59408,76.96199,64.80507,58.56917,56.97484,62.49011,69.73974,58.21162,77.64031,55.8577,65.48529,55.36484,63.06058,65.26277,64.90065,62.25789,64.49919,62.181,64.16634,65.36598,70.25967,67.4804,69.66003,63.5428,56.57701,55.12727,62.92164,64.21838,68.92249,58.47496,50.57609,60.60795,56.37799,79.2851,65.34502,76.76493,66.84616,60.27521,77.97961,64.52547,62.52237,66.8315
mol117_pos_col,71.0528,76.39666,71.34649,68.7896,70.49194,74.12978,67.9265,70.35618,73.9634,60.99423,66.00352,67.708,66.42207,70.21485,78.01984,64.67152,74.17662,74.03618,0.0,69.78929,80.81461,67.35253,69.13092,72.28611,69.89971,84.11716,74.69608,69.10455,75.91566,62.451,77.19299,72.33128,62.80355,69.34027,73.16852,68.33029,70.03067,58.97916,66.18997,70.52084,75.02726,76.56648,65.69839,68.09133,76.65278,71.16335,66.81676,71.47495,89.02554,76.82662,64.62248,68.2945,65.52501,67.69939,65.66441,67.86648,64.35348,64.59529,69.22768,73.20528,67.60764,67.26579,76.56442,74.06456,72.62351,71.28255,78.58457,82.73912,63.25052,77.30719,73.3692,73.80237,68.94182,69.10023,70.0251,69.96498,73.13129,75.79181,66.04666,69.33236,74.04038,74.24457,71.41092,72.85403,77.33998,68.68104,68.9764,67.53865,64.2027,74.49017,75.94998,70.01411,79.18507,62.92958,70.30028,65.96485,72.48685,95.84393,70.8321,71.23169,73.89302,60.41096,84.62711,75.0205,70.78982,68.82366,87.76706,70.30765,69.9641,64.83314,68.90248,70.5469,79.2001,78.42619,63.81715,65.87892,60.61374,58.89987,61.24485,72.9545,68.21609,64.76859,64.64355,64.43422,62.50458,62.50932,74.06372,70.9316,80.86945,66.67042,71.40425,71.17128,63.80331,63.84982,62.11388,65.18872,62.54124,72.69585,58.83231,74.77399,66.85631,67.14729,72.79117,64.17894,67.39544,61.68265,69.66918,62.3355,65.24278,66.45399,61.93353,87.83365,70.1625,67.74193,64.46898,63.03762,66.58289,68.68778,58.56333,69.75725,70.73841,68.38366,66.37237,66.20175,74.60134,64.19384,63.24157,66.84451,60.1829,79.58567,63.2034,67.61185,67.38149
mol118_pos_col,63.51703,70.75474,64.16046,69.85213,62.84319,66.26666,69.39558,67.30919,71.73964,68.29391,62.62775,68.40816,66.75991,60.98877,70.13724,64.47217,74.88487,60.52166,69.78929,0.0,68.16342,71.88224,68.50927,74.5472,63.70034,74.99066,70.07656,63.07177,68.8077,58.36222,75.64222,66.0279,65.50089,71.88544,68.54032,65.64236,69.21687,66.11825,65.92954,69.16841,71.12146,72.36375,65.08799,66.94197,72.46454,69.52537,70.29282,62.16886,79.28627,67.93856,61.67697,60.67278,57.27622,60.04388,65.14884,62.06475,58.8794,64.52449,61.51568,71.92926,64.1033,60.93125,72.77439,71.54141,68.02916,66.69551,72.28395,70.1251,60.62397,70.24714,62.27147,68.65118,60.96464,66.83763,67.85275,68.97202,69.2536,71.28297,63.01759,69.78734,66.40753,77.04318,63.8327,67.48085,66.51163,57.78725,66.07391,59.75275,67.58771,66.56657,69.7755,64.76443,77.16837,60.34601,69.44223,64.57187,68.21377,84.12,60.10579,67.99355,69.24122,70.38176,78.11661,71.35078,61.87738,64.19057,75.7839,67.3165,71.46895,57.39955,60.2915,65.71941,72.51788,69.21533,59.93054,60.32378,65.88863,64.42503,66.12355,70.15539,67.45967,62.42013,59.86245,62.99177,64.01971,59.63756,62.96878,68.1408,69.65324,65.4258,69.38183,64.91582,59.54299,66.4113,61.71527,53.44572,67.29165,65.26845,54.19379,64.05741,59.34664,64.83335,65.41526,65.57346,65.35402,64.72196,66.19182,64.52488,63.04728,62.36987,69.12002,86.18894,65.73511,62.51337,59.46722,58.65155,62.8856,59.46941,61.36052,63.70038,68.18279,68.20642,62.91848,61.92862,65.80239,61.64645,67.4616,64.76417,57.41051,66.74101,68.90537,58.40752,60.41197
mol119_pos_col,71.87189,78.74071,73.12763,75.27005,73.90548,78.39291,75.11665,67.99751,75.36424,74.23115,75.42414,79.01286,69.52829,70.00078,68.7577,81.07972,80.74941,80.51205,80.81461,68.16342,0.0,82.1654,75.01418,83.19208,72.19323,63.01918,62.92636,69.13261,78.64379,73.20191,77.7705,76.778,64.28431,65.9207,68.86855,83.06073,76.3785,76.21469,67.94609,75.80136,86.07318,89.06061,66.25648,65.28336,78.16669,73.74235,73.51962,64.49446,72.27163,70.16535,67.86654,75.72392,73.12311,76.7034,71.78015,69.99039,74.97464,74.27578,67.1546,79.49078,74.61028,68.93951,71.80431,74.0713,71.13399,72.72492,65.38891,72.73168,70.42252,69.62476,70.0457,64.66137,72.53765,74.24243,72.15259,72.64007,82.58971,70.21489,71.13549,69.73322,69.9561,74.56092,74.24312,69.16239,72.84981,61.98696,70.85527,76.13074,77.44136,73.13616,62.28008,80.6382,71.46476,75.21142,71.87198,70.46683,75.17703,83.94982,68.43644,73.1899,72.6277,80.37321,73.26069,69.8813,62.87908,71.52879,80.50234,75.70624,80.30086,70.03566,67.87625,68.09404,67.28628,69.59651,69.51192,69.65648,74.06849,75.17392,70.15338,71.96668,62.11932,74.60316,70.26711,70.32179,68.31032,68.04718,69.21847,68.47523,70.04901,72.42684,68.23875,66.4894,64.07966,69.70583,66.72819,69.68143,78.08665,67.44777,72.72783,69.41761,71.1737,74.73716,80.21928,71.82424,76.11165,78.45043,69.27374,73.78861,67.49349,73.4768,79.02269,104.64901,72.74738,66.92136,73.34606,74.90764,65.35816,69.07998,65.55056,67.03097,85.17909,84.12713,72.94027,70.99337,65.65079,66.58577,66.12198,70.79951,69.07484,65.98067,77.73584,62.0291,66.18048
mol11_pos_col,68.48921,74.13647,73.96743,68.79917,74.74455,66.91122,66.06994,71.18802,70.78631,63.74105,67.97929,64.45959,70.7495,64.46505,77.25822,66.85501,62.83389,71.08765,67.35253,71.88224,82.1654,0.0,71.98213,83.38011,69.63805,81.37372,73.53598,63.50504,69.85321,66.59963,72.36735,68.58359,71.34609,65.72983,71.64729,66.68594,78.68208,72.17205,65.45904,69.15846,79.86281,70.2064,67.77849,67.13792,72.30063,77.01845,68.76653,62.79999,91.51049,74.67306,63.85365,70.38153,65.89547,69.1878,67.04038,73.12491,71.63334,64.01945,69.86384,68.00223,65.86071,68.48719,77.41156,73.6508,71.49255,74.33102,75.70188,78.691,68.78,67.89133,69.52627,70.99106,68.45097,67.28045,70.88123,72.80536,72.48332,73.31672,68.90148,73.56597,69.24764,67.07672,73.85783,72.07602,72.40959,67.90042,67.70729,68.66167,67.96501,77.53956,71.42917,74.71303,78.47607,64.19855,67.44295,65.14421,71.95069,86.25544,67.1783,66.74875,71.82223,65.68616,77.02255,74.27091,68.41124,73.00058,74.52595,68.33205,62.8759,68.11703,65.45871,73.13425,78.88682,69.97239,67.37034,63.88153,67.88174,65.81683,67.19709,64.35264,74.9504,69.52114,64.58835,66.1648,64.99289,63.49119,73.33232,72.88367,67.7551,67.54499,72.04453,71.10135,65.42054,66.65272,69.2524,70.2515,64.05115,71.16143,68.1186,75.93704,69.84504,62.64325,74.62943,71.23735,73.74162,58.85951,72.37689,67.20433,70.90578,66.43836,71.7432,96.74973,69.03816,67.64614,72.08297,72.14518,71.91205,68.78586,63.46795,68.0983,77.75953,75.40782,68.31918,69.64807,71.34245,67.68158,64.91877,70.77297,63.19399,78.19708,71.01511,68.31946,68.96616
mol120_pos_col,66.24871,63.79622,63.46867,67.30412,73.92907,68.44469,72.43267,64.73589,69.77682,69.12012,59.76454,65.63967,71.96997,70.8644,77.72542,61.85917,74.84668,65.31729,69.13092,68.50927,75.01418,71.98213,0.0,70.49188,63.87999,77.12104,68.52998,70.27497,67.1743,57.32739,76.56914,68.80564,54.59352,69.47355,63.98051,47.08308,63.606,60.10624,66.00952,67.23814,66.60074,68.72961,63.3232,56.69902,75.97498,69.45525,60.66586,66.58678,86.52812,72.0444,58.35303,61.98627,55.75348,58.21704,56.4495,66.35382,56.32785,61.49337,61.66658,66.97065,67.33381,61.43895,73.66898,68.71877,68.04812,65.51172,75.1853,76.93362,62.56094,73.17205,70.83001,75.75521,61.49501,70.19928,66.60449,70.34431,60.04035,73.56521,60.8238,72.57095,68.42668,73.68809,71.27305,68.90308,74.09232,59.63558,61.6986,61.00403,67.1831,74.95582,72.78579,70.26694,78.48495,56.21565,62.92703,62.31979,64.06751,91.3445,66.33903,71.85134,73.53179,66.6924,83.11078,74.47366,67.13263,69.59154,85.68396,69.00143,66.45949,59.47953,59.99655,68.64114,76.52913,73.22086,59.8022,63.27722,65.62856,64.67661,58.03442,66.22266,63.60748,59.85199,66.55432,64.3268,62.84625,58.44301,69.49027,65.42192,73.40091,59.60642,67.55448,63.31045,60.1686,61.56842,49.65888,55.67237,59.6489,65.45071,61.42439,72.03334,57.20165,63.97252,60.89905,52.53865,58.71742,55.65609,58.21281,57.36824,59.89652,51.35092,56.4076,79.26438,66.38503,61.5427,53.73837,57.94068,56.54588,62.23128,53.0329,67.16674,64.23093,63.16321,63.72095,62.46265,67.76511,62.55633,66.93098,60.1121,62.31026,79.37005,60.2058,60.42508,59.36815
mol121_pos_col,78.99143,71.38517,73.78081,77.70554,79.29593,74.20509,79.83431,79.31965,79.05187,67.9629,69.22566,65.42979,68.87243,73.6947,92.46408,65.65964,84.81809,58.49692,72.28611,74.5472,83.19208,83.38011,70.49188,0.0,76.07708,87.75631,74.54432,77.37977,80.86922,64.16741,77.54397,74.17998,68.03194,79.78856,75.84826,65.75335,59.5313,69.37928,72.17523,72.23266,44.77052,53.11602,72.83152,73.4793,91.51169,78.80352,67.18683,80.57619,104.46382,88.48166,69.38764,61.82387,56.49244,68.14803,67.88162,61.48704,52.90288,64.07317,59.74463,73.55762,77.56091,65.79142,91.17072,77.14769,81.07959,77.1698,91.22932,90.18407,69.30105,82.13608,77.59255,90.19827,72.18278,80.08838,73.63379,72.99784,60.33131,79.69549,67.20655,87.53235,87.32813,91.65848,77.59885,74.49295,80.09021,64.99338,70.34362,70.84302,67.89136,83.88997,83.49248,67.96897,93.49179,58.18694,77.07399,69.60398,68.82424,105.31332,75.68434,77.92489,86.46962,71.75703,94.75597,85.87052,75.62195,77.37984,100.8788,76.72108,66.39085,65.87686,69.00597,70.35567,92.82083,89.78256,66.99879,67.72197,65.4817,62.9105,65.44314,85.10337,76.4254,64.43492,72.85925,72.52514,72.65392,75.76263,84.77676,75.51645,86.00481,71.69289,81.26948,78.4854,77.15485,62.98833,59.5399,59.97523,59.29246,80.84342,63.67624,82.96446,53.82799,74.5062,52.46262,69.37472,61.93181,60.38617,65.29313,57.93006,66.66481,73.41344,61.95232,45.7961,66.67361,74.85479,64.59019,56.57019,61.24238,69.67564,59.74868,71.02384,50.29393,46.92269,54.52626,53.53908,86.7755,68.38734,78.34642,66.73084,66.76159,93.51506,62.4364,66.21052,71.65701
mol122_pos_col,63.10239,67.6621,58.39937,71.5325,67.31741,73.69547,72.57104,66.26788,71.05617,63.82697,64.55751,66.66719,66.07341,67.32293,71.43702,61.4029,72.12775,69.39399,69.89971,63.70034,72.19323,69.63805,63.87999,76.07708,0.0,76.39671,70.83591,69.97694,68.21816,59.9249,71.50497,65.07425,57.21997,65.41699,64.40459,66.15932,68.25162,65.5025,62.35346,67.20868,69.7574,69.5282,63.61139,66.46062,76.52883,71.79014,66.7109,68.13391,82.7148,67.7485,61.67037,64.38538,61.36578,61.19657,63.85159,65.41087,63.35156,59.83096,66.64171,72.02788,63.50606,61.18334,72.59199,66.96976,64.52748,66.83497,74.29092,76.86516,61.63357,69.19499,68.07641,70.66004,63.52081,67.41512,64.27993,64.17612,69.20996,71.47676,64.82691,71.80429,66.28362,75.67981,75.36908,68.71233,71.77936,64.69725,56.53359,60.22449,69.66296,68.95902,64.39509,69.3702,72.33536,61.41433,70.55728,62.98976,69.10972,83.83006,62.94688,69.01349,76.45092,65.89812,76.35704,72.59302,61.63831,63.5489,81.0956,63.1199,69.26971,61.04739,63.31705,67.46366,70.97348,67.78615,60.68605,61.98404,67.73971,63.61236,64.8356,67.07466,64.79101,61.19703,64.05333,64.14824,61.24709,61.11701,69.26953,69.69803,73.98419,63.86402,61.57438,65.43599,62.11614,56.63621,61.10032,54.32651,70.09139,55.38914,61.40155,71.54758,65.29598,72.35773,62.82062,64.13087,65.2895,64.91264,56.96609,64.28348,63.521,61.87401,65.56538,86.35256,69.51983,67.30719,59.04312,61.27041,63.35994,65.14259,60.48881,62.22271,71.56116,67.34912,63.31566,62.49118,70.82158,65.69467,64.81075,67.08442,58.70414,68.6531,65.75113,62.68836,59.97939
mol123_pos_col,74.37519,76.39194,71.02078,79.90397,77.21628,82.05086,78.54907,74.86724,75.06839,80.8249,77.07761,78.75149,77.30793,69.84632,76.89387,82.11787,82.07561,86.09662,84.11716,74.99066,63.01918,81.37372,77.12104,87.75631,76.39671,0.0,65.84105,75.24135,75.56859,79.36533,74.18764,82.53375,68.74315,75.97478,72.83491,83.40131,85.44209,84.35104,73.99168,79.11782,96.28632,92.66603,65.71986,76.22674,72.0679,78.6703,79.22935,67.55694,77.31067,67.56255,73.49757,81.37105,80.05315,81.25882,81.28817,78.5315,77.26186,80.70548,76.10712,85.56446,74.34801,72.92022,75.08266,77.66606,73.89323,77.60073,75.95472,73.20372,77.00747,74.67332,71.49335,69.97319,79.45712,75.95201,74.51799,71.49147,88.57767,67.42859,77.61534,70.46867,72.63805,75.06761,77.71048,75.11707,78.88662,75.02889,71.5588,77.35339,80.64556,77.0225,69.78529,82.65612,72.89683,82.46124,77.03353,75.72728,77.24519,81.35639,67.30079,69.59588,76.29757,80.34756,73.84397,71.00042,73.05609,73.15114,80.96799,79.38176,76.45632,69.61174,77.62166,75.93913,71.80049,70.7004,71.57955,68.03154,76.43657,77.84235,78.00478,73.87572,68.16645,81.2773,73.54601,76.15007,71.22692,71.89824,73.61637,66.01041,71.87093,74.18777,75.17714,68.00418,68.46609,73.77663,72.05747,70.97955,80.61004,68.59797,77.01794,63.88799,68.32372,77.02551,85.89924,79.63503,79.31658,80.04258,70.86031,76.04553,70.26555,74.60335,84.28958,108.63816,77.32677,69.47626,74.31804,81.78869,76.98571,75.26614,68.29703,74.27205,93.39659,89.01925,70.21285,75.11508,69.89433,70.41175,68.78011,73.52896,72.59301,75.94706,82.53101,66.10095,70.87815
mol124_pos_col,66.47876,71.30544,64.4194,69.477,72.54774,73.24065,72.44367,68.6994,68.14838,66.89191,68.64036,69.4213,69.1162,64.29662,70.42172,70.44738,78.9376,72.52477,74.69608,70.07656,62.92636,73.53598,68.52998,74.54432,70.83591,65.84105,0.0,72.00977,75.68251,68.14584,72.776,73.36138,61.81739,69.19995,69.76332,76.41472,74.75001,69.29601,70.10014,67.84046,77.93901,78.92446,61.50068,68.85122,69.42392,75.70318,73.37584,71.54835,79.27379,68.17133,62.45084,62.35897,67.89208,64.82492,72.32676,65.57479,70.79685,70.05402,62.19023,71.55988,64.57229,59.16908,71.61383,69.17032,68.43654,67.29841,71.66406,70.53593,59.8629,69.68156,68.75198,71.71036,64.66608,67.7889,70.51434,69.18317,75.93648,66.7714,66.49039,65.38452,68.9957,75.703,69.13059,70.95862,69.5594,65.93398,67.28102,64.32057,69.27379,70.10266,67.759,73.802,68.11907,65.79642,70.11641,68.19002,72.59108,84.67009,64.14624,67.44645,69.25325,69.64563,76.77049,73.67088,62.71422,66.28016,81.69677,74.76461,69.55974,65.30153,64.53043,69.47804,75.0844,70.91043,65.32985,61.61554,64.75534,64.8113,69.39616,65.7384,66.31687,68.26022,68.07938,64.96979,61.68642,67.66107,70.87297,69.30777,69.55554,69.19456,59.86094,61.01498,68.20183,67.16883,69.31615,63.0638,71.91758,65.31272,65.86427,58.2304,61.3601,63.21921,72.04048,62.89908,65.53128,73.63328,66.48696,68.48458,66.99616,68.48259,73.1817,91.5457,68.65039,67.16167,58.45543,62.96794,68.34905,69.24154,62.05255,64.94113,79.018,76.70291,64.48355,62.36343,71.70509,60.26476,67.74713,69.68422,61.8242,73.32973,71.96009,60.77781,69.22317
mol125_pos_col,64.43479,71.94532,71.60497,72.96967,63.89288,63.53703,65.5152,66.48012,64.17167,57.4267,62.33856,62.91976,66.25603,58.96821,70.81782,69.31085,72.7359,67.48128,69.10455,63.07177,69.13261,63.50504,70.27497,77.37977,69.97694,75.24135,72.00977,0.0,73.11827,64.29844,74.51364,71.2807,64.902,67.47632,63.43637,69.36634,67.84622,69.94868,68.19509,66.83878,72.40017,73.50579,66.32753,62.56563,64.02563,71.90808,62.4139,62.02018,80.70384,69.42849,59.54142,62.27486,63.95368,67.31287,66.6851,65.15815,61.26264,65.50437,63.13707,69.27428,61.013,61.70756,67.85578,69.93674,65.19988,68.1547,74.75696,70.86916,65.58801,66.14162,62.79751,70.29943,63.63892,63.78285,65.36629,64.07282,69.43382,67.53003,59.02542,69.80861,65.85202,65.58043,66.28171,65.01557,67.65164,64.59043,62.82317,68.32156,62.88185,70.6092,70.10652,70.76134,75.27147,68.07673,70.42731,66.16765,63.80489,87.40762,60.43211,64.80395,72.34842,68.12119,73.93647,72.9628,62.92752,69.75342,80.73998,63.57643,66.82017,62.27398,61.17281,63.79282,74.82091,71.26412,62.03904,61.76555,64.24007,63.50624,60.35938,69.9406,64.31252,64.39142,65.82996,57.63213,68.85212,58.82404,71.48633,66.40032,73.88685,64.56092,71.11527,63.95927,64.81826,67.19852,65.87939,64.77199,72.23189,70.71871,61.33329,67.25129,65.59501,66.23611,69.12459,66.22108,63.28694,67.14621,65.42025,67.08106,64.99127,63.4389,69.27248,84.84879,68.51022,60.02578,68.68103,64.26642,65.50711,65.33019,59.71372,68.05038,72.856,71.35845,62.63492,64.07065,66.34749,58.56761,68.16988,63.17666,62.73221,77.20046,67.68588,60.44966,67.90799
mol126_pos_col,67.13193,75.19455,75.62354,74.4029,72.53115,74.02411,71.589,70.89863,72.44172,68.55284,72.6066,73.10337,75.78279,71.43202,76.61686,70.0946,69.1904,74.93794,75.91566,68.8077,78.64379,69.85321,67.1743,80.86922,68.21816,75.56859,75.68251,73.11827,0.0,65.7142,56.83684,68.26212,65.22939,64.58921,65.13429,73.10645,77.17056,73.73923,73.77093,74.0243,83.72495,81.68562,65.59736,69.47674,78.25739,74.02027,71.03258,61.64988,80.69051,68.12711,72.90844,71.09322,67.30647,72.54458,75.27099,74.58616,69.67678,65.10075,75.3153,79.21134,68.55134,74.93488,74.57182,69.3919,63.68086,68.70017,68.98884,77.53611,70.07103,69.01712,66.88472,70.11257,66.95038,67.58153,76.22323,74.66775,78.58325,70.24432,70.35979,71.42142,70.37507,75.07101,73.52977,72.98104,74.53424,68.49333,64.86207,65.97902,69.91869,69.09762,75.80431,71.82209,72.80255,67.83037,72.37407,70.81223,70.5056,86.07887,63.89584,70.41405,73.43596,69.62004,79.31749,65.18914,68.57285,68.00829,74.83865,65.60509,73.89172,69.62227,64.26412,67.87419,73.58205,64.1896,63.24653,62.4893,68.61547,67.29138,72.93335,70.95561,61.32888,64.78485,64.49984,63.09944,64.43858,63.97571,69.36362,63.57386,70.30862,62.01936,65.46373,69.20385,64.05399,70.49615,71.48151,63.86201,76.42572,66.13351,59.90429,75.21306,68.66609,70.27153,75.97409,68.30636,74.17647,66.76762,73.12862,71.05968,69.25985,62.23401,74.37169,98.99282,77.71333,62.43915,68.58359,62.03813,72.95481,67.74002,55.25987,64.17733,84.28206,77.2947,66.88518,63.64525,67.82183,63.03666,70.23843,67.46197,63.87328,68.65606,72.64458,60.07547,65.1621
mol127_pos_col,59.99722,64.85046,66.00098,67.78068,64.94909,67.99399,67.58897,51.92273,62.61481,58.86063,59.46135,60.0637,62.8125,65.17904,72.29271,45.35679,70.65026,58.76633,62.451,58.36222,73.20191,66.59963,57.32739,64.16741,59.9249,79.36533,68.14584,64.29844,65.7142,0.0,68.79685,60.80183,55.40459,64.52294,62.53467,58.13765,64.71482,53.95285,58.75585,56.41648,65.71637,64.81805,64.11406,59.91057,73.46711,66.20188,62.50929,65.46061,78.65605,65.5673,61.19401,48.91916,57.42888,54.95238,63.73619,52.90209,56.5822,59.87374,59.11818,69.59435,60.2624,57.08996,72.19156,62.9707,63.61966,63.86301,65.79079,69.24148,50.67573,65.19835,64.02294,68.27738,57.91,56.76854,63.62159,65.74387,58.59145,66.01641,63.59963,65.14364,65.75896,74.931,60.18409,62.90057,64.46216,54.02167,60.27285,57.91106,60.26605,63.9006,67.9898,62.97308,79.14903,57.73477,65.58813,59.53017,60.25546,89.97906,62.01694,65.28678,70.23242,59.36359,74.0746,69.78892,58.94694,62.12739,77.17339,59.55137,63.12676,53.5069,50.83437,66.80067,66.30952,63.15351,50.82248,57.66846,60.54877,51.27028,55.53357,59.11356,62.99117,47.7947,52.16333,60.16053,53.23893,46.82295,53.4121,58.59338,61.40551,58.64878,57.59537,54.00228,58.98801,53.82529,55.29852,48.3851,59.23885,64.15302,44.53885,69.36511,48.29016,58.28089,56.3096,53.55126,59.27077,52.51322,59.71816,56.41723,60.15123,56.47956,57.14066,77.75209,56.78232,51.89916,53.76787,49.56662,57.77466,58.53046,46.10514,57.92225,58.48315,60.30416,59.8804,48.83058,64.11684,53.67159,57.56774,63.62459,54.07852,68.93532,58.44449,53.50429,56.91717
mol128_pos_col,61.42261,75.43555,72.47936,71.08557,72.05037,76.34428,68.50863,69.50528,72.45863,73.28367,71.00695,74.03195,69.84404,65.91669,71.45964,71.84338,65.53735,74.06266,77.19299,75.64222,77.7705,72.36735,76.56914,77.54397,71.50497,74.18764,72.776,74.51364,56.83684,68.79685,0.0,70.41764,67.07928,70.75066,71.20936,78.76964,79.15125,68.03852,72.38794,71.86966,83.79864,76.96697,69.8411,69.15536,74.56192,74.04062,66.93752,71.56035,73.90235,70.76425,69.38416,70.02349,70.05494,74.86897,72.66279,69.23979,69.76793,66.96752,69.98128,77.07597,70.48505,70.87705,70.95738,68.16684,67.20421,72.32963,68.88199,74.4149,69.33159,65.23074,64.40198,69.77212,71.68172,68.7248,73.43749,72.23305,73.36499,69.82931,69.04763,71.1847,68.28676,72.73406,65.8177,70.95834,69.00581,68.02932,66.17394,67.60864,71.35764,74.79298,72.76556,72.81176,68.42087,72.83517,74.40002,69.22488,74.327,78.0903,66.98165,69.83069,76.64956,66.45624,75.7202,68.14324,67.59385,69.86583,78.3316,61.49117,69.33977,66.74416,64.24719,69.42706,77.11743,71.73981,63.06382,55.54963,67.61218,70.06678,71.41891,72.16709,66.63878,72.85421,68.39817,67.76546,64.43443,66.56547,72.29744,64.09339,71.64708,65.25698,64.46383,63.71996,70.37828,71.17217,71.24652,64.67115,77.33749,67.09367,66.18467,66.88652,67.21519,68.45592,76.89176,69.87101,70.40393,73.7144,73.23488,70.98014,66.051,69.41756,70.87786,97.60538,72.15324,63.96498,68.13578,64.48923,70.13122,70.74512,63.54844,67.99941,85.79341,77.97241,64.87424,64.02185,71.61578,67.03206,67.62598,66.54472,61.50408,71.69221,72.84784,62.86473,66.6251
mol129_pos_col,67.6192,75.97516,67.31754,70.36346,61.17435,72.01295,66.71962,70.34578,72.13383,67.28004,64.12874,69.77,70.42917,68.89709,78.73255,67.50133,76.06983,64.47891,72.33128,66.0279,76.778,68.58359,68.80564,74.17998,65.07425,82.53375,73.36138,71.2807,68.26212,60.80183,70.41764,0.0,63.72545,64.74616,67.35512,65.39333,68.97551,65.63537,66.96525,69.12967,73.42968,70.13163,67.45615,64.64371,76.18656,80.05833,66.06274,70.85525,83.85385,72.89776,65.81979,62.31034,63.73968,60.24272,64.31726,65.25781,65.39364,67.01474,65.00286,76.41604,68.02402,66.49232,79.02693,71.48274,66.32886,71.24313,75.85568,81.32125,60.54339,72.32902,70.4738,76.47507,61.97357,71.60681,68.91248,64.81649,68.01265,78.98574,67.01182,74.69644,72.67306,71.81667,69.73307,68.43275,66.01089,66.7466,66.12405,60.62406,61.67628,70.84142,73.10622,57.78768,76.84044,66.59611,74.0353,65.91198,53.36405,86.22987,65.2249,72.24693,75.59902,65.95217,75.51888,70.50535,60.98542,74.10854,81.04627,68.90145,63.22251,65.441,64.54418,70.94548,80.39761,72.27656,64.38911,58.19883,69.73342,61.60106,64.9185,67.48602,68.17956,63.55551,68.85105,63.70474,67.35734,66.12832,71.61296,77.7496,77.18562,67.66967,66.88092,66.78656,73.71348,65.0215,63.87212,60.36308,70.96445,69.55137,60.36958,73.4695,59.97868,59.08447,59.11537,72.50955,69.87178,60.21352,70.2567,72.97183,66.28041,67.75149,66.55288,87.06093,66.98488,65.68365,61.97633,66.10349,68.97942,63.16939,63.45201,68.35182,65.66001,67.20717,58.29347,60.2641,74.5014,61.61933,71.54649,68.11272,64.73439,75.41492,68.1546,61.00581,66.77791
mol12_pos_col,62.18494,67.71842,64.06421,64.74829,65.09212,64.38635,67.52096,62.28981,64.82274,64.68366,62.13544,60.07571,62.5887,65.81304,71.84135,64.85546,66.31173,67.96579,62.80355,65.50089,64.28431,71.34609,54.59352,68.03194,57.21997,68.74315,61.81739,64.902,65.22939,55.40459,67.07928,63.72545,0.0,63.58522,56.38544,59.46274,68.13501,57.81053,56.50429,63.03718,66.91517,73.87802,54.26953,53.85114,72.29052,61.80541,61.82123,66.75459,77.9102,69.33922,62.75283,64.54999,55.49558,63.63726,60.648,61.36051,57.46275,61.56519,60.07235,68.1203,61.08225,61.63785,71.35707,61.91416,62.71243,65.49701,69.32875,75.20424,57.82737,65.36964,66.71246,69.70326,59.48701,58.24944,62.61068,64.28776,66.18226,67.7329,59.01189,66.26906,64.55834,70.24342,64.11443,63.06089,69.40177,59.77146,57.67383,61.7843,58.53723,65.59235,66.15956,67.1004,70.9382,64.12359,59.83332,61.16817,66.40178,83.82553,61.64324,65.83767,68.86888,66.55436,77.72403,69.18269,56.38512,61.81573,79.05553,67.40965,56.41186,52.71744,61.98889,64.46566,74.35127,65.6517,53.40535,57.41222,61.47055,61.30498,61.59585,65.82154,60.12411,63.25793,58.68969,58.50432,60.32562,59.72245,64.64725,66.0165,68.52452,63.44249,62.11094,61.36652,64.87653,56.14579,53.04752,52.12119,60.39448,64.33499,54.71942,66.64694,58.65685,65.29195,63.47954,59.20099,61.33708,62.58701,59.23519,59.9838,54.40308,57.26758,64.76176,81.08183,62.7365,60.68962,58.32221,59.68228,56.15411,64.75201,53.7568,60.49922,67.05863,67.94192,59.32233,57.27597,67.18262,60.76444,63.17494,63.10148,56.88286,70.04106,63.48972,52.65746,59.5185
mol130_pos_col,58.41375,69.94368,66.91636,69.50958,70.0245,64.73593,64.61578,64.36125,72.71657,63.01055,66.05696,66.98689,63.64791,68.24527,71.36535,67.2975,65.39423,71.27987,69.34027,71.88544,65.9207,65.72983,69.47355,79.78856,65.41699,75.97478,69.19995,67.47632,64.58921,64.52294,70.75066,64.74616,63.58522,0.0,74.77719,77.57384,73.5039,67.88086,66.61796,69.70097,75.67199,77.31645,66.27072,66.27566,68.54817,65.72616,61.59649,64.11129,76.51975,66.16293,58.65432,63.51018,62.37628,67.63206,67.37553,70.6012,67.06205,56.52655,68.15353,72.89519,62.76066,66.63992,74.09321,68.45735,67.982,71.60719,68.28012,76.78015,58.94515,64.1245,58.61342,69.85302,67.65585,71.99783,62.39464,70.2552,68.57792,70.46843,65.71711,63.17132,66.43944,65.81086,69.94462,65.89369,68.88588,67.78786,63.86626,58.25255,63.131,71.01036,69.09692,60.92921,69.19931,54.28396,62.32417,60.0557,65.68584,81.53568,66.11383,64.99308,68.55066,69.11421,73.97478,71.65856,61.04921,67.32787,80.84997,63.61085,65.99844,68.71198,58.683,60.6811,74.93726,67.18781,66.03025,52.66305,62.84091,62.14962,66.27828,64.49677,67.21734,59.51851,62.21971,58.95489,57.40947,68.96928,69.50843,64.13112,76.50367,62.33933,71.24581,62.52221,67.86151,66.8249,66.66579,63.7279,66.85496,65.92573,67.37434,67.52452,59.9864,66.50307,68.03922,67.52922,65.22233,67.2445,62.19438,68.07141,67.06089,69.08867,66.37666,90.91969,70.25834,59.45078,68.84797,65.08483,66.84899,66.97327,58.15342,66.28773,77.36245,74.33705,59.36574,56.83185,70.48595,63.7728,58.90956,64.5526,63.20267,77.19271,65.15042,61.92778,64.51
mol131_pos_col,60.54188,73.08318,71.80894,69.06326,70.73743,69.29702,70.80989,66.66642,71.2044,67.28138,66.37207,68.27357,69.16844,70.90509,72.84514,65.8836,74.94734,69.96675,73.16852,68.54032,68.86855,71.64729,63.98051,75.84826,64.40459,72.83491,69.76332,63.43637,65.13429,62.53467,71.20936,67.35512,56.38544,74.77719,0.0,59.74185,65.07541,66.21167,66.89705,64.50276,74.37282,72.91065,62.92992,61.90254,70.8096,74.58309,65.73543,66.88184,81.73978,68.58102,64.41631,65.79746,65.11252,67.62981,67.29658,67.92652,59.54866,62.71372,66.62626,72.70905,65.72415,65.5783,69.16683,68.31963,62.84251,61.20964,73.00455,67.30929,66.5231,67.46575,64.97656,65.77881,56.76427,62.16832,70.67357,65.57876,67.11979,71.5894,66.19028,71.63415,70.55326,69.98838,67.17522,68.57742,70.86725,62.03491,62.18921,70.07934,60.5991,70.1371,72.59022,66.7744,73.06981,67.6442,64.23214,66.17785,70.27969,79.42254,66.14344,70.70231,71.09921,69.02965,76.15179,69.83001,58.80304,68.57765,79.24482,65.15157,63.77596,57.94221,60.71665,68.83799,78.74542,66.85803,53.25159,65.78612,70.49474,62.20282,64.23053,70.35809,60.42682,65.62957,63.89455,63.2817,62.30812,59.78476,69.50823,65.91932,65.22503,67.93249,62.04981,63.29167,63.79823,61.49102,66.3268,63.78449,70.08314,66.18887,58.18795,70.16094,61.43397,68.0488,66.50216,60.63755,65.71026,66.56503,64.79478,68.38308,64.60749,63.02589,64.6,90.50185,70.02375,62.84156,62.85797,64.31928,66.57203,69.52916,57.87709,58.27512,77.01724,69.57214,60.87076,66.70067,65.06511,60.17189,67.03564,66.55222,58.52908,75.53838,69.43625,58.75438,64.62806
mol132_pos_col,69.57826,68.27357,69.68569,72.34331,69.78558,67.44784,69.17299,65.98331,68.43456,59.53227,61.8509,63.81237,64.9599,70.39337,81.15089,62.03252,73.24061,63.18129,68.33029,65.64236,83.06073,66.68594,47.08308,65.75335,66.15932,83.40131,76.41472,69.36634,73.10645,58.13765,78.76964,65.39333,59.46274,77.57384,59.74185,0.0,65.42577,62.148,67.15904,68.33059,66.05286,59.65143,65.36243,56.97876,78.01596,79.10609,61.94501,69.21247,91.56449,74.21835,65.27263,63.76236,59.77574,57.90969,61.17358,65.10328,58.64869,60.39941,65.88651,70.70955,63.61665,66.68464,81.82751,73.60156,73.57684,75.12074,76.48345,85.52199,64.09095,69.83244,73.15999,73.51147,62.02951,71.05442,65.99655,61.65902,64.70353,78.86547,63.51019,79.63441,72.96907,77.94749,68.1208,69.43021,77.0776,59.84679,63.53083,66.35798,66.64592,78.77287,75.92947,66.38653,85.06213,57.04387,62.10556,63.30859,55.48627,94.3658,68.04808,67.69295,75.846,67.70783,85.6497,70.32861,70.33251,70.57631,90.26165,69.52761,64.2511,64.04506,62.04765,72.58706,81.25601,75.53309,52.15874,66.33788,68.64526,60.03725,62.70444,73.26789,68.78095,60.2812,66.80401,67.37868,63.85756,60.15632,72.74463,69.05478,77.9869,64.14185,64.98931,71.61801,69.902,64.43421,57.94419,60.73652,60.97551,70.23697,59.71099,77.37343,58.54279,66.63543,57.87559,61.24664,63.39924,56.49291,65.38314,68.57276,60.93279,56.7637,59.14974,74.23725,66.46217,71.85476,59.50142,59.36888,59.56864,70.75826,60.48501,64.09302,59.53481,60.00863,60.56528,61.8622,73.72859,66.139,71.55525,66.60408,60.05139,82.83773,63.33092,65.3741,64.6613
mol133_pos_col,73.67699,70.00149,64.69045,72.35969,77.41811,71.89937,74.47978,75.44757,76.81654,61.43012,66.45282,66.38042,72.87297,70.81482,75.92382,66.77856,78.16657,58.9783,70.03067,69.21687,76.3785,78.68208,63.606,59.5313,68.25162,85.44209,74.75001,67.84622,77.17056,64.71482,79.15125,68.97551,68.13501,73.5039,65.07541,65.42577,0.0,65.85493,65.16488,67.35788,55.89422,58.81839,65.12896,72.12845,79.45316,75.95284,65.81555,73.9268,94.02107,79.25439,56.33673,64.61982,56.44323,60.97066,61.04705,57.68393,52.26374,63.91422,65.3942,71.80707,68.13489,59.79,77.12738,70.83952,75.18275,67.21652,83.80282,80.05943,64.16024,75.87413,69.49709,77.42608,66.41697,79.0114,61.31654,63.6285,59.27605,76.6858,63.88847,70.79648,75.16264,76.32294,74.03558,67.36461,69.28784,63.50788,66.88552,66.23784,66.32765,83.30231,78.46348,65.93444,84.50941,64.48966,72.03757,67.60134,62.25259,97.91303,72.52702,74.39099,82.3382,66.82259,85.26926,83.23711,71.14472,71.47586,93.14882,71.48297,64.11508,61.74103,60.56493,65.72758,85.20374,80.03416,68.08569,65.44741,63.9745,62.57006,65.47042,72.45627,68.35018,63.29253,75.52021,64.46379,66.93299,67.7315,83.22714,74.84054,83.64993,70.0054,72.16174,67.7592,67.57376,64.09629,59.63914,60.38479,60.67942,76.17024,60.47093,76.81381,57.63076,72.28915,50.23671,64.88534,56.72177,66.48567,63.38344,65.28892,65.60021,64.17686,60.15498,64.29417,67.61205,63.04748,63.45216,64.71527,53.48417,66.11996,66.58545,68.92118,55.8268,57.82674,60.12116,63.3971,77.99852,62.9028,74.20699,60.47836,60.9109,79.30551,66.61706,65.00075,70.87352
mol134_pos_col,64.5073,65.73235,64.88978,64.21027,70.32284,67.43275,65.24215,68.8529,69.52814,64.10937,61.63119,63.72997,59.37317,70.47504,77.16692,62.03244,72.65908,60.54747,58.97916,66.11825,76.21469,72.17205,60.10624,69.37928,65.5025,84.35104,69.29601,69.94868,73.73923,53.95285,68.03852,65.63537,57.81053,67.88086,66.21167,62.148,65.85493,0.0,57.93492,59.7984,61.19858,66.86591,65.89322,64.99735,70.66207,71.31742,66.87142,69.21325,84.18113,73.02957,59.99101,60.76302,57.30993,62.96282,62.76806,59.85745,62.84137,57.66446,60.44495,69.89571,63.56856,57.68527,76.42223,68.09485,69.16036,62.77004,73.35869,79.56855,59.95048,66.88682,69.04763,73.00682,59.87946,70.27136,65.78935,67.80889,60.15481,75.78034,64.74922,73.51999,64.16804,71.94214,68.6451,66.39854,66.33563,61.15517,62.92819,61.03165,62.7735,75.32329,74.05735,65.44523,80.67434,59.6099,62.39383,65.28554,61.94349,88.7388,67.52211,65.70178,75.5022,66.02601,80.36065,69.24576,68.99567,71.22817,84.7269,67.30043,64.09471,60.64498,66.84346,66.48559,78.06311,77.87204,58.47717,65.14107,55.61755,61.9209,60.35357,70.53374,67.53837,59.44681,70.62029,60.38828,64.78478,60.17519,73.09675,72.39726,75.49657,62.99702,62.67468,67.89613,69.60845,60.98513,59.7019,59.63422,60.78979,69.18542,52.13123,75.5302,58.60979,62.10997,59.1549,60.74301,61.23306,62.38662,66.12033,64.25204,60.39539,61.40815,61.81397,78.85843,68.53946,67.81323,62.9184,61.47148,59.69248,68.25141,52.00106,67.11895,64.82642,63.11022,61.61995,55.55917,76.1077,63.86,67.76982,60.22066,58.833,79.81688,60.10246,61.60445,61.78767
mol135_pos_col,64.45458,71.58632,61.92235,65.5367,71.37584,71.51946,68.37879,61.16864,66.58693,68.08292,63.90777,64.26095,65.03478,66.46412,70.93494,64.26623,70.16115,66.80089,66.18997,65.92954,67.94609,65.45904,66.00952,72.17523,62.35346,73.99168,70.10014,68.19509,73.77093,58.75585,72.38794,66.96525,56.50429,66.61796,66.89705,67.15904,65.16488,57.93492,0.0,62.25608,70.67623,70.07675,56.64062,67.30305,74.96622,72.13449,62.31814,65.78342,82.1378,70.30589,58.06428,64.28914,59.4637,63.59939,61.6006,59.12045,57.90815,53.04316,59.11461,67.3709,66.16545,60.21281,75.21917,61.61916,60.96855,64.66856,68.06295,79.42912,62.16769,64.94194,68.94238,70.66135,62.50853,67.56852,59.86993,64.62551,62.03009,69.00674,58.58822,68.35215,71.3759,71.92717,71.19927,66.30573,67.33341,48.79878,63.47941,63.40365,65.3118,72.20067,72.23856,65.85021,75.12551,63.06103,66.50663,62.62408,60.53918,79.51235,63.6603,64.83551,74.49421,62.09832,78.53264,70.43462,65.38175,66.38455,79.31551,68.19255,64.03268,59.66733,60.46097,58.47277,73.55355,68.43948,58.53237,62.38396,57.14559,58.28621,63.30144,66.89616,54.24088,63.30359,64.63558,62.66426,58.59612,59.14342,71.97246,65.0114,70.33352,56.88088,66.90488,65.23489,64.21967,60.33949,52.69894,58.84163,61.76071,62.67076,58.94294,70.62379,56.34237,64.6298,57.52125,62.45521,53.42755,61.05809,60.18129,61.07232,59.27535,58.41818,60.71836,88.15492,65.91624,59.60059,61.90548,64.8967,54.19742,53.35035,55.36227,58.25855,69.83661,68.1864,61.82224,61.81259,70.56604,63.37164,66.35991,60.55134,55.95872,65.01114,65.29834,61.23302,59.24517
mol136_pos_col,64.61558,69.77332,65.36441,74.61963,70.27309,70.61837,71.877,66.57094,62.20625,64.01784,60.59146,60.15007,62.44519,72.44932,74.68102,63.38124,73.71854,64.00296,70.52084,69.16841,75.80136,69.15846,67.23814,72.23266,67.20868,79.11782,67.84046,66.83878,74.0243,56.41648,71.86966,69.12967,63.03718,69.70097,64.50276,68.33059,67.35788,59.7984,62.25608,0.0,68.7024,70.36407,68.13609,63.08065,69.35266,72.7407,64.3586,66.46965,84.02038,70.28329,60.6369,64.81704,55.76379,66.15341,63.83807,59.64967,61.49709,63.8665,60.93191,70.06247,65.05846,58.90784,71.21822,69.39044,63.6238,69.80388,74.08504,77.91713,59.484,67.81731,71.82492,73.73621,64.69265,62.37169,66.6809,64.42616,61.15612,72.57269,63.48704,71.88446,71.52622,73.98299,70.81857,65.55413,66.27335,60.15779,64.05591,67.4484,64.33706,75.90081,74.37643,66.50027,73.03921,65.82298,68.85111,68.97923,61.00165,86.53938,67.02863,70.52914,76.48156,68.9503,78.76656,73.30074,66.01124,71.64102,80.3591,67.79178,62.97267,66.06174,66.69522,70.77017,77.19042,71.27474,60.17315,65.21564,62.43364,66.21303,61.81788,67.88012,64.87009,60.58292,68.79115,69.04368,59.93811,58.39,68.21425,71.57543,71.33198,66.23081,62.80785,62.75258,68.6063,56.50733,58.92076,61.93222,67.27746,68.99426,53.28988,72.91305,60.66473,67.23849,60.97863,60.77673,64.92912,66.18687,62.96612,61.70065,62.66316,62.33688,60.92657,85.1642,68.25379,65.32226,61.90002,59.84153,59.82678,65.26984,62.2576,63.61852,71.11985,64.14703,63.91714,61.59838,67.6514,66.96007,69.35613,62.02912,61.40428,77.3115,64.64541,63.78869,69.91291
mol137_pos_col,72.13614,70.27455,73.46403,72.95992,77.83131,76.17777,72.57141,78.41431,77.2779,66.71587,69.59033,65.43626,72.83228,70.47797,87.24608,61.89171,81.67985,54.35514,75.02726,71.12146,86.07318,79.86281,66.60074,44.77052,69.7574,96.28632,77.93901,72.40017,83.72495,65.71637,83.79864,73.42968,66.91517,75.67199,74.37282,66.05286,55.89422,61.19858,70.67623,68.7024,0.0,45.40468,72.6143,70.85499,83.12854,74.63538,68.16434,75.55047,99.06218,85.79451,64.6964,59.97526,56.20605,65.31123,66.93348,58.92837,53.98529,58.22899,62.62979,71.49657,72.28465,61.33215,89.85965,77.45646,80.60694,73.43714,87.33044,88.75639,67.42588,78.04864,77.26281,85.34398,70.4048,79.42705,65.67207,69.26135,57.62498,83.40646,68.92567,82.16314,81.4802,87.56321,74.16163,72.09606,75.39598,64.81502,69.07736,63.52316,61.01081,82.65618,82.86676,64.5145,89.49279,64.26584,70.41574,65.98954,66.5177,103.52451,73.46461,79.39175,85.0009,69.59285,94.36194,88.34541,73.45773,76.25317,95.47543,71.40818,62.86046,64.00603,65.90451,72.82491,90.8015,87.60988,65.69848,67.16816,62.04006,62.6752,63.28907,78.40486,77.69906,64.92841,72.8119,69.77158,67.95918,68.20524,83.12771,75.68653,88.57893,69.89963,73.51942,77.64917,79.57114,62.47294,67.11785,61.1695,57.50188,78.66144,66.22135,86.0806,60.03996,75.45265,54.74624,67.37002,64.13984,60.8509,65.21709,66.50499,72.55506,67.78877,59.37806,48.77823,70.9283,72.25533,64.70699,63.97462,61.4793,69.92597,66.17213,74.24413,49.32408,43.67077,58.167,58.90914,84.364,71.00433,81.12291,65.17891,63.36436,88.1599,62.31216,73.71384,70.05023
mol138_pos_col,71.63152,67.06042,66.33237,69.2693,78.05517,67.3824,72.63703,79.21491,73.88146,64.90707,66.31407,66.24504,68.82541,70.40309,83.15774,65.48735,80.2873,53.88494,76.56648,72.36375,89.06061,70.2064,68.72961,53.11602,69.5282,92.66603,78.92446,73.50579,81.68562,64.81805,76.96697,70.13163,73.87802,77.31645,72.91065,59.65143,58.81839,66.86591,70.07675,70.36407,45.40468,0.0,74.67598,74.89147,84.43007,74.98257,60.11879,71.60494,96.2858,73.85825,60.2367,60.99214,52.03277,61.79773,63.18503,56.36202,51.45787,57.60543,56.29089,71.71493,62.29571,63.09606,85.37397,75.52416,78.38715,70.97433,84.08414,82.61732,67.25406,75.24238,70.71416,80.97696,68.25849,65.83297,65.91594,67.65487,55.92915,79.94184,60.78986,80.41826,75.51744,80.58813,74.91717,64.97029,72.11416,60.65316,65.66134,68.0239,65.12656,83.20043,77.91683,61.39489,89.99503,56.19562,69.9071,70.78464,62.02759,102.93292,72.64026,72.80911,76.80476,65.5806,88.63005,81.01838,72.95497,72.08379,95.2929,67.45394,62.69458,67.03448,65.62738,70.86259,85.27117,86.29577,63.71265,64.10945,66.3735,63.39185,70.67491,71.46953,74.6706,58.74388,71.43085,68.43122,71.59238,68.69992,76.73465,74.70874,85.31034,70.72685,75.44219,73.15851,74.37379,65.11414,63.6569,61.1989,58.31313,78.96073,61.70853,83.48628,61.39675,66.49633,55.40773,68.84727,64.77541,58.94781,67.10107,64.37794,68.4146,66.04467,62.35288,58.51664,68.82109,70.05822,66.43198,61.69606,64.75142,71.49759,65.54184,69.93872,46.89924,44.68243,58.5803,63.81404,81.05819,64.93517,77.08067,61.76021,58.10165,84.46626,60.44543,65.70376,73.25658
mol139_pos_col,55.76095,66.65311,57.422,69.78701,70.27423,70.23641,67.74059,64.60779,66.55926,66.62861,60.42947,60.14992,65.67029,62.22597,66.99998,64.76233,71.92252,72.53368,65.69839,65.08799,66.25648,67.77849,63.3232,72.83152,63.61139,65.71986,61.50068,66.32753,65.59736,64.11406,69.8411,67.45615,54.26953,66.27072,62.92992,65.36243,65.12896,65.89322,56.64062,68.13609,72.6143,74.67598,0.0,64.28549,69.69349,72.35245,67.97093,61.47013,78.463,63.17526,59.57521,65.40617,61.86656,56.07613,65.37451,62.06321,61.7278,59.85014,61.94016,71.63459,62.2078,59.85098,73.51284,61.83857,56.65578,65.18534,67.14708,70.1086,63.63289,66.8749,62.422,65.85731,59.25197,65.96354,66.34881,66.17596,69.42644,60.74419,66.06415,67.40283,61.34525,71.96223,69.16466,64.80434,69.42088,54.22585,59.55104,61.40144,65.72505,68.01429,62.32455,66.10002,69.08213,58.02925,67.54939,59.07722,67.59913,80.42963,59.26076,62.71855,66.84949,65.91777,74.68173,65.99796,58.31276,59.23271,78.27782,63.32545,64.86163,54.09888,59.24103,61.82999,64.17699,64.60809,56.06361,56.55411,53.35045,62.31852,64.23037,59.6543,59.76352,61.37803,56.55796,59.09432,55.2088,57.12293,66.84068,58.5997,64.89132,59.88338,62.4134,58.19162,53.69314,61.02704,52.16896,54.83938,60.37179,60.73,62.63224,64.43578,59.87988,68.11202,56.6369,57.59055,62.93771,63.29439,53.1395,61.91085,57.77421,57.6057,64.44629,83.62112,66.85999,59.62314,52.94528,61.66875,60.34384,64.12718,50.72005,55.96624,72.62824,67.22556,58.17272,62.01889,67.66585,51.90742,63.04377,62.16352,53.46099,68.25413,62.74573,48.15174,58.26288
mol13_pos_col,63.29899,70.77555,70.59776,68.92595,67.31867,62.33412,65.88042,62.7381,68.03397,59.63492,64.60055,63.75469,68.34184,65.75676,75.46804,63.98924,65.49098,69.70794,68.09133,66.94197,65.28336,67.13792,56.69902,73.4793,66.46062,76.22674,68.85122,62.56563,69.47674,59.91057,69.15536,64.64371,53.85114,66.27566,61.90254,56.97876,72.12845,64.99735,67.30305,63.08065,70.85499,74.89147,64.28549,0.0,73.77983,70.3338,67.34395,70.16433,78.32109,71.40869,64.26074,62.07504,64.72128,63.79419,62.20499,67.67421,59.0045,67.21202,62.99923,67.95131,69.4152,67.16537,70.68324,65.33928,65.92386,67.13218,69.02446,73.42308,60.89575,64.78722,64.51234,69.46218,59.87431,65.57505,65.03205,69.36966,67.43228,72.795,55.37207,69.63336,67.85936,69.99231,65.5672,66.23895,69.7433,60.96514,66.189,66.4841,65.06912,67.87855,70.18102,66.33649,70.51723,64.33046,67.84389,65.65559,63.41096,87.19293,61.78442,65.60504,72.72803,69.96851,75.7843,71.69897,62.90164,61.77458,77.9932,69.10302,62.63998,65.31999,59.26378,65.1725,72.93956,68.3394,54.80238,57.83886,64.50404,64.31297,60.32848,66.40869,62.35339,63.87581,61.62947,62.94529,67.55476,61.10188,63.65751,66.39256,67.40749,62.96711,58.24984,60.35381,65.53946,62.9019,56.08097,58.79932,64.58261,68.02955,59.31072,68.20886,62.25465,57.25077,63.8217,61.7577,66.75475,62.23622,66.23179,61.49986,66.02554,57.0923,66.08618,89.81333,66.05842,60.82931,67.52337,65.2454,64.24719,61.97731,62.64141,61.22319,72.99949,72.94558,65.44422,64.60022,65.52171,60.39778,67.17519,62.55159,59.955,71.10478,67.4236,60.69526,62.2897
mol140_pos_col,64.84082,73.57827,76.17718,70.75092,68.509,69.27234,67.26701,69.73494,75.11569,72.49265,68.91622,74.30382,73.50607,61.62358,65.40141,78.644,71.72314,80.04842,76.65278,72.46454,78.16669,72.30063,75.97498,91.51169,76.52883,72.0679,69.42392,64.02563,78.25739,73.46711,74.56192,76.18656,72.29052,68.54817,70.8096,78.01596,79.45316,70.66207,74.96622,69.35266,83.12854,84.43007,69.69349,73.77983,0.0,76.56433,74.11837,70.65657,77.60008,71.44669,71.42086,75.50854,61.58458,67.53897,74.36443,74.30341,70.48518,69.5047,71.29406,67.26989,71.8263,70.7535,73.59879,75.18562,68.96925,74.24871,79.00003,77.09931,77.12026,69.30706,72.96518,75.2473,72.99649,76.22383,75.69356,76.79324,79.64269,67.53785,72.04849,69.86974,64.86846,69.43582,71.22792,74.82178,79.62616,71.76696,67.56587,74.17193,70.81867,75.97145,75.33987,78.51058,71.83708,72.09246,75.15635,66.87985,75.31044,78.28968,67.72618,72.18266,74.39182,72.44185,82.0657,67.86721,72.33242,72.65673,82.72899,76.15485,68.12953,71.31074,67.98017,72.58329,74.4746,71.37733,68.32437,72.72277,73.84616,70.9388,68.54271,76.49642,69.7667,77.27987,74.15013,68.84461,66.63256,66.85881,77.22778,70.51153,76.20941,65.82303,73.87624,65.83545,69.81033,74.48308,70.46456,72.14554,77.29188,72.76923,71.04448,69.39653,73.23718,81.27052,80.7119,68.95404,72.62565,77.94364,71.17333,72.50245,74.12944,71.65289,73.11421,104.47189,81.71725,71.61195,65.21791,74.16106,74.80323,74.81681,66.28712,71.78787,85.5281,78.65233,70.63677,74.87712,73.99218,70.05962,73.48855,69.60078,62.92909,72.56875,76.14256,70.19391,68.30486
mol141_pos_col,65.22208,71.47115,68.54012,74.78877,73.53805,68.50589,72.45216,72.70497,71.54116,71.42343,71.80923,69.78409,60.31513,68.67589,72.48931,69.51102,77.02839,73.19205,71.16335,69.52537,73.74235,77.01845,69.45525,78.80352,71.79014,78.6703,75.70318,71.90808,74.02027,66.20188,74.04062,80.05833,61.80541,65.72616,74.58309,79.10609,75.95284,71.31742,72.13449,72.7407,74.63538,74.98257,72.35245,70.3338,76.56433,0.0,68.86805,69.623,79.32391,75.23207,63.23293,69.95836,69.43749,68.67382,71.03836,67.60412,70.07558,62.94507,67.57968,73.59586,67.60822,72.02638,79.1806,73.91912,71.58727,73.47146,75.23086,80.56426,69.22894,72.52466,65.45572,74.44687,70.03185,68.39886,72.58117,76.38513,68.67802,73.21552,68.28265,66.06378,72.03561,76.42742,73.52734,70.12596,72.49451,66.92315,62.63717,64.96709,62.80106,73.648,75.29282,74.54134,71.58968,58.21613,73.03624,63.37596,73.10244,90.18435,69.47433,66.76967,75.25896,72.24191,81.77006,68.44025,67.16394,69.67698,85.67767,69.3671,71.25173,68.43324,63.79011,69.40953,77.8769,74.94169,69.29905,64.51518,69.77978,70.98233,68.01884,76.17074,64.97748,65.76829,66.37455,66.95212,69.13828,61.98619,71.44299,62.94163,69.43335,65.58613,71.65032,67.20453,67.57017,71.30729,69.21724,70.73024,73.46668,68.93693,72.68591,71.73078,60.00114,72.64553,76.41952,69.39234,75.07165,72.97909,72.6036,66.45089,74.1958,70.53722,74.41837,92.18854,71.15133,68.10724,70.69082,58.19497,64.56142,66.58833,59.18008,66.96866,81.69319,74.85931,65.02366,60.21092,72.57552,65.80486,65.17651,70.52802,65.27085,76.4918,71.64061,66.36696,66.09239
mol142_pos_col,60.61176,65.36092,63.88179,67.99911,69.86156,63.18565,63.22894,67.85371,66.10694,58.4832,65.63936,58.63205,63.53606,64.87224,72.64049,64.58499,74.31,62.22758,66.81676,70.29282,73.51962,68.76653,60.66586,67.18683,66.7109,79.22935,73.37584,62.4139,71.03258,62.50929,66.93752,66.06274,61.82123,61.59649,65.73543,61.94501,65.81555,66.87142,62.31814,64.3586,68.16434,60.11879,67.97093,67.34395,74.11837,68.86805,0.0,61.63733,81.74942,68.58917,54.86464,58.25888,50.1063,62.36441,57.93204,62.2687,53.96439,55.95385,59.55749,67.08726,64.04373,63.46635,67.88257,62.20351,62.01572,62.78653,70.7226,74.00442,59.68222,62.38267,56.60209,62.40924,60.39245,65.27105,61.32001,62.38329,58.88098,69.12877,47.58877,63.67007,65.32299,65.64431,71.25406,59.63216,62.11062,56.06353,64.49774,65.7842,59.39292,69.04835,71.09734,59.10484,76.23935,56.11083,68.33975,50.94523,64.99963,84.09814,67.11637,58.65991,66.18058,55.73417,78.43071,71.43703,61.03904,64.05832,77.5412,53.20883,65.90158,56.16828,60.50551,60.59902,76.8789,69.629,52.72222,50.02679,62.21429,58.9539,64.32344,66.31858,61.73531,59.38601,57.4125,61.82884,63.77865,61.206,68.41906,59.37297,65.49749,55.96037,67.58076,60.96109,66.70631,58.57734,63.55298,54.57937,62.43502,62.72074,55.81193,67.32263,57.95152,66.50199,60.07568,60.33273,61.56879,54.3496,55.65267,58.84963,58.4852,63.53174,61.60433,81.58863,61.5684,57.97444,64.37605,60.02792,60.56381,60.61833,58.63512,64.17217,69.90803,57.11514,54.22742,55.21624,70.63309,57.84074,60.0559,55.75514,60.01225,68.32456,55.20075,53.54672,60.78818
mol143_pos_col,62.39511,60.57772,67.30836,62.00649,64.39387,66.86996,65.90219,64.43201,72.38158,65.58609,66.99907,62.04963,70.66686,61.56507,69.48543,66.88358,65.77573,75.24686,71.47495,62.16886,64.49446,62.79999,66.58678,80.57619,68.13391,67.55694,71.54835,62.02018,61.64988,65.46061,71.56035,70.85525,66.75459,64.11129,66.88184,69.21247,73.9268,69.21325,65.78342,66.46965,75.55047,71.60494,61.47013,70.16433,70.65657,69.623,61.63733,0.0,75.25592,62.88356,59.64584,64.95687,63.26714,63.07979,66.49291,66.89412,64.38082,60.30939,64.88654,66.05916,58.2709,63.08737,69.33382,67.42492,60.40714,63.76699,66.39538,67.77451,62.48755,61.10636,55.1558,69.12673,61.47919,65.61302,58.31085,61.78106,69.18204,65.4746,61.1151,66.78232,61.7367,68.37599,65.1272,65.57265,69.21409,61.35553,63.85602,64.7708,64.52283,67.35959,61.43009,70.3793,71.14689,58.2988,67.84884,56.48126,67.36615,77.03634,65.83231,61.99507,67.40555,58.90536,70.57835,69.02889,64.61265,65.25138,73.41541,65.09892,67.71847,63.32468,61.22786,63.20177,65.74335,69.49915,63.33585,56.5365,61.49746,60.82105,61.32113,63.94322,63.59434,61.36598,62.22963,55.35243,60.47297,62.42984,68.57523,60.12716,64.37325,60.40002,68.70652,59.63445,59.84392,61.74872,64.78108,63.5853,69.33644,66.04576,67.21517,64.39783,62.8174,67.89976,70.85014,65.15735,69.87038,61.32136,67.07228,64.76629,69.37775,66.37879,70.47958,94.15826,65.30641,61.36159,57.00365,67.23045,67.38694,61.71707,58.24638,69.41856,78.93612,71.67823,60.77503,56.93865,60.75514,61.99459,65.25678,62.06763,58.25226,73.32047,68.71562,63.14543,56.79893
mol144_pos_col,66.24997,84.59751,77.08121,86.90369,77.65801,86.04964,80.98625,68.13663,80.97605,83.4597,86.92353,88.0734,84.35231,80.67629,78.2081,86.33638,84.95914,93.67244,89.02554,79.28627,72.27163,91.51049,86.52812,104.46382,82.7148,77.31067,79.27379,80.70384,80.69051,78.65605,73.90235,83.85385,77.9102,76.51975,81.73978,91.56449,94.02107,84.18113,82.1378,84.02038,99.06218,96.2858,78.463,78.32109,77.60008,79.32391,81.74942,75.25592,0.0,73.28754,75.47697,83.54406,75.96989,82.98228,79.04728,83.349,85.69837,85.6127,79.76846,89.45374,78.47774,76.98125,69.38828,81.27197,70.94369,78.82594,75.67333,66.76119,70.53169,70.86025,70.32823,66.86867,74.95897,72.1022,78.86578,80.1747,86.73393,79.70545,82.66048,71.03541,70.54649,75.63448,81.99655,77.90623,77.51097,74.39088,75.05451,84.19347,83.73276,74.56413,80.1907,84.29512,77.10456,84.13326,80.59947,79.86158,80.60093,82.79017,75.46037,72.36361,77.39387,83.7734,77.0383,75.10919,78.16002,77.38358,75.40407,75.5514,82.75671,82.50923,80.00036,76.23988,74.16515,68.33146,73.3026,76.2047,80.68827,87.97563,79.57825,74.45643,67.44351,81.60632,75.99204,78.7699,73.85082,68.17201,72.35534,75.99732,71.20843,74.13249,78.51885,60.15899,69.07524,81.31356,79.84936,76.86042,90.60929,73.648,79.07492,71.54642,81.57615,80.84053,92.32146,78.68474,83.15078,88.94644,78.66043,84.14646,75.5823,85.01134,90.57565,118.27236,85.71218,67.26393,76.10753,82.59207,83.03322,78.95078,80.98278,73.70852,101.85518,94.67625,80.32805,83.10321,66.16099,76.56042,70.21942,79.82342,74.5215,77.23714,87.61777,71.72953,74.24814
mol145_pos_col,57.04413,74.70014,70.86245,70.88926,68.38285,79.1427,72.30994,65.16284,69.37134,70.10993,69.24332,69.40365,70.62555,67.77102,70.08559,68.74573,71.3963,75.57853,76.82662,67.93856,70.16535,74.67306,72.0444,88.48166,67.7485,67.56255,68.17133,69.42849,68.12711,65.5673,70.76425,72.89776,69.33922,66.16293,68.58102,74.21835,79.25439,73.02957,70.30589,70.28329,85.79451,73.85825,63.17526,71.40869,71.44669,75.23207,68.58917,62.88356,73.28754,0.0,62.54833,61.98431,62.95994,51.96173,69.23703,64.83352,68.15388,61.57636,64.7938,74.42583,65.2512,68.65218,67.38017,68.95123,61.16581,68.6746,64.70088,60.68315,65.72039,64.48881,58.64283,68.16567,62.15654,60.24758,66.43529,67.74756,70.57294,64.32493,70.75178,63.80618,58.84786,74.09754,70.52748,66.08806,65.5031,60.28502,63.87846,68.17529,72.17039,62.61361,65.10425,75.92989,71.49809,64.93567,76.83391,67.77587,70.14914,79.71162,63.1456,61.32476,67.10194,68.49529,69.67319,65.84284,54.31234,60.07681,74.41022,63.26228,71.1522,67.02284,63.84377,70.16607,59.26611,56.30062,58.50437,55.72315,62.60166,69.59679,67.91598,63.27019,58.26794,65.04888,57.10852,55.64595,60.3368,50.60549,59.65774,61.07709,64.1526,66.31073,61.95178,54.99944,57.33018,69.39103,67.57454,58.42659,69.87017,62.34107,63.92333,55.43129,71.65702,66.60758,74.99744,67.94046,68.4963,73.39551,69.39851,69.86344,64.57192,62.23633,76.13562,101.43208,73.2893,53.15265,62.34332,67.04586,70.27544,68.86368,68.5516,60.69012,86.88609,72.26977,68.47458,70.93797,52.67455,60.10673,62.21193,66.17868,58.78077,59.10519,71.3012,54.325,63.45891
mol146_pos_col,52.23451,63.56082,60.54191,59.9984,68.63472,68.08885,67.79805,65.49589,69.72337,62.40488,63.92015,58.29053,63.97109,59.92568,71.00616,63.24489,66.75891,59.23281,64.62248,61.67697,67.86654,63.85365,58.35303,69.38764,61.67037,73.49757,62.45084,59.54142,72.90844,61.19401,69.38416,65.81979,62.75283,58.65432,64.41631,65.27263,56.33673,59.99101,58.06428,60.6369,64.6964,60.2367,59.57521,64.26074,71.42086,63.23293,54.86464,59.64584,75.47697,62.54833,0.0,52.27056,53.31312,50.6338,54.43626,52.34854,55.02871,55.48538,50.12614,67.17323,57.92955,49.16394,67.92591,58.88293,63.33367,56.43179,64.09655,67.79341,52.32795,58.24013,55.73412,62.32488,54.97265,60.75518,57.43425,60.98345,56.77734,59.8325,54.80605,64.46336,56.76098,65.06981,63.45562,50.88279,57.30048,45.41059,62.92038,54.68246,59.58671,65.77515,61.75941,63.96926,68.00841,52.1241,61.37833,56.36819,63.47516,87.31329,59.55057,63.08375,64.94852,57.91769,75.77558,66.71371,59.85297,57.45814,72.43145,57.46085,59.40714,53.82355,56.02832,55.54313,64.71573,63.92625,60.48049,50.66331,51.54683,60.66022,62.50296,58.60363,50.86868,56.32559,59.89592,52.486,58.41244,58.5064,65.9766,61.56139,62.12358,55.38994,63.72168,55.10616,55.52291,51.91344,47.95372,53.6217,56.84784,59.98114,56.97231,63.05151,53.78141,59.87125,56.20338,55.65633,58.86041,57.89185,55.79785,54.30592,57.2589,60.55921,63.38962,82.47978,60.19234,53.0459,58.91907,57.66409,50.48643,58.50213,57.35201,55.5275,68.71133,58.22934,58.21699,54.85768,55.99945,54.29312,56.76209,57.28842,50.94722,61.32499,59.12145,54.34267,54.60323
mol147_pos_col,57.82077,64.86926,65.24578,66.1884,72.13932,69.1023,63.34422,63.18928,65.85714,60.23872,63.67014,58.87528,66.07358,62.56209,69.79434,59.89122,71.54627,64.58088,68.2945,60.67278,75.72392,70.38153,61.98627,61.82387,64.38538,81.37105,62.35897,62.27486,71.09322,48.91916,70.02349,62.31034,64.54999,63.51018,65.79746,63.76236,64.61982,60.76302,64.28914,64.81704,59.97526,60.99214,65.40617,62.07504,75.50854,69.95836,58.25888,64.95687,83.54406,61.98431,52.27056,0.0,50.90108,54.40655,62.29199,51.68817,47.60508,57.1858,58.09001,63.12351,65.24772,58.61163,70.61782,64.68821,63.6636,60.30967,65.05106,71.61091,53.20942,64.71344,60.19377,73.45303,53.72854,60.0717,60.64411,63.19138,59.5197,69.55162,61.96762,64.34255,67.25397,75.23299,60.20007,63.86468,55.5097,55.01688,64.75262,57.12825,56.60832,66.23925,69.57729,60.96894,76.49316,52.29326,70.0611,60.01253,62.73409,85.6002,60.8799,59.86069,69.15363,54.57953,76.06653,69.36362,56.32973,62.84757,79.42645,59.0208,63.41528,61.17285,58.41003,54.79517,70.85557,66.52282,59.37419,56.0347,52.35467,56.74461,60.3197,63.04015,62.19548,42.43923,57.61736,50.2078,59.04778,59.12576,65.75988,67.57171,65.59707,57.04351,68.09398,62.73906,63.60309,56.74271,59.74832,53.41901,59.86685,67.41554,52.83099,64.40285,55.57177,59.50935,55.12081,57.90649,57.15898,53.69302,55.17061,62.85283,61.8749,57.62931,61.36612,75.2741,54.03741,51.83246,63.47569,57.38955,61.98819,65.24892,54.62249,61.06844,63.51695,60.10824,51.68709,54.89976,59.76348,54.08721,64.07205,56.20883,53.57515,69.91597,52.19134,53.79759,55.50861
mol148_pos_col,51.48796,59.25391,57.20739,62.96997,69.95448,56.72882,57.26566,63.67614,61.41165,57.25392,63.71855,56.34958,61.821,63.6066,70.87055,57.5238,69.91915,58.72302,65.52501,57.27622,73.12311,65.89547,55.75348,56.49244,61.36578,80.05315,67.89208,63.95368,67.30647,57.42888,70.05494,63.73968,55.49558,62.37628,65.11252,59.77574,56.44323,57.30993,59.4637,55.76379,56.20605,52.03277,61.86656,64.72128,61.58458,69.43749,50.1063,63.26714,75.96989,62.95994,53.31312,50.90108,0.0,52.74219,53.07209,44.27078,40.28051,45.91911,55.67435,56.31414,62.47615,56.57887,78.7744,68.05444,64.69852,57.80112,68.39231,72.51349,60.70176,58.79485,59.52016,65.40969,56.65276,64.42968,55.0163,58.37728,50.82761,64.61844,52.18801,67.15886,65.67069,73.39006,68.66199,61.19873,64.77366,49.29281,58.86788,57.01611,61.0506,73.30081,68.50473,51.64336,77.09999,48.26405,58.55462,55.88293,52.37134,86.11676,60.97869,58.5525,70.57297,59.97969,73.9233,67.73024,62.69421,66.07458,81.45639,58.80888,54.08405,56.93692,51.18852,58.77848,70.71577,62.41754,54.46266,57.48889,53.66606,58.53513,57.0124,68.56912,59.94692,53.03347,58.4377,58.10131,55.27153,54.86883,68.8459,59.84199,68.60644,54.99397,63.71959,58.68974,58.94146,52.4584,51.01372,45.37445,51.2628,66.38843,53.49671,64.18843,54.31496,57.90481,45.98101,54.35948,45.42412,53.41799,53.15428,53.2891,50.65241,58.04311,51.90814,68.76576,60.77008,53.87898,56.19294,59.64124,50.88709,60.79171,53.77484,53.84888,59.22949,49.32564,48.77285,53.94349,66.95622,54.30508,66.67486,44.96402,46.01338,72.21435,49.02562,51.5898,55.04996
mol149_pos_col,59.4242,63.10416,58.98338,63.48525,67.31246,71.22359,69.30554,63.82952,65.09652,58.26986,63.41828,58.91751,64.95078,68.8861,69.43188,58.79503,68.68629,60.51282,67.69939,60.04388,76.7034,69.1878,58.21704,68.14803,61.19657,81.25882,64.82492,67.31287,72.54458,54.95238,74.86897,60.24272,63.63726,67.63206,67.62981,57.90969,60.97066,62.96282,63.59939,66.15341,65.31123,61.79773,56.07613,63.79419,67.53897,68.67382,62.36441,63.07979,82.98228,51.96173,50.6338,54.40655,52.74219,0.0,56.47188,55.35462,57.63345,54.16913,55.38542,64.95981,60.52714,60.14051,68.44084,63.45376,61.41888,64.73639,67.59364,66.03575,60.45907,64.69094,58.18862,73.38454,52.55143,60.89087,56.10713,65.97096,57.10776,63.09549,62.63069,65.02441,68.74144,71.39095,68.94042,61.12259,68.02668,50.30291,59.95518,59.77762,66.95547,70.74351,66.57619,60.05711,70.60157,49.95011,62.6729,57.50319,61.50682,84.57108,59.32843,64.76453,67.68734,63.29066,75.94827,63.56998,59.43176,56.48804,81.69286,64.4776,61.17072,57.80659,53.65716,64.41058,67.39012,58.52831,59.75349,52.94056,57.68775,55.35327,58.68087,62.78296,63.08381,52.90091,57.91691,48.91466,57.69212,47.42282,63.97929,62.40807,65.5545,55.57751,58.77213,58.03135,61.39706,56.9635,54.83554,46.33782,59.32055,62.04641,56.43695,64.8612,54.47409,54.68575,54.05696,58.69146,57.04477,61.41576,53.89703,55.13405,54.49527,55.2028,64.07158,74.86244,61.12927,56.25225,46.4232,56.2832,53.99125,61.82664,58.5262,58.94167,55.16617,56.18422,60.7201,60.86802,66.39511,56.75356,64.70686,58.82636,46.65437,67.27715,58.5363,54.73782,53.56353
mol14_pos_col,65.84182,64.88092,52.20539,67.51987,71.3595,68.81307,68.93956,67.36584,66.15008,62.59984,56.89515,60.96573,67.29946,64.07318,70.93744,64.09189,73.47677,59.7337,65.66441,65.14884,71.78015,67.04038,56.4495,67.88162,63.85159,81.28817,72.32676,66.6851,75.27099,63.73619,72.66279,64.31726,60.648,67.37553,67.29658,61.17358,61.04705,62.76806,61.6006,63.83807,66.93348,63.18503,65.37451,62.20499,74.36443,71.03836,57.93204,66.49291,79.04728,69.23703,54.43626,62.29199,53.07209,56.47188,0.0,62.7504,55.33072,59.29523,58.76048,68.60315,66.49613,58.17306,69.43912,60.95911,68.80557,58.2259,73.55046,75.56629,59.72385,68.18684,65.53121,69.19263,62.60397,74.06874,53.01328,60.82035,57.03299,70.21154,60.91749,72.05508,59.25596,73.40384,70.38194,65.50588,66.86045,58.70448,64.17377,65.51272,64.19896,69.37329,71.12045,61.41083,76.67395,59.33964,62.76719,62.1646,60.5557,88.97899,67.49187,67.31309,69.71757,62.90497,78.74512,75.00897,66.9526,69.43653,82.67166,66.84362,59.87057,63.38427,66.163,60.39064,76.35258,74.95893,63.21516,62.94119,59.40317,57.73934,60.07751,70.21039,62.1346,61.92195,65.14309,66.21122,60.49016,59.3705,72.00474,69.95613,67.96055,61.89564,71.24129,63.14292,61.16449,59.52981,52.4532,55.90859,58.01552,63.80272,61.86826,74.4245,56.51092,67.31858,60.24994,67.04879,55.8977,61.65848,60.64229,60.78591,58.95354,61.72047,64.16601,82.33854,63.87717,62.42543,60.47006,62.58176,50.6075,60.83941,62.18409,62.34057,63.93621,60.15907,55.92299,62.17962,69.54008,63.63483,63.67445,61.14025,57.76228,73.07184,59.61967,59.67938,61.42007
mol150_pos_col,60.85205,64.23634,57.61687,64.34087,64.18135,71.74033,69.09359,57.61242,66.61072,61.21343,60.92458,61.95182,60.12496,65.67788,72.75023,63.37356,76.97643,61.86685,67.86648,62.06475,69.99039,73.12491,66.35382,61.48704,65.41087,78.5315,65.57479,65.15815,74.58616,52.90209,69.23979,65.25781,61.36051,70.6012,67.92652,65.10328,57.68393,59.85745,59.12045,59.64967,58.92837,56.36202,62.06321,67.67421,74.30341,67.60412,62.2687,66.89412,83.349,64.83352,52.34854,51.68817,44.27078,55.35462,62.7504,0.0,54.03674,47.09034,53.53689,66.92131,65.51508,54.54607,70.85308,69.59762,64.78037,66.36223,72.07903,74.36,61.36579,63.83717,65.73314,67.89732,63.65905,66.98724,61.58946,63.92358,58.0654,71.11871,64.46098,68.28895,66.18266,77.12396,66.54226,65.33637,68.8709,49.24456,56.89523,58.81722,61.23584,75.81163,74.22026,63.61628,75.74017,58.2943,68.75973,61.6662,61.7262,91.30797,67.02821,60.6833,71.98109,59.87701,77.60564,69.38897,62.34848,64.34862,87.13218,69.62759,61.20821,56.49634,57.94309,66.83374,71.22259,70.47898,57.05022,58.54984,57.2382,58.69451,62.94899,67.82268,62.88029,55.299,62.67355,63.62148,56.6784,61.41359,67.06785,61.74399,73.58207,58.05114,66.62524,61.27266,59.8337,50.009,56.48798,56.17847,58.50343,62.72094,51.05366,62.50027,54.33911,59.56197,55.2224,63.79091,45.24666,58.18076,59.34335,56.96385,60.65942,59.77201,56.32403,73.86865,61.1443,57.61236,56.57295,54.34486,50.36273,59.10531,53.45156,60.71506,59.97626,55.81272,54.553,53.30444,67.04548,58.97874,67.67142,61.21768,50.84959,72.82112,49.18496,51.87498,60.7593
mol151_pos_col,57.11832,62.86975,59.53102,64.45787,66.30965,66.56745,65.59273,64.08496,66.14198,57.30602,55.87846,58.95137,65.78973,62.39738,72.80537,51.07638,67.95184,53.63812,64.35348,58.8794,74.97464,71.63334,56.32785,52.90288,63.35156,77.26186,70.79685,61.26264,69.67678,56.5822,69.76793,65.39364,57.46275,67.06205,59.54866,58.64869,52.26374,62.84137,57.90815,61.49709,53.98529,51.45787,61.7278,59.0045,70.48518,70.07558,53.96439,64.38082,85.69837,68.15388,55.02871,47.60508,40.28051,57.63345,55.33072,54.03674,0.0,52.27346,55.51352,59.76234,59.97736,57.65997,70.8862,62.62911,61.70353,61.93479,72.95584,74.50612,59.91605,63.95814,60.86656,66.09106,58.65816,63.38456,54.52969,62.08924,53.6889,65.70677,58.72517,63.74793,69.51195,74.20026,63.18788,54.99984,64.25632,52.81681,58.75278,60.70433,61.30341,67.70211,66.94477,57.51687,78.3646,53.69613,60.62162,59.41027,60.4904,88.21374,58.03938,63.33104,71.6881,60.291,74.80671,69.31509,58.06606,62.4417,83.49011,56.25728,60.09415,59.35868,52.81155,56.48433,74.34068,63.379,48.25965,54.95588,57.36241,58.31871,56.63921,68.6472,59.57527,49.09107,54.23241,56.25061,52.46056,58.76178,71.68555,64.64439,65.42146,54.97755,65.23509,60.34636,60.0934,58.98454,56.5632,51.00095,50.99601,62.48099,46.51342,71.82056,47.08737,60.1638,48.01425,51.76372,56.22448,56.53487,63.32745,57.83473,54.52622,56.40403,52.20845,64.74417,59.36244,56.02679,56.28752,51.09653,52.82294,63.08077,58.39113,58.74006,58.16345,47.56993,51.14963,51.43281,68.17169,52.81554,65.90908,53.07035,50.58101,72.18153,55.35454,56.46428,55.79669
mol152_pos_col,53.65549,57.4024,53.64126,65.3879,65.16471,60.57941,65.16569,68.95866,66.77342,60.46328,65.20448,57.76617,59.47753,58.69433,72.6493,58.94014,65.27131,62.85716,64.59529,64.52449,74.27578,64.01945,61.49337,64.07317,59.83096,80.70548,70.05402,65.50437,65.10075,59.87374,66.96752,67.01474,61.56519,56.52655,62.71372,60.39941,63.91422,57.66446,53.04316,63.8665,58.22899,57.60543,59.85014,67.21202,69.5047,62.94507,55.95385,60.30939,85.6127,61.57636,55.48538,57.1858,45.91911,54.16913,59.29523,47.09034,52.27346,0.0,55.40475,62.14574,63.88001,55.02695,74.48596,64.11626,65.44502,64.97243,70.70823,78.55095,59.4826,65.99366,57.51783,67.66978,58.62041,65.54891,59.53957,61.96535,60.5672,65.83984,57.59311,66.64488,68.00683,66.46155,68.54211,61.55185,68.69813,57.51701,53.87517,59.08486,57.73352,71.48689,67.75622,61.52567,79.83509,52.52947,64.89082,55.20259,63.16844,83.06024,67.26531,62.89559,70.57234,54.96225,79.99592,68.76992,63.68783,66.73146,81.67102,60.47922,55.47293,54.53147,56.31436,59.49691,73.61055,63.94468,56.62094,53.2742,55.9575,54.41807,61.67057,68.32275,57.80556,58.04067,56.48347,54.14364,48.83285,53.36415,71.41787,61.34136,64.27047,53.65932,61.26637,66.12005,61.03258,54.40181,55.65237,53.40326,44.65878,61.90409,54.71927,67.05597,56.06239,67.62083,56.36587,51.63285,45.46147,52.0979,53.21593,57.48827,60.49172,58.40338,58.68547,71.68608,65.04997,59.95617,56.48225,55.77242,55.32522,65.65147,52.34709,56.49353,55.3404,53.71058,42.2843,49.72247,71.44139,56.72945,62.2331,58.04125,49.95639,71.26547,53.53047,54.3958,54.59865
mol153_pos_col,59.51795,63.16116,63.30917,59.59699,66.03917,69.40199,73.57965,65.18193,65.71796,65.041,61.7253,56.52396,60.5805,60.83147,77.42404,62.31632,68.99223,59.15241,69.22768,61.51568,67.1546,69.86384,61.66658,59.74463,66.64171,76.10712,62.19023,63.13707,75.3153,59.11818,69.98128,65.00286,60.07235,68.15353,66.62626,65.88651,65.3942,60.44495,59.11461,60.93191,62.62979,56.29089,61.94016,62.99923,71.29406,67.57968,59.55749,64.88654,79.76846,64.7938,50.12614,58.09001,55.67435,55.38542,58.76048,53.53689,55.51352,55.40475,0.0,63.79465,62.22641,55.40054,70.51403,65.30271,67.78191,63.73224,79.94013,70.53266,57.33035,63.16911,59.75862,70.35189,55.47488,60.42425,61.15124,61.82161,55.8592,63.17455,57.8924,67.14239,67.12527,74.17924,66.45403,56.5055,63.77768,53.22638,57.17764,60.29759,62.45762,75.76438,65.97592,61.27033,76.86546,54.35309,62.29952,52.60587,62.94499,87.74542,62.06497,65.50784,67.68174,65.91423,77.99332,70.20743,57.32682,66.71146,78.87384,66.23594,54.24301,49.26243,56.61042,60.60553,71.85218,71.83242,60.96466,57.53955,56.98366,55.6466,58.42497,64.8856,56.15664,53.93569,61.82902,56.69327,63.3117,57.89949,67.65371,63.50899,67.33583,62.57329,62.99917,57.99879,57.97234,45.02935,52.18654,51.50515,53.09316,67.74178,54.9654,63.91809,55.17848,60.37331,55.1738,63.50836,63.0794,58.35697,58.99552,47.68443,58.31367,57.7583,58.87877,75.20301,57.59228,55.83626,55.09285,56.19196,50.6147,63.91346,58.90158,63.83506,58.56089,56.21188,51.29743,52.7323,66.08839,56.06757,62.03856,56.78441,46.85284,68.14267,55.62328,57.92802,62.82489
mol15_pos_col,66.50868,69.39773,73.84224,70.19852,72.59553,71.82878,71.98723,72.67473,75.17462,67.35744,67.96333,56.43826,66.9173,66.43199,78.50282,68.54207,71.81761,69.83691,73.20528,71.92926,79.49078,68.00223,66.97065,73.55762,72.02788,85.56446,71.55988,69.27428,79.21134,69.59435,77.07597,76.41604,68.1203,72.89519,72.70905,70.70955,71.80707,69.89571,67.3709,70.06247,71.49657,71.71493,71.63459,67.95131,67.26989,73.59586,67.08726,66.05916,89.45374,74.42583,67.17323,63.12351,56.31414,64.95981,68.60315,66.92131,59.76234,62.14574,63.79465,0.0,66.67463,64.8896,76.47343,71.0782,68.51285,67.05624,81.90728,76.92904,66.61367,72.23818,69.46927,76.81641,66.17682,71.34052,64.40401,68.03247,67.74788,70.54545,65.92557,71.57766,71.66781,76.26774,69.83259,66.11988,72.59781,69.64407,69.67973,67.42765,66.48471,77.63164,75.37744,72.8597,81.93896,68.22814,67.58755,59.42916,66.16827,84.96259,68.53123,70.14055,67.95274,68.58781,79.47338,74.80659,69.46177,71.48893,86.37715,67.43233,67.5878,62.74932,62.55872,68.83576,76.43397,75.74144,65.33975,66.78185,68.5623,63.73265,64.16214,71.72884,68.28412,65.47971,66.39675,63.95352,64.67918,67.84175,76.23465,72.8029,74.20898,66.26689,67.82185,71.36952,66.8526,65.83489,64.27544,66.66241,63.08135,73.78855,63.47029,73.69811,65.20446,66.6286,66.1463,65.5892,74.85985,66.60726,72.55306,55.83119,62.96559,66.89173,67.16105,83.70545,63.52019,68.3032,69.9297,63.77713,65.91804,69.78701,67.28701,70.91267,72.22539,67.05857,63.58108,63.64265,75.11156,68.72295,72.96387,68.93402,60.76293,81.05656,73.49379,70.37827,68.5781
mol16_pos_col,63.45413,66.41538,69.64143,61.82589,68.79928,58.91499,63.56237,68.01166,69.67332,62.3697,64.62538,62.6042,55.43942,66.48123,73.14832,63.27311,72.90358,66.54613,67.60764,64.1033,74.61028,65.86071,67.33381,77.56091,63.50606,74.34801,64.57229,61.013,68.55134,60.2624,70.48505,68.02402,61.08225,62.76066,65.72415,63.61665,68.13489,63.56856,66.16545,65.05846,72.28465,62.29571,62.2078,69.4152,71.8263,67.60822,64.04373,58.2709,78.47774,65.2512,57.92955,65.24772,62.47615,60.52714,66.49613,65.51508,59.97736,63.88001,62.22641,66.67463,0.0,62.15234,71.45807,63.05744,67.32287,66.75431,69.05596,69.78303,60.76479,59.38052,56.1712,68.23821,64.04163,65.00157,67.23599,66.87139,63.10654,72.19328,63.99013,68.41331,65.27295,69.0476,65.94245,59.40501,68.62121,62.07756,55.09217,60.40194,60.28367,64.80592,64.48219,64.8646,67.52174,53.34811,65.73318,60.16004,67.11293,83.77486,65.60515,66.67559,61.54793,61.69426,73.75711,66.57801,62.57185,63.33548,77.58056,56.0492,64.16316,65.38089,53.49182,65.87466,75.38803,70.35275,53.9746,55.30525,62.57883,60.87718,62.90667,63.60212,64.84152,61.77111,64.33846,61.35499,62.33378,58.48191,68.51545,54.45987,70.22019,64.33763,64.07295,63.04784,67.5187,64.5547,61.15014,61.80233,65.92811,64.08617,62.02818,71.01009,54.64763,67.49399,69.21153,62.56204,67.66576,62.80701,64.59333,61.71593,64.42394,62.48165,70.58078,86.07402,63.45625,56.25595,54.4228,59.49296,63.71416,63.1754,59.86505,66.07429,73.4462,64.0707,62.14674,61.23474,70.32632,63.12923,60.84377,64.0655,56.47781,72.93385,65.82555,59.87372,62.22792
mol17_pos_col,57.42627,65.46429,58.19372,65.15793,66.96961,68.6039,61.97125,64.14409,63.82433,60.48038,61.71992,58.96271,62.3738,58.2237,69.21197,61.69445,72.06619,58.63558,67.26579,60.93125,68.93951,68.48719,61.43895,65.79142,61.18334,72.92022,59.16908,61.70756,74.93488,57.08996,70.87705,66.49232,61.63785,66.63992,65.5783,66.68464,59.79,57.68527,60.21281,58.90784,61.33215,63.09606,59.85098,67.16537,70.7535,72.02638,63.46635,63.08737,76.98125,68.65218,49.16394,58.61163,56.57887,60.14051,58.17306,54.54607,57.65997,55.02695,55.40054,64.8896,62.15234,0.0,68.22322,68.11338,60.90832,62.07196,73.90915,67.65315,55.79108,59.73652,67.4322,65.42581,57.04572,68.73892,55.87048,60.48394,63.75247,66.02152,65.70476,60.47595,60.92772,72.69323,62.85153,55.77493,63.31061,56.43394,58.43645,55.1499,57.97292,72.93253,64.16907,60.28587,68.61046,59.2899,64.14624,57.54442,62.26921,82.24305,59.6803,65.27299,73.69345,64.93036,77.51804,66.56643,59.0566,71.14909,79.03031,66.52708,63.7599,58.84003,59.39285,53.45867,73.58467,70.02309,59.36624,60.30841,55.60441,59.40258,55.03212,65.51006,62.06762,61.49835,63.19266,64.25599,57.9681,61.20501,68.01637,65.78063,67.12979,62.97118,62.99904,54.542,57.14375,57.16868,54.5992,56.82919,59.6243,67.11146,59.35203,69.7625,55.75168,60.81653,59.20843,60.16107,56.86229,60.01542,54.09644,59.66652,58.9666,58.80038,61.29204,81.76141,60.82647,58.89285,57.56468,56.07588,53.64342,64.6181,58.55631,62.13513,66.8438,58.17307,54.26351,54.08546,68.05818,53.15175,59.6574,60.72686,55.55071,74.47948,59.33584,57.30864,62.08776
mol18_pos_col,64.97107,81.98326,76.10237,73.52774,70.845,81.90847,73.42853,67.0875,76.48761,78.93959,72.56426,72.61981,72.94687,72.20791,75.33866,74.6631,76.19225,82.71129,76.56442,72.77439,71.80431,77.41156,73.66898,91.17072,72.59199,75.08266,71.61383,67.85578,74.57182,72.19156,70.95738,79.02693,71.35707,74.09321,69.16683,81.82751,77.12738,76.42223,75.21917,71.21822,89.85965,85.37397,73.51284,70.68324,73.59879,79.1806,67.88257,69.33382,69.38828,67.38017,67.92591,70.61782,78.7744,68.44084,69.43912,70.85308,70.8862,74.48596,70.51403,76.47343,71.45807,68.22322,0.0,74.80542,67.84219,66.2601,76.6066,66.92626,73.25981,68.59641,59.54595,56.78419,70.20198,66.64505,67.53962,76.11633,77.28584,71.34224,75.10106,65.81348,63.61773,75.73047,70.36646,64.31872,69.74447,73.83914,69.33446,73.29926,73.34541,73.19468,73.62919,77.41959,69.58555,72.56063,70.85569,68.77186,77.047,82.26624,65.36605,65.62021,69.11108,73.4283,65.91662,70.73319,65.00037,68.58177,77.44165,71.44302,71.78135,71.28357,68.50732,71.53038,71.20088,67.76059,68.0591,68.08491,71.27487,76.04531,74.95379,68.8368,60.15243,73.54279,65.93438,63.43463,69.53245,66.40325,75.02584,70.87808,69.46077,72.11976,69.82555,57.02219,59.83058,69.00008,74.70884,70.50271,75.81396,72.3864,71.12939,56.80761,73.6969,70.16993,78.21232,73.11551,78.90315,79.93168,75.37041,70.62882,72.38306,68.08589,79.64649,106.82063,77.42293,56.52055,73.15203,77.46172,74.97015,73.14233,75.59719,72.08482,87.01892,81.99309,74.8133,70.86794,68.21329,66.02018,59.0508,72.76178,66.40532,68.85549,80.21718,64.17711,69.07477
mol19_pos_col,60.59941,74.88851,67.11625,62.38552,75.09865,75.92103,73.77076,67.67586,69.9884,68.98147,69.11472,68.95565,65.30946,69.42797,72.86628,71.21242,71.5872,69.03816,74.06456,71.54141,74.0713,73.6508,68.71877,77.14769,66.96976,77.66606,69.17032,69.93674,69.3919,62.9707,68.16684,71.48274,61.91416,68.45735,68.31963,73.60156,70.83952,68.09485,61.61916,69.39044,77.45646,75.52416,61.83857,65.33928,75.18562,73.91912,62.20351,67.42492,81.27197,68.95123,58.88293,64.68821,68.05444,63.45376,60.95911,69.59762,62.62911,64.11626,65.30271,71.0782,63.05744,68.11338,74.80542,0.0,62.37623,65.79311,67.89104,70.3587,63.20735,66.80384,63.09344,64.66212,63.96984,66.64275,64.30244,71.05489,67.27656,70.7605,71.62068,71.57572,66.74664,73.8101,71.26593,61.02721,61.53477,61.25196,66.07878,64.60064,66.18162,69.88265,70.58156,70.3975,74.75843,67.86306,68.27009,64.07405,71.6188,80.45693,68.48734,71.85012,72.65426,65.58826,78.32618,71.21031,65.88782,67.68965,73.11082,62.65695,69.75563,61.37434,67.00988,62.88713,77.0184,66.90739,59.65417,60.9622,64.88748,62.9655,64.3874,69.26707,63.6614,64.95729,60.35563,63.45436,59.0207,60.80471,72.42662,65.36817,62.46383,65.91572,65.2542,69.01755,65.82363,60.31233,64.66734,59.01751,66.84539,67.88967,63.12759,65.35991,65.55474,69.37629,71.13758,61.74061,62.8767,63.14792,65.95942,66.01221,66.36841,67.57817,71.4642,89.66704,67.75864,61.17812,67.77087,67.86668,61.86488,66.2418,61.78747,66.15905,77.36086,74.73004,60.90699,65.00288,68.15879,61.67994,66.51058,68.13706,60.9211,69.68302,71.77905,62.00615,61.95249
mol1_pos_col,62.08631,67.25082,68.72891,72.2558,70.81887,69.38568,72.78084,63.32791,69.00103,62.8926,68.07915,64.12967,74.02479,62.57089,71.16124,63.33739,72.87882,73.55449,72.62351,68.02916,71.13399,71.49255,68.04812,81.07959,64.52748,73.89323,68.43654,65.19988,63.68086,63.61966,67.20421,66.32886,62.71243,67.982,62.84251,73.57684,75.18275,69.16036,60.96855,63.6238,80.60694,78.38715,56.65578,65.92386,68.96925,71.58727,62.01572,60.40714,70.94369,61.16581,63.33367,63.6636,64.69852,61.41888,68.80557,64.78037,61.70353,65.44502,67.78191,68.51285,67.32287,60.90832,67.84219,62.37623,0.0,63.90806,63.07915,69.726,65.90839,63.30104,63.266,66.99955,60.97613,59.79456,60.93837,68.64974,67.79972,63.60667,61.03926,62.3144,66.11598,72.03045,68.53342,68.72321,71.31395,58.76807,64.75823,66.6945,62.3602,67.2633,65.74934,71.7507,69.5715,64.49955,69.76394,62.88357,71.15833,75.31697,65.29357,59.02406,65.11962,68.2042,67.04103,63.46381,62.06185,62.84495,73.41489,64.04413,69.86899,63.20461,61.73988,68.36327,64.2736,63.55337,54.73387,60.70661,64.1443,60.45192,63.76917,65.01347,61.68823,63.75106,61.37298,60.79195,54.58163,61.49386,63.68572,64.80951,64.8825,59.9035,62.71702,60.39301,58.47555,61.71863,60.78148,58.13235,71.09548,61.03301,62.82779,61.19528,66.11703,65.96456,62.92508,60.68819,64.04569,64.74298,59.79214,66.02387,64.97305,65.30377,65.73283,96.04308,68.77545,56.64457,61.03337,66.76101,66.1125,60.4113,59.43408,58.67848,79.77212,73.71684,64.31223,63.27779,66.52727,56.81495,61.63222,65.41538,59.80162,67.60079,67.10565,53.37449,59.25729
mol20_pos_col,59.80642,72.99537,63.12651,59.96742,68.51179,75.8659,69.23071,67.04272,70.50003,70.09285,64.42215,65.22364,74.59817,69.46082,75.12192,64.78131,76.12351,72.45917,71.28255,66.69551,72.72492,74.33102,65.51172,77.1698,66.83497,77.60073,67.29841,68.1547,68.70017,63.86301,72.32963,71.24313,65.49701,71.60719,61.20964,75.12074,67.21652,62.77004,64.66856,69.80388,73.43714,70.97433,65.18534,67.13218,74.24871,73.47146,62.78653,63.76699,78.82594,68.6746,56.43179,60.30967,57.80112,64.73639,58.2259,66.36223,61.93479,64.97243,63.73224,67.05624,66.75431,62.07196,66.2601,65.79311,63.90806,0.0,69.48418,72.18777,66.57227,65.18972,60.92873,67.44847,56.6369,67.09161,63.85327,70.47302,64.96353,67.26076,63.13221,69.2968,69.64073,76.80508,71.24039,60.82012,61.38495,61.83288,63.91992,67.15006,65.30993,73.20626,71.86553,69.86741,68.51209,64.19056,69.10628,65.38269,68.2802,86.31915,66.50011,65.87736,72.1751,69.43188,73.46832,70.81342,60.62595,70.15678,80.36904,66.96518,70.55284,61.17699,63.55088,70.37419,69.54191,70.55745,59.73289,64.25081,63.88979,65.81095,65.36157,69.64939,59.4287,62.69783,64.74741,58.91301,57.64303,61.1598,69.97115,69.62042,71.64722,58.18522,62.67259,64.91576,59.78384,64.93401,58.36876,60.34184,65.09527,65.75425,63.92655,66.31974,65.22383,66.54725,63.77588,62.04885,64.81422,65.09216,67.87216,58.9244,64.33456,64.36035,71.18564,93.15439,70.23749,55.61361,65.28963,60.88368,65.07026,70.04472,58.28214,66.86924,78.24914,70.16628,65.73865,64.32963,67.67521,61.56202,64.41562,61.7529,55.04357,67.82447,66.68135,59.79998,60.67838
mol21_pos_col,64.25127,72.62432,71.0537,73.38202,75.36133,77.65833,68.87382,67.91316,75.99264,72.71757,73.86161,77.60788,71.69116,72.80193,70.71158,74.38848,78.26404,82.20167,78.58457,72.28395,65.38891,75.70188,75.1853,91.22932,74.29092,75.95472,71.66406,74.75696,68.98884,65.79079,68.88199,75.85568,69.32875,68.28012,73.00455,76.48345,83.80282,73.35869,68.06295,74.08504,87.33044,84.08414,67.14708,69.02446,79.00003,75.23086,70.7226,66.39538,75.67333,64.70088,64.09655,65.05106,68.39231,67.59364,73.55046,72.07903,72.95584,70.70823,79.94013,81.90728,69.05596,73.90915,76.6066,67.89104,63.07915,69.48418,0.0,71.68212,62.47767,63.47276,68.41774,65.83721,72.22258,62.78082,73.66317,73.76657,75.86014,69.67436,72.34717,70.17566,62.02234,75.75353,71.70385,63.78007,69.44841,65.15968,69.86303,63.9386,72.79685,70.30145,69.08987,77.76786,65.11776,71.36868,73.6264,68.59971,72.06536,78.48865,69.62083,66.3504,71.26825,71.65761,76.83813,70.74386,67.38784,67.41043,69.34752,63.14956,76.38154,72.6648,71.03164,69.4666,74.49337,63.43612,65.57501,59.8532,69.47432,73.94882,70.28366,68.31921,64.05074,69.41644,68.22839,63.56083,65.29268,69.88191,65.4735,68.10121,69.06285,65.77273,68.77291,61.81125,66.04725,73.1706,66.56551,66.0628,79.75819,66.97041,64.90788,71.17688,65.74936,68.54027,79.45211,72.65652,73.10157,72.7042,71.6437,77.95195,75.46214,72.14476,79.19604,107.29249,74.91528,62.59284,73.04828,70.90797,74.08446,69.02032,66.44768,69.01646,91.3962,81.36202,72.82938,70.99132,68.10466,63.70154,63.42019,72.73863,66.85297,69.66173,74.31564,66.24945,67.57241
mol22_pos_col,64.8394,79.67687,73.01415,74.69103,72.29753,78.11438,77.71233,61.46102,77.67909,74.70794,78.26911,74.40145,79.86225,73.53603,76.99061,79.94152,75.6977,82.39162,82.73912,70.1251,72.73168,78.691,76.93362,90.18407,76.86516,73.20372,70.53593,70.86916,77.53611,69.24148,74.4149,81.32125,75.20424,76.78015,67.30929,85.52199,80.05943,79.56855,79.42912,77.91713,88.75639,82.61732,70.1086,73.42308,77.09931,80.56426,74.00442,67.77451,66.76119,60.68315,67.79341,71.61091,72.51349,66.03575,75.56629,74.36,74.50612,78.55095,70.53266,76.92904,69.78303,67.65315,66.92626,70.3587,69.726,72.18777,71.68212,0.0,71.42361,70.50949,62.90295,60.37615,71.58834,65.8745,75.54847,73.26441,76.46992,67.03685,69.85628,68.00391,63.69459,70.82078,68.7388,69.05175,70.58976,68.12896,71.45035,74.55549,74.88456,70.34219,72.85229,79.82549,75.31461,73.63365,73.80375,72.16174,78.56087,82.03126,71.15124,67.4252,68.49188,77.62009,73.49444,71.94583,64.93829,65.18936,78.14287,64.93214,77.29459,64.84071,69.08068,74.8872,72.31472,69.45412,68.62871,64.84508,72.98072,75.7038,72.73745,69.0993,70.72727,73.75937,68.30712,63.39331,72.75882,65.97176,67.49695,66.5494,64.13842,71.76953,67.20968,51.81509,60.02852,75.29101,71.39705,68.93146,78.98759,66.89505,72.52744,64.57809,74.87955,74.40748,81.58525,76.2374,77.68704,80.03251,72.46747,74.73014,71.28458,67.12376,81.41672,106.05158,70.4749,62.80305,71.37751,78.46333,77.86087,74.91848,73.75324,73.82409,90.9966,81.89847,72.38066,73.24138,60.5497,61.56998,64.37315,63.27135,70.80775,69.38025,79.42377,63.32416,69.0358
mol23_pos_col,63.50391,65.13383,66.79329,65.66694,63.7776,70.64912,64.28326,63.24389,69.96727,62.92576,60.57094,63.969,63.15948,65.1041,65.63659,59.25836,75.6025,65.53459,63.25052,60.62397,70.42252,68.78,62.56094,69.30105,61.63357,77.00747,59.8629,65.58801,70.07103,50.67573,69.33159,60.54339,57.82737,58.94515,66.5231,64.09095,64.16024,59.95048,62.16769,59.484,67.42588,67.25406,63.63289,60.89575,77.12026,69.22894,59.68222,62.48755,70.53169,65.72039,52.32795,53.20942,60.70176,60.45907,59.72385,61.36579,59.91605,59.4826,57.33035,66.61367,60.76479,55.79108,73.25981,63.20735,65.90839,66.57227,62.47767,71.42361,0.0,68.19578,62.99762,69.59636,59.99665,62.28512,64.93389,62.5071,62.46344,66.70365,59.82474,66.21548,66.4891,72.85302,64.91923,64.48133,57.75966,56.05246,60.16741,57.52776,55.53107,60.00399,65.05017,62.93451,69.79554,61.4578,58.81373,55.39479,59.98063,85.92859,65.30784,63.67343,65.34917,57.73663,74.42177,70.85443,63.95557,63.39049,78.63172,58.74014,64.35078,59.14984,58.95419,59.63525,73.31521,68.43338,59.81519,57.1969,60.6617,56.11766,57.96434,59.26632,65.7181,59.85842,59.3892,60.48215,60.8219,60.16977,66.06086,62.0905,65.14378,54.08626,63.69881,61.67036,60.58494,54.07097,55.11845,53.60551,57.67163,65.11838,53.80758,70.36135,57.04805,59.82837,61.84144,55.3577,58.22042,58.40489,59.80363,58.9986,55.92112,59.05318,60.89381,84.19759,65.56406,53.86116,62.27116,58.9016,58.57887,61.21424,57.95086,62.53712,63.34891,63.1703,59.937,55.9148,64.68045,56.15095,61.23129,58.73423,53.69117,73.32907,58.82917,58.02993,54.41819
mol24_pos_col,59.74546,63.91366,68.14469,63.71063,64.13197,61.9254,68.5201,65.47064,70.08668,69.20407,67.22632,67.88432,66.76552,61.27468,67.01306,68.69962,69.48606,69.07369,77.30719,70.24714,69.62476,67.89133,73.17205,82.13608,69.19499,74.67332,69.68156,66.14162,69.01712,65.19835,65.23074,72.32902,65.36964,64.1245,67.46575,69.83244,75.87413,66.88682,64.94194,67.81731,78.04864,75.24238,66.8749,64.78722,69.30706,72.52466,62.38267,61.10636,70.86025,64.48881,58.24013,64.71344,58.79485,64.69094,68.18684,63.83717,63.95814,65.99366,63.16911,72.23818,59.38052,59.73652,68.59641,66.80384,63.30104,65.18972,63.47276,70.50949,68.19578,0.0,61.7287,64.38422,65.7032,66.56237,60.39432,66.75407,69.13349,64.18014,64.92747,63.57934,57.10214,71.41924,70.07625,59.97015,67.64457,59.71121,59.64522,63.80017,64.93576,61.66144,60.46636,72.0775,71.05983,66.70819,66.26469,61.03121,69.67095,75.64884,58.12988,59.00803,67.15385,65.13316,71.51165,65.24031,62.30241,66.84719,67.20784,58.54567,64.18742,64.52391,59.34089,58.16824,69.36268,60.97481,62.27426,53.90958,62.10922,68.18425,66.22857,63.82643,62.33282,65.1127,68.69557,62.43968,62.32292,61.19836,66.39049,62.23085,68.78942,64.10252,56.4902,60.00483,62.30158,65.76015,65.61955,66.45107,71.44562,61.64687,66.26145,64.53534,65.79443,62.91345,70.45696,68.30043,66.76424,69.62865,66.7286,68.03991,63.8419,62.34867,73.71382,95.75167,73.13694,62.13213,65.89013,66.54408,68.32806,66.97581,61.19164,63.70253,84.37824,74.97215,63.74181,67.92285,65.25288,61.30414,59.88406,65.7608,57.86259,65.67141,70.48742,60.94258,63.17745
mol25_pos_col,57.85722,70.61821,65.35896,62.99102,70.09063,64.97286,71.66414,63.75331,68.09991,64.99832,69.45016,68.68939,66.09586,67.47919,64.63461,67.99441,67.86885,72.64955,73.3692,62.27147,70.0457,69.52627,70.83001,77.59255,68.07641,71.49335,68.75198,62.79751,66.88472,64.02294,64.40198,70.4738,66.71246,58.61342,64.97656,73.15999,69.49709,69.04763,68.94238,71.82492,77.26281,70.71416,62.422,64.51234,72.96518,65.45572,56.60209,55.1558,70.32823,58.64283,55.73412,60.19377,59.52016,58.18862,65.53121,65.73314,60.86656,57.51783,59.75862,69.46927,56.1712,67.4322,59.54595,63.09344,63.266,60.92873,68.41774,62.90295,62.99762,61.7287,0.0,66.2352,62.44816,60.95599,61.08427,66.51103,66.97165,63.84034,59.87694,59.90024,57.87255,64.62637,68.11297,59.40984,63.13999,58.76581,57.00909,66.44672,64.41337,67.11756,65.98797,67.11434,66.1233,58.73643,63.25216,61.61665,70.7841,77.97512,62.45511,58.97052,61.68546,68.13982,68.1512,61.39087,59.13551,66.04588,76.82122,53.13849,66.1445,60.58842,55.62525,54.62779,61.7029,60.58886,58.49782,50.13062,61.39034,63.20569,63.21929,64.18646,56.90388,61.99746,54.75033,55.33373,64.81489,58.19053,64.16285,53.97303,62.47583,57.41367,64.60863,56.35929,60.13926,60.80195,63.65399,57.39821,59.908,59.67179,62.76489,56.75356,59.93121,65.342,69.94493,64.6583,66.9303,68.39117,63.17516,61.62295,58.82051,65.13099,72.78675,90.87007,66.2339,56.35901,59.59509,58.34583,61.85757,60.51857,55.87388,59.86777,79.02531,69.18881,50.3713,59.18887,57.47571,54.30062,60.05776,61.82978,54.88388,65.20108,66.64247,51.87488,59.48301
mol26_pos_col,56.24591,76.64275,72.38841,69.59131,65.37267,73.94368,68.64975,59.66547,71.08595,72.85609,69.96063,71.67975,71.13509,70.36142,70.06366,74.84451,76.06387,76.37243,73.80237,68.65118,64.66137,70.99106,75.75521,90.19827,70.66004,69.97319,71.71036,70.29943,70.11257,68.27738,69.77212,76.47507,69.70326,69.85302,65.77881,73.51147,77.42608,73.00682,70.66135,73.73621,85.34398,80.97696,65.85731,69.46218,75.2473,74.44687,62.40924,69.12673,66.86867,68.16567,62.32488,73.45303,65.40969,73.38454,69.19263,67.89732,66.09106,67.66978,70.35189,76.81641,68.23821,65.42581,56.78419,64.66212,66.99955,67.44847,65.83721,60.37615,69.59636,64.38422,66.2352,0.0,65.68716,68.84401,64.67435,68.11202,75.15028,69.58488,64.9285,66.98094,62.92314,70.55103,65.93427,63.23575,65.7698,66.43921,68.17592,70.19518,72.30904,69.83806,70.2566,73.30336,69.44441,71.37481,64.6375,67.66472,74.06856,79.15799,66.48628,63.70753,71.64016,72.9941,70.72678,69.81565,64.0503,63.26141,72.47176,66.04481,71.28585,71.04029,65.87064,65.69199,68.80504,65.47704,63.38018,66.19716,65.33325,73.40373,75.92047,66.79884,59.01609,70.32736,62.23887,65.40985,64.21493,64.27779,67.01429,67.5626,64.89665,69.84512,65.97341,51.13618,57.17106,67.06651,67.99343,66.85362,73.62451,62.41756,66.17731,62.55174,70.70962,68.59702,77.22641,70.89175,74.1746,72.38011,68.73821,70.38721,66.96118,72.28904,75.01945,102.02887,74.336,57.6485,65.41535,74.41343,73.30566,69.52045,68.6903,66.22104,86.6668,79.6796,68.39969,67.78926,64.81396,60.59382,61.20017,66.6065,64.12211,62.82346,77.07174,58.58637,69.36598
mol27_pos_col,59.83761,69.25118,63.85804,65.36302,69.83886,62.69749,65.90379,64.29097,61.50859,62.56781,62.63303,61.40149,66.53338,64.77105,72.67895,57.93626,72.19379,65.19602,68.94182,60.96464,72.53765,68.45097,61.49501,72.18278,63.52081,79.45712,64.66608,63.63892,66.95038,57.91,71.68172,61.97357,59.48701,67.65585,56.76427,62.02951,66.41697,59.87946,62.50853,64.69265,70.4048,68.25849,59.25197,59.87431,72.99649,70.03185,60.39245,61.47919,74.95897,62.15654,54.97265,53.72854,56.65276,52.55143,62.60397,63.65905,58.65816,58.62041,55.47488,66.17682,64.04163,57.04572,70.20198,63.96984,60.97613,56.6369,72.22258,71.58834,59.99665,65.7032,62.44816,65.68716,0.0,53.14222,65.36151,62.13062,60.18589,67.00943,58.10781,68.46717,67.64936,70.07856,70.66461,65.4277,61.15771,56.20872,63.81285,57.96479,59.03213,67.12288,67.38729,66.16774,73.17003,60.71737,62.49088,56.31455,63.48129,82.36925,59.73456,66.10192,68.08453,65.65471,78.62817,69.70827,66.00423,64.22919,69.53474,59.71388,68.90222,56.06767,55.15917,67.17165,66.23864,62.88463,57.07967,59.22769,64.7188,57.94673,62.4216,62.45242,55.03403,51.78932,53.42059,54.72546,55.73072,57.73557,68.25837,63.81455,63.73431,59.68744,58.71474,60.22293,57.49581,52.26181,56.7399,51.64936,61.56023,67.6977,54.61051,68.08613,59.64847,56.3943,59.43703,51.9037,61.75672,58.94143,55.73145,60.8303,51.94926,64.32169,62.96758,85.21506,62.47797,56.35093,54.70061,63.96496,59.0122,66.22453,58.30088,56.99902,65.83351,65.40239,62.36976,60.99652,63.81733,56.28204,65.06478,63.45943,50.1682,69.79657,64.33109,55.79674,59.42219
mol28_pos_col,60.0433,77.05621,71.13524,68.53121,70.34925,66.64353,71.20692,64.87057,59.4948,61.34816,66.7904,65.5182,70.78763,73.68707,74.92809,64.33942,69.23353,76.40383,69.10023,66.83763,74.24243,67.28045,70.19928,80.08838,67.41512,75.95201,67.7889,63.78285,67.58153,56.76854,68.7248,71.60681,58.24944,71.99783,62.16832,71.05442,79.0114,70.27136,67.56852,62.37169,79.42705,65.83297,65.96354,65.57505,76.22383,68.39886,65.27105,65.61302,72.1022,60.24758,60.75518,60.0717,64.42968,60.89087,74.06874,66.98724,63.38456,65.54891,60.42425,71.34052,65.00157,68.73892,66.64505,66.64275,59.79456,67.09161,62.78082,65.8745,62.28512,66.56237,60.95599,68.84401,53.14222,0.0,69.45849,69.032,69.30222,68.00522,65.73359,69.10297,67.73857,71.06667,71.72945,67.38545,68.33268,62.47428,64.70028,67.33531,66.55347,62.91082,72.03802,74.68012,70.4006,66.50313,67.41771,63.42072,68.72112,81.88389,57.13845,65.31587,62.85859,67.1266,73.36641,69.52702,65.08082,64.67775,70.05477,62.46589,69.2182,64.95574,61.17384,67.35778,69.91359,55.96772,53.93692,62.59953,68.53885,64.81684,65.38977,64.92805,60.23637,55.74241,58.82081,60.19433,61.30433,57.35148,63.43546,65.07954,59.33373,60.32087,62.87462,61.03617,61.16805,60.26588,65.23856,59.22468,69.85434,67.42271,57.99496,62.92914,66.46772,59.41915,70.85411,65.93587,67.27411,69.62977,61.83146,63.88101,62.14537,57.29152,69.29284,93.78126,69.44579,50.64578,68.51126,66.14765,68.82731,62.3901,62.56366,61.20425,76.74349,73.68435,68.92024,65.83007,65.22042,57.13299,64.9184,67.07764,56.2817,72.79663,64.76059,57.80677,62.63365
mol29_pos_col,64.90613,71.06131,63.67994,68.50965,75.22391,71.55855,69.99329,70.4034,67.63673,59.66443,67.21106,55.9851,66.37734,67.13688,75.38256,63.97352,73.98792,64.81673,70.0251,67.85275,72.15259,70.88123,66.60449,73.63379,64.27993,74.51799,70.51434,65.36629,76.22323,63.62159,73.43749,68.91248,62.61068,62.39464,70.67357,65.99655,61.31654,65.78935,59.86993,66.6809,65.67207,65.91594,66.34881,65.03205,75.69356,72.58117,61.32001,58.31085,78.86578,66.43529,57.43425,60.64411,55.0163,56.10713,53.01328,61.58946,54.52969,59.53957,61.15124,64.40401,67.23599,55.87048,67.53962,64.30244,60.93837,63.85327,73.66317,75.54847,64.93389,60.39432,61.08427,64.67435,65.36151,69.45849,0.0,63.20399,60.74713,72.88687,62.1995,65.61209,63.9345,71.93889,68.65207,64.10135,68.0277,58.55617,64.04518,67.14365,62.40064,71.38947,71.23095,67.40318,71.79879,60.79511,65.69265,60.75372,60.65841,86.75346,64.70289,65.56814,66.97734,55.65485,68.88184,68.99485,61.4858,66.408,82.50331,67.12782,66.41264,58.08768,60.33793,60.39539,70.55264,72.45414,58.71867,61.05711,60.35058,61.20325,63.95706,71.27251,60.12607,59.75159,66.41639,62.32834,58.86419,61.93503,71.58121,71.80478,68.49893,60.17401,63.66473,66.49593,60.96679,56.91056,62.25841,60.9433,58.61716,68.92122,63.99249,64.61461,61.98183,66.90123,63.39893,62.55788,61.96657,63.19085,64.57168,62.2622,63.68215,65.93132,62.42551,86.63674,64.30518,59.34699,65.21619,65.31801,60.97438,61.53271,60.10633,61.25869,74.01608,67.1531,55.09141,57.45596,68.39026,58.97522,65.65356,63.84245,56.65341,75.45213,63.74991,59.63946,63.37502
mol2_pos_col,67.02819,66.15156,65.36156,69.98628,62.55516,68.14805,65.68965,68.09745,71.0986,60.96969,66.09051,63.94091,68.76308,63.58584,73.51272,67.50249,74.88769,62.01788,69.96498,68.97202,72.64007,72.80536,70.34431,72.99784,64.17612,71.49147,69.18317,64.07282,74.66775,65.74387,72.23305,64.81649,64.28776,70.2552,65.57876,61.65902,63.6285,67.80889,64.62551,64.42616,69.26135,67.65487,66.17596,69.36966,76.79324,76.38513,62.38329,61.78106,80.1747,67.74756,60.98345,63.19138,58.37728,65.97096,60.82035,63.92358,62.08924,61.96535,61.82161,68.03247,66.87139,60.48394,76.11633,71.05489,68.64974,70.47302,73.76657,73.26441,62.5071,66.75407,66.51103,68.11202,62.13062,69.032,63.20399,0.0,65.65522,71.3581,59.02668,67.73145,65.86329,74.13975,69.50251,67.55151,67.60978,60.3389,60.08252,65.44037,63.13659,74.50733,69.14487,68.63887,81.77837,65.62363,66.49991,60.31798,61.7074,88.03076,63.31499,68.51682,73.46041,69.00959,76.37793,71.66437,70.28211,67.41021,83.44266,63.44034,62.63988,66.09428,63.0373,64.11664,78.88358,72.88571,57.27759,62.96172,64.45334,55.72063,63.13933,72.37554,68.26127,65.34398,68.04689,67.5967,64.48649,61.85151,71.19921,66.13804,76.7766,63.53537,71.32616,64.74634,66.61178,61.52663,59.64999,57.55448,64.99616,71.22419,62.60636,72.72679,61.0409,70.93378,65.44716,65.07113,64.23175,66.4315,56.86709,66.40304,58.91317,61.0896,66.5378,85.48046,65.94669,63.64894,65.13314,64.94155,64.10871,60.10339,62.39348,63.22938,72.92284,59.265,56.83389,63.36723,73.33892,65.71554,69.58217,65.59198,58.58773,75.19472,65.52468,64.91029,69.70791
mol30_pos_col,60.34445,71.80747,66.47584,66.29162,73.51099,66.65078,70.83257,69.70128,69.50393,66.66703,67.17776,62.86164,64.98563,71.98885,77.71376,54.41411,76.92808,55.0147,73.13129,69.2536,82.58971,72.48332,60.04035,60.33131,69.20996,88.57767,75.93648,69.43382,78.58325,58.59145,73.36499,68.01265,66.18226,68.57792,67.11979,64.70353,59.27605,60.15481,62.03009,61.15612,57.62498,55.92915,69.42644,67.43228,79.64269,68.67802,58.88098,69.18204,86.73393,70.57294,56.77734,59.5197,50.82761,57.10776,57.03299,58.0654,53.6889,60.5672,55.8592,67.74788,63.10654,63.75247,77.28584,67.27656,67.79972,64.96353,75.86014,76.46992,62.46344,69.13349,66.97165,75.15028,60.18589,69.30222,60.74713,65.65522,0.0,76.70126,56.5982,69.81456,72.92816,76.80525,70.2212,56.20613,64.47894,56.6097,62.55659,61.31778,55.70951,73.03781,75.47978,62.63399,78.67223,54.56795,65.50245,61.91506,57.35924,93.05587,66.15477,72.40383,72.1234,68.76084,79.55958,70.80665,64.36241,70.54554,83.5551,64.67786,60.53801,61.34657,58.19403,66.98415,80.28634,77.24685,60.03995,63.42062,61.64844,60.55142,58.76174,68.49325,61.66668,59.5836,69.73546,59.11086,67.31974,64.84454,73.87954,72.06635,79.23039,62.05926,64.00559,63.58779,69.63096,58.57096,58.82011,60.0403,56.05781,72.35134,55.41754,73.7164,54.70318,62.62896,47.73557,62.99412,59.03982,60.09834,66.82577,60.69521,65.45333,64.4875,62.52538,70.11272,66.33405,61.58942,60.16166,63.46036,53.56686,59.05252,60.68497,67.62516,60.90303,54.5481,58.80091,55.88224,71.08838,61.35696,65.3478,59.61953,60.44693,80.0206,57.12915,61.9013,62.47684
mol31_pos_col,63.46805,72.63021,70.91564,72.66504,74.30053,64.36849,68.91026,70.60646,72.34356,73.33744,71.76779,72.24408,76.08201,71.62076,61.90054,70.92343,75.44303,77.65105,75.79181,71.28297,70.21489,73.31672,73.56521,79.69549,71.47676,67.42859,66.7714,67.53003,70.24432,66.01641,69.82931,78.98574,67.7329,70.46843,71.5894,78.86547,76.6858,75.78034,69.00674,72.57269,83.40646,79.94184,60.74419,72.795,67.53785,73.21552,69.12877,65.4746,79.70545,64.32493,59.8325,69.55162,64.61844,63.09549,70.21154,71.11871,65.70677,65.83984,63.17455,70.54545,72.19328,66.02152,71.34224,70.7605,63.60667,67.26076,69.67436,67.03685,66.70365,64.18014,63.84034,69.58488,67.00943,68.00522,72.88687,71.3581,76.70126,0.0,67.07541,67.28449,62.03043,71.16431,68.84394,64.3487,75.13956,67.71807,67.77501,69.39785,72.61156,64.95108,66.81668,74.72826,68.81632,67.13194,74.25263,65.90949,72.14059,81.22056,66.15324,62.81064,65.63705,69.01188,73.02228,61.36805,63.59007,62.61071,74.15282,69.83886,74.10313,65.37387,59.30426,67.3677,67.82579,64.4817,59.04663,65.67016,69.52369,66.42346,68.07387,67.04544,62.15159,70.37502,63.89688,59.89865,61.04406,64.66155,67.94338,61.37973,62.35642,61.19008,65.95126,62.95349,51.62211,67.65503,69.1773,65.55853,71.23034,58.30117,66.01433,68.78285,65.49187,69.68286,74.39428,67.38083,65.48103,75.69392,60.78325,70.26605,61.94791,66.58609,73.20256,99.47838,73.65928,61.5598,62.3171,68.76854,68.2085,67.37097,64.52199,64.53643,79.92731,76.75499,65.79298,68.3418,66.30264,59.73468,64.48749,61.95486,56.50027,68.77033,72.50181,60.40107,64.44316
mol32_pos_col,59.38217,65.67908,65.68087,62.10655,66.4677,60.04186,63.68632,67.18696,67.6324,56.62434,63.43516,62.39417,67.04475,59.88873,74.68366,62.92398,72.39407,61.66445,66.04666,63.01759,71.13549,68.90148,60.8238,67.20655,64.82691,77.61534,66.49039,59.02542,70.35979,63.59963,69.04763,67.01182,59.01189,65.71711,66.19028,63.51019,63.88847,64.74922,58.58822,63.48704,68.92567,60.78986,66.06415,55.37207,72.04849,68.28265,47.58877,61.1151,82.66048,70.75178,54.80605,61.96762,52.18801,62.63069,60.91749,64.46098,58.72517,57.59311,57.8924,65.92557,63.99013,65.70476,75.10106,71.62068,61.03926,63.13221,72.34717,69.85628,59.82474,64.92747,59.87694,64.9285,58.10781,65.73359,62.1995,59.02668,56.5982,67.07541,0.0,67.93968,67.24302,67.29915,69.17983,57.28028,66.82519,57.00483,58.99354,65.32551,64.52528,61.03469,70.67371,62.55059,75.53087,57.99856,67.70564,56.81639,60.92316,82.05525,64.21218,70.07441,66.00685,64.15229,76.17488,70.62252,61.47856,62.18497,74.47795,58.1898,66.46714,50.88719,57.69637,62.17198,75.71162,71.12745,53.72872,60.93954,58.24626,62.98111,64.44647,67.33976,56.97028,60.68524,60.43839,62.89221,67.38042,62.18922,67.95505,62.85963,68.34096,56.22152,64.99588,63.88662,65.49128,58.08113,59.22364,58.08652,62.34858,65.10228,60.76069,69.5325,56.55912,65.8512,57.90663,61.42045,65.25015,61.57185,61.70098,60.23186,58.80769,62.5758,64.40634,84.18758,67.64179,60.71214,64.41531,63.7545,57.98763,58.18091,62.25495,60.64019,67.5129,61.21992,61.05681,59.90423,70.453,62.15309,63.70504,50.75691,61.75555,69.44467,59.27467,57.71943,59.18277
mol33_pos_col,61.77364,76.94712,68.55505,71.73564,72.7776,73.32347,66.36691,67.45432,70.06278,66.85436,66.77772,74.54256,73.53607,66.03304,67.23617,70.87011,75.46381,78.16465,69.33236,69.78734,69.73322,73.56597,72.57095,87.53235,71.80429,70.46867,65.38452,69.80861,71.42142,65.14364,71.1847,74.69644,66.26906,63.17132,71.63415,79.63441,70.79648,73.51999,68.35215,71.88446,82.16314,80.41826,67.40283,69.63336,69.86974,66.06378,63.67007,66.78232,71.03541,63.80618,64.46336,64.34255,67.15886,65.02441,72.05508,68.28895,63.74793,66.64488,67.14239,71.57766,68.41331,60.47595,65.81348,71.57572,62.3144,69.2968,70.17566,68.00391,66.21548,63.57934,59.90024,66.98094,68.46717,69.10297,65.61209,67.73145,69.81456,67.28449,67.93968,0.0,58.7602,68.18347,72.03552,65.53407,63.4445,67.33088,61.70062,60.61464,69.94069,71.54077,67.81366,70.88931,71.45468,69.80507,70.79654,66.16685,71.71437,71.95969,58.34813,61.56753,70.01322,60.9447,65.37817,61.81879,63.19022,64.8315,73.45253,69.35858,74.63806,67.92939,62.01883,70.00438,69.23756,62.02899,59.92351,60.06375,62.79844,69.07421,70.05456,68.23007,63.70683,70.40262,68.14548,62.51822,54.92138,65.25971,65.34105,60.65182,64.33764,63.59625,70.07075,53.75192,59.6927,69.16557,68.67909,65.37766,69.57468,66.08057,63.83713,60.98848,66.20246,68.3659,76.13291,63.85955,70.42042,73.21279,67.34154,70.77106,69.32669,66.29923,70.59766,101.41596,73.96175,60.31398,63.46315,69.59809,72.66995,65.03466,64.72353,64.48483,83.03606,77.92073,64.34439,66.74271,59.82463,63.16716,62.47922,68.344,57.60812,67.94628,67.86582,62.88104,66.05508
mol34_pos_col,61.3002,70.70117,68.63031,72.48976,70.99477,72.38262,68.59358,68.38896,70.98857,66.27851,68.83168,65.98202,61.89151,61.15573,67.56991,73.23393,73.03928,79.02598,74.04038,66.40753,69.9561,69.24764,68.42668,87.32813,66.28362,72.63805,68.9957,65.85202,70.37507,65.75896,68.28676,72.67306,64.55834,66.43944,70.55326,72.96907,75.16264,64.16804,71.3759,71.52622,81.4802,75.51744,61.34525,67.85936,64.86846,72.03561,65.32299,61.7367,70.54649,58.84786,56.76098,67.25397,65.67069,68.74144,59.25596,66.18266,69.51195,68.00683,67.12527,71.66781,65.27295,60.92772,63.61773,66.74664,66.11598,69.64073,62.02234,63.69459,66.4891,57.10214,57.87255,62.92314,67.64936,67.73857,63.9345,65.86329,72.92816,62.03043,67.24302,58.7602,0.0,66.75353,72.50506,62.27278,64.08821,61.31272,62.99144,57.58479,68.25785,65.81055,64.81158,72.47023,69.8719,62.49481,67.93218,62.37579,66.39332,77.21565,63.28313,60.28827,65.58444,71.11277,72.22123,68.28133,60.731,65.33277,71.6579,62.53792,67.00052,62.05139,64.93497,62.23646,69.87173,64.67837,66.5312,61.52724,63.52875,70.92803,64.56858,64.50392,63.81554,71.30054,62.88421,64.65103,63.24933,62.45711,66.45606,60.69048,65.04962,64.86954,66.11625,53.3318,54.8076,69.24029,63.71427,62.90866,72.22117,63.66315,69.45634,58.43796,65.58032,72.41431,77.43564,69.74496,68.21132,71.90091,66.40047,68.84976,69.59378,62.5334,74.24935,100.11301,68.74575,62.4853,63.40539,70.08226,69.48173,66.23831,63.66191,68.11371,84.02661,74.65682,62.59312,66.68968,62.7724,61.36138,59.47138,67.65488,67.06088,68.94966,70.9577,59.98332,64.79121
mol35_pos_col,58.89091,73.45687,77.82736,74.36841,77.24541,69.53961,68.47567,72.55097,77.52848,69.55379,75.13104,75.88388,69.479,69.74072,71.33422,77.6471,69.37797,80.96186,74.24457,77.04318,74.56092,67.07672,73.68809,91.65848,75.67981,75.06761,75.703,65.58043,75.07101,74.931,72.73406,71.81667,70.24342,65.81086,69.98838,77.94749,76.32294,71.94214,71.92717,73.98299,87.56321,80.58813,71.96223,69.99231,69.43582,76.42742,65.64431,68.37599,75.63448,74.09754,65.06981,75.23299,73.39006,71.39095,73.40384,77.12396,74.20026,66.46155,74.17924,76.26774,69.0476,72.69323,75.73047,73.8101,72.03045,76.80508,75.75353,70.82078,72.85302,71.41924,64.62637,70.55103,70.07856,71.06667,71.93889,74.13975,76.80525,71.16431,67.29915,68.18347,66.75353,0.0,74.89402,68.2554,77.07031,72.92276,70.19087,68.91196,69.20421,74.64345,72.87883,71.00286,66.64396,69.89542,70.00077,70.10622,67.78365,80.02776,68.00774,69.38039,71.56622,67.97453,77.01783,69.57809,65.16817,68.04281,82.18465,70.68854,67.34878,74.64283,66.7065,69.26506,71.35764,72.546,65.67898,68.2234,70.39904,70.63163,71.88692,68.99945,65.94523,75.72304,72.89526,66.28249,67.39523,64.7396,73.40036,61.63041,75.43435,62.78113,74.97757,60.89575,69.41064,74.22842,72.34896,75.40433,72.47558,72.66156,67.05118,66.03355,72.44596,72.88259,81.20241,74.11734,72.48039,75.03632,73.66719,75.0885,74.05077,70.21238,79.81689,102.27453,74.29825,68.00633,70.44352,74.12416,74.77291,66.72503,67.41044,74.47693,87.41911,82.62932,65.80373,75.74815,70.41443,67.61928,69.46278,70.55807,62.80037,79.0545,72.09418,65.15168,68.26987
mol36_pos_col,64.83864,73.28036,75.72207,67.87772,68.77861,65.92337,64.5231,67.86047,70.01847,70.78359,63.55729,69.44759,68.34628,68.70828,68.12285,65.39294,75.33724,69.27495,71.41092,63.8327,74.24312,73.85783,71.27305,77.59885,75.36908,77.71048,69.13059,66.28171,73.52977,60.18409,65.8177,69.73307,64.11443,69.94462,67.17522,68.1208,74.03558,68.6451,71.19927,70.81857,74.16163,74.91717,69.16466,65.5672,71.22792,73.52734,71.25406,65.1272,81.99655,70.52748,63.45562,60.20007,68.66199,68.94042,70.38194,66.54226,63.18788,68.54211,66.45403,69.83259,65.94245,62.85153,70.36646,71.26593,68.53342,71.24039,71.70385,68.7388,64.91923,70.07625,68.11297,65.93427,70.66461,71.72945,68.65207,69.50251,70.2212,68.84394,69.17983,72.03552,72.50506,74.89402,0.0,70.09575,66.15917,64.29309,68.82119,62.73877,67.01844,72.70381,70.24514,72.68857,76.44646,67.04478,71.11341,66.50186,68.80465,80.15296,69.93747,68.05245,72.78107,63.84074,72.62526,70.38398,62.26955,65.83311,80.85472,68.46866,64.77615,65.98116,62.1749,69.14486,76.10399,73.57312,59.13927,62.57925,65.88412,58.73351,66.30564,67.37175,67.7859,62.06399,63.96519,62.94655,63.1366,65.42081,71.48511,67.01405,74.86024,66.26953,70.23603,65.63632,65.36568,66.32088,65.87518,65.61221,66.47647,72.48034,64.68641,67.13198,57.48135,61.90007,71.85822,70.83238,71.22758,67.1347,73.14358,70.58481,71.731,68.97024,69.83966,92.21158,64.28493,61.29498,59.58947,63.09542,68.91782,64.3018,66.2598,70.89574,76.25817,70.73972,65.69699,59.83394,69.40017,59.64408,64.85608,71.26609,57.47428,75.4563,71.67173,65.40384,73.00837
mol37_pos_col,55.39231,60.93359,60.56627,66.68317,66.79822,64.95786,68.13653,69.81181,71.74448,67.78086,68.02437,59.85515,62.55748,63.24478,75.17521,68.75274,70.03755,66.13441,72.85403,67.48085,69.16239,72.07602,68.90308,74.49295,68.71233,75.11707,70.95862,65.01557,72.98104,62.90057,70.95834,68.43275,63.06089,65.89369,68.57742,69.43021,67.36461,66.39854,66.30573,65.55413,72.09606,64.97029,64.80434,66.23895,74.82178,70.12596,59.63216,65.57265,77.90623,66.08806,50.88279,63.86468,61.19873,61.12259,65.50588,65.33637,54.99984,61.55185,56.5055,66.11988,59.40501,55.77493,64.31872,61.02721,68.72321,60.82012,63.78007,69.05175,64.48133,59.97015,59.40984,63.23575,65.4277,67.38545,64.10135,67.55151,56.20613,64.3487,57.28028,65.53407,62.27278,68.2554,70.09575,0.0,57.75676,51.51725,54.36397,61.76471,67.92371,70.53229,67.82019,62.13087,67.88759,60.46886,63.86307,53.83419,63.2918,83.25483,56.64454,65.26707,66.68121,65.45719,71.16532,71.35408,53.98215,61.37918,76.11394,55.24638,62.94933,62.72286,56.46122,56.56838,71.77938,67.71351,58.71385,52.73958,62.2381,65.20582,65.56558,63.96169,64.02996,61.55633,64.44487,61.48872,63.70216,61.56323,69.01959,65.26344,70.71679,64.09185,64.42558,55.81932,62.7177,61.65058,59.21774,55.27735,64.11739,63.56232,64.62841,67.05735,53.14956,70.43178,66.14609,65.67572,66.72089,67.93906,67.37787,58.69628,62.53725,65.43465,66.62171,85.93581,59.25612,61.74189,64.94321,60.92047,55.39933,62.68572,61.91025,65.55871,74.44956,65.40566,60.08777,56.09385,66.88859,57.9371,56.16587,59.74321,59.77076,67.09352,68.6208,60.78358,56.8199
mol38_pos_col,66.04261,72.2771,59.97436,72.01033,73.83153,74.86504,68.23302,71.25232,69.13387,69.45641,71.64642,65.24212,68.26469,72.26452,75.60818,66.4745,77.2347,66.09578,77.33998,66.51163,72.84981,72.40959,74.09232,80.09021,71.77936,78.88662,69.5594,67.65164,74.53424,64.46216,69.00581,66.01089,69.40177,68.88588,70.86725,77.0776,69.28784,66.33563,67.33341,66.27335,75.39598,72.11416,69.42088,69.7433,79.62616,72.49451,62.11062,69.21409,77.51097,65.5031,57.30048,55.5097,64.77366,68.02668,66.86045,68.8709,64.25632,68.69813,63.77768,72.59781,68.62121,63.31061,69.74447,61.53477,71.31395,61.38495,69.44841,70.58976,57.75966,67.64457,63.13999,65.7698,61.15771,68.33268,68.0277,67.60978,64.47894,75.13956,66.82519,63.4445,64.08821,77.07031,66.15917,57.75676,0.0,55.49681,65.27761,61.88566,64.99394,71.73415,76.27235,66.15936,72.40871,66.57757,71.17887,68.38168,68.19445,81.2812,61.96696,66.66261,74.26955,69.26712,76.53159,72.38176,60.48242,73.28857,77.49317,63.52653,70.85009,62.4613,65.12272,65.54776,77.31947,69.54685,66.32993,65.66531,65.84451,67.86321,67.20383,67.78195,55.98204,63.18433,62.83771,64.78901,64.00884,63.9145,69.38363,67.45622,66.9292,69.01515,70.33263,63.02339,66.30165,65.28986,64.89765,65.30565,72.15763,67.83909,63.72547,68.18888,63.19732,65.88572,70.29593,66.14244,70.78979,71.16832,63.67673,65.76988,65.8273,66.62071,68.78796,92.32068,62.10414,60.13863,71.21193,65.78301,67.20549,62.43388,59.41956,69.64148,75.56374,70.76866,65.2237,60.58704,62.0902,61.33748,63.46311,65.97899,63.01977,70.19176,67.56094,57.06807,69.27183
mol39_pos_col,60.20633,63.5116,60.67065,66.31063,63.96148,68.50797,68.94351,60.35905,62.63233,60.19954,62.05597,60.25325,64.36218,59.22101,67.65776,61.99814,70.67587,54.86051,68.68104,57.78725,61.98696,67.90042,59.63558,64.99338,64.69725,75.02889,65.93398,64.59043,68.49333,54.02167,68.02932,66.7466,59.77146,67.78786,62.03491,59.84679,63.50788,61.15517,48.79878,60.15779,64.81502,60.65316,54.22585,60.96514,71.76696,66.92315,56.06353,61.35553,74.39088,60.28502,45.41059,55.01688,49.29281,50.30291,58.70448,49.24456,52.81681,57.51701,53.22638,69.64407,62.07756,56.43394,73.83914,61.25196,58.76807,61.83288,65.15968,68.12896,56.05246,59.71121,58.76581,66.43921,56.20872,62.47428,58.55617,60.3389,56.6097,67.71807,57.00483,67.33088,61.31272,72.92276,64.29309,51.51725,55.49681,0.0,56.24992,59.62548,63.94641,65.9727,64.21727,59.62513,72.88517,56.95542,60.28562,55.40666,60.15149,77.59659,54.27423,62.25358,70.59584,64.68048,72.49176,59.61208,55.96738,60.49338,77.21846,60.64004,61.21016,53.62502,54.12644,56.29253,61.44302,59.6433,57.34647,53.77994,53.04163,56.71115,59.64027,64.78594,52.36998,53.25442,56.72916,59.85536,56.54485,52.9259,61.18252,60.72917,58.72655,53.8369,60.33194,48.49705,56.95098,54.74893,45.18711,47.40866,60.92012,55.22766,51.60011,65.97646,55.33923,60.36217,52.42236,54.26552,57.90224,61.22257,55.64083,57.84236,54.408,52.14598,57.9253,77.88038,61.58366,54.08682,52.42057,52.30274,46.93977,59.30887,50.56843,54.6787,63.58511,58.64591,51.96259,46.66182,59.08223,53.70823,61.13028,55.47825,49.54798,57.55677,54.76671,48.64571,56.66082
mol3_pos_col,61.85473,63.23979,58.40528,64.87768,66.2778,66.92491,69.84198,60.93848,65.84785,62.08964,61.39352,64.74474,65.40238,66.24945,68.86163,64.90986,72.56693,62.60951,68.9764,66.07391,70.85527,67.70729,61.6986,70.34362,56.53359,71.5588,67.28102,62.82317,64.86207,60.27285,66.17394,66.12405,57.67383,63.86626,62.18921,63.53083,66.88552,62.92819,63.47941,64.05591,69.07736,65.66134,59.55104,66.189,67.56587,62.63717,64.49774,63.85602,75.05451,63.87846,62.92038,64.75262,58.86788,59.95518,64.17377,56.89523,58.75278,53.87517,57.17764,69.67973,55.09217,58.43645,69.33446,66.07878,64.75823,63.91992,69.86303,71.45035,60.16741,59.64522,57.00909,68.17592,63.81285,64.70028,64.04518,60.08252,62.55659,67.77501,58.99354,61.70062,62.99144,70.19087,68.82119,54.36397,65.27761,56.24992,0.0,60.41332,63.27302,68.17369,66.14222,63.17514,67.46799,58.88323,66.60037,60.46799,60.94867,81.43297,60.61453,63.22418,67.94834,63.05316,71.34142,66.43297,58.07412,64.66434,81.4928,62.30994,62.06037,60.79874,56.65574,59.6767,67.95307,65.2643,57.84565,52.21481,56.74435,60.93093,57.92502,63.66534,56.33962,59.86156,64.95055,63.37809,60.0178,55.88897,63.21779,58.60839,69.86066,58.06603,59.91591,53.56937,59.29652,57.50765,56.77389,57.1837,62.67411,62.34783,58.72064,65.45091,57.00085,69.03971,67.21789,62.20068,62.59288,61.25385,54.76217,53.76834,58.49468,61.0893,63.43237,82.40669,65.22698,57.67663,59.24672,56.63828,53.10842,64.03196,59.11526,58.77996,69.72213,61.37737,57.0748,60.70139,65.37057,56.23228,60.87513,62.39599,56.53513,70.28625,61.32771,55.47476,61.32425
mol40_pos_col,59.95599,71.7561,65.88423,68.52376,64.82726,66.31514,59.99369,65.32436,72.24505,55.07149,60.96836,62.06244,65.55052,60.73156,70.7854,59.06839,69.86242,61.63718,67.53865,59.75275,76.13074,68.66167,61.00403,70.84302,60.22449,77.35339,64.32057,68.32156,65.97902,57.91106,67.60864,60.62406,61.7843,58.25255,70.07934,66.35798,66.23784,61.03165,63.40365,67.4484,63.52316,68.0239,61.40144,66.4841,74.17193,64.96709,65.7842,64.7708,84.19347,68.17529,54.68246,57.12825,57.01611,59.77762,65.51272,58.81722,60.70433,59.08486,60.29759,67.42765,60.40194,55.1499,73.29926,64.60064,66.6945,67.15006,63.9386,74.55549,57.52776,63.80017,66.44672,70.19518,57.96479,67.33531,67.14365,65.44037,61.31778,69.39785,65.32551,60.61464,57.58479,68.91196,62.73877,61.76471,61.88566,59.62548,60.41332,0.0,54.83693,68.07095,69.30793,61.12537,68.37496,54.83154,66.65347,53.2485,60.67816,83.31801,65.58776,68.86061,74.21141,60.75608,77.75824,62.05449,63.075,66.6211,81.17607,59.74079,61.69677,61.91949,58.43882,61.78444,75.7346,63.76578,60.96756,58.08865,61.28432,55.99859,61.8509,66.00249,63.19376,60.43291,63.5849,54.75669,54.35668,60.42811,67.86916,64.83509,70.51164,63.81579,64.73968,60.04322,62.59769,62.20943,55.35262,58.29776,65.13197,67.10449,61.81864,70.03529,59.01916,60.97693,56.49359,58.04883,59.44713,59.64468,58.57578,62.12082,66.09817,58.85643,60.07667,81.68489,64.62648,61.8732,64.10194,57.62043,64.20169,62.77385,59.18233,64.38488,66.07604,62.43013,60.02298,59.05162,63.67157,55.09834,58.3109,64.72424,57.96597,72.30528,61.5263,58.34614,59.19865
mol41_pos_col,59.07648,66.50185,68.05654,67.07094,66.73925,58.61348,62.81576,70.85143,64.71797,54.12018,63.33721,60.91143,58.70849,64.46833,74.21775,63.2198,71.71957,59.14903,64.2027,67.58771,77.44136,67.96501,67.1831,67.89136,69.66296,80.64556,69.27379,62.88185,69.91869,60.26605,71.35764,61.67628,58.53723,63.131,60.5991,66.64592,66.32765,62.7735,65.3118,64.33706,61.01081,65.12656,65.72505,65.06912,70.81867,62.80106,59.39292,64.52283,83.73276,72.17039,59.58671,56.60832,61.0506,66.95547,64.19896,61.23584,61.30341,57.73352,62.45762,66.48471,60.28367,57.97292,73.34541,66.18162,62.3602,65.30993,72.79685,74.88456,55.53107,64.93576,64.41337,72.30904,59.03213,66.55347,62.40064,63.13659,55.70951,72.61156,64.52528,69.94069,68.25785,69.20421,67.01844,67.92371,64.99394,63.94641,63.27302,54.83693,0.0,71.85888,71.17984,62.00023,71.51341,62.67441,63.83766,59.38554,59.20267,86.04279,64.68776,67.82844,74.83754,59.46131,78.07215,64.55945,65.81973,70.31117,80.51516,63.85918,59.31694,57.74914,61.8201,64.57461,77.29924,78.86443,63.70737,61.82361,64.12243,53.40623,58.66788,68.78531,68.62991,64.86597,65.12681,59.45903,59.6871,65.82229,72.08386,68.95646,76.37,63.1681,69.64126,67.47446,65.71322,63.77033,61.71719,60.4821,68.58602,67.25333,63.92349,68.37376,56.87096,68.80394,63.4319,67.03158,66.97644,61.28795,67.94675,65.81749,70.30795,67.6931,65.0398,80.07123,65.6125,61.56165,64.02013,58.54299,67.24283,64.42222,57.18503,65.43469,65.28871,61.04601,57.70365,54.6564,73.33734,62.08076,64.95823,67.31457,55.13457,74.24846,65.34394,63.86943,65.76871
mol42_pos_col,65.7099,73.0708,76.37229,75.85823,73.19923,70.86803,72.29505,73.97401,74.00809,66.73051,76.15317,69.776,72.74601,68.68697,69.47527,69.50584,77.30523,73.04471,74.49017,66.56657,73.13616,77.53956,74.95582,83.88997,68.95902,77.0225,70.10266,70.6092,69.09762,63.9006,74.79298,70.84142,65.59235,71.01036,70.1371,78.77287,83.30231,75.32329,72.20067,75.90081,82.65618,83.20043,68.01429,67.87855,75.97145,73.648,69.04835,67.35959,74.56413,62.61361,65.77515,66.23925,73.30081,70.74351,69.37329,75.81163,67.70211,71.48689,75.76438,77.63164,64.80592,72.93253,73.19468,69.88265,67.2633,73.20626,70.30145,70.34219,60.00399,61.66144,67.11756,69.83806,67.12288,62.91082,71.38947,74.50733,73.03781,64.95108,61.03469,71.54077,65.81055,74.64345,72.70381,70.53229,71.73415,65.9727,68.17369,68.07095,71.85888,0.0,68.004,73.06022,73.18758,70.52576,76.10083,65.27635,75.26627,81.75375,64.22417,69.20106,67.89993,72.26078,76.09815,67.41402,65.84181,66.13307,79.92545,63.76018,76.58231,72.61509,64.64542,72.46274,67.57141,64.11052,63.84795,60.43361,71.64038,70.58738,75.73271,59.84209,60.65145,68.45144,64.53643,68.81664,65.91633,63.01182,64.73971,63.94054,63.71704,68.1705,66.64706,66.9256,67.98767,70.6342,68.04691,67.55383,74.10925,65.37188,62.56476,67.70239,66.92729,74.19218,75.54634,67.23084,72.50696,64.19178,73.75918,73.09036,67.32051,66.24512,78.60464,98.23714,76.22537,66.29412,71.04686,69.13384,72.16709,65.83383,67.44832,69.02626,82.25244,81.39386,75.01574,70.00281,69.96922,63.22005,60.19162,74.8474,64.62365,65.68136,76.37067,61.67617,63.24518
mol43_pos_col,66.85691,70.1253,67.71522,72.95819,65.25113,77.75245,69.47268,68.77906,74.68162,70.90376,73.19577,75.34895,68.66279,71.24022,64.35938,70.77918,75.78319,72.99299,75.94998,69.7755,62.28008,71.42917,72.78579,83.49248,64.39509,69.78529,67.759,70.10652,75.80431,67.9898,72.76556,73.10622,66.15956,69.09692,72.59022,75.92947,78.46348,74.05735,72.23856,74.37643,82.86676,77.91683,62.32455,70.18102,75.33987,75.29282,71.09734,61.43009,80.1907,65.10425,61.75941,69.57729,68.50473,66.57619,71.12045,74.22026,66.94477,67.75622,65.97592,75.37744,64.48219,64.16907,73.62919,70.58156,65.74934,71.86553,69.08987,72.85229,65.05017,60.46636,65.98797,70.2566,67.38729,72.03802,71.23095,69.14487,75.47978,66.81668,70.67371,67.81366,64.81158,72.87883,70.24514,67.82019,76.27235,64.21727,66.14222,69.30793,71.17984,68.004,0.0,73.83081,70.66892,69.83729,71.2238,71.00625,72.53725,79.02255,65.09267,61.93673,70.28058,71.65525,70.12726,69.37883,66.31583,64.60929,74.2255,69.38298,74.50689,70.78024,69.01775,70.83532,68.21478,70.75344,66.54917,61.68543,68.50434,70.08464,65.39387,60.42258,67.49786,68.44577,66.58247,61.68129,63.97613,62.92732,71.82281,70.86338,73.47333,67.53854,65.83716,62.68341,63.26126,68.11136,71.68943,61.58016,77.23782,65.1285,66.47818,65.60447,62.40871,70.95007,76.73268,65.17745,69.77611,69.84237,71.08855,73.05738,61.86615,72.88011,77.64507,100.22136,69.40144,65.83071,66.00485,69.41944,71.51765,68.70953,63.66767,64.49104,85.07856,74.21634,62.07556,68.3764,68.59662,62.66057,66.11133,67.97215,61.42846,72.35735,72.19004,65.714,65.26262
mol44_pos_col,66.23129,69.68278,67.80402,70.76149,72.02962,68.41288,69.94107,71.21546,67.32449,60.46587,67.84768,65.3349,68.04716,67.90226,78.01691,63.06992,74.16123,60.7549,70.01411,64.76443,80.6382,74.71303,70.26694,67.96897,69.3702,82.65612,73.802,70.76134,71.82209,62.97308,72.81176,57.78768,67.1004,60.92921,66.7744,66.38653,65.93444,65.44523,65.85021,66.50027,64.5145,61.39489,66.10002,66.33649,78.51058,74.54134,59.10484,70.3793,84.29512,75.92989,63.96926,60.96894,51.64336,60.05711,61.41083,63.61628,57.51687,61.52567,61.27033,72.8597,64.8646,60.28587,77.41959,70.3975,71.7507,69.86741,77.76786,79.82549,62.93451,72.0775,67.11434,73.30336,66.16774,74.68012,67.40318,68.63887,62.63399,74.72826,62.55059,70.88931,72.47023,71.00286,72.68857,62.13087,66.15936,59.62513,63.17514,61.12537,62.00023,73.06022,73.83081,0.0,73.60678,63.85811,66.7513,62.31559,57.01179,89.72788,69.63989,72.14752,75.39464,61.67183,81.60772,79.38953,66.29757,68.57248,81.76311,66.65271,61.41518,60.63175,61.90546,68.14892,82.66301,77.71256,63.2797,63.82348,61.79682,55.46769,60.70345,75.37492,70.7188,61.70093,66.94455,66.28315,61.4968,62.57669,72.93852,71.35272,81.39877,62.69914,71.64668,63.2322,72.3759,62.07275,60.59463,60.53603,63.16116,71.19363,60.66445,73.22753,59.95603,64.34084,59.99047,63.28714,60.80253,56.82732,62.02818,63.35013,62.39899,67.66782,59.90153,76.50484,63.9684,67.81149,60.19014,63.46449,61.771,67.51029,61.57884,67.35852,62.81856,61.97723,56.4597,60.58333,76.2649,65.76365,73.25435,61.68504,57.47771,77.85892,59.99331,65.86689,66.24369
mol45_pos_col,65.35676,80.82094,69.86977,76.07232,78.63881,82.54856,74.7571,71.37401,78.2755,73.63281,75.85236,70.28509,75.44733,73.36328,66.82763,76.89159,78.38153,81.63428,79.18507,77.16837,71.46476,78.47607,78.48495,93.49179,72.33536,72.89683,68.11907,75.27147,72.80255,79.14903,68.42087,76.84044,70.9382,69.19931,73.06981,85.06213,84.50941,80.67434,75.12551,73.03921,89.49279,89.99503,69.08213,70.51723,71.83708,71.58968,76.23935,71.14689,77.10456,71.49809,68.00841,76.49316,77.09999,70.60157,76.67395,75.74017,78.3646,79.83509,76.86546,81.93896,67.52174,68.61046,69.58555,74.75843,69.5715,68.51209,65.11776,75.31461,69.79554,71.05983,66.1233,69.44441,73.17003,70.4006,71.79879,81.77837,78.67223,68.81632,75.53087,71.45468,69.8719,66.64396,76.44646,67.88759,72.40871,72.88517,67.46799,68.37496,71.51341,73.18758,70.66892,73.60678,0.0,69.69434,77.62487,68.208,70.58846,73.39181,75.76951,71.72802,76.09345,76.24223,79.8401,68.11164,67.18022,74.51733,78.43392,70.29781,78.3665,75.8956,69.90985,71.27621,69.69443,68.67556,72.54714,60.50365,74.68649,73.23877,75.29383,73.7111,68.94004,74.1807,66.80531,69.20284,71.74774,69.5419,71.4884,67.78143,73.40992,68.74149,72.83181,63.05884,66.9841,76.30584,74.45718,74.7767,80.88227,66.60097,77.6343,70.32038,74.31329,69.75416,81.41916,74.2529,74.21221,79.89588,76.38012,69.95948,72.79227,77.81817,85.02607,108.66992,80.97691,66.75903,68.37907,74.88559,77.68389,71.95205,74.18249,74.27498,91.78999,81.71556,75.49758,71.54481,70.35906,64.88187,62.43428,76.91576,67.68089,71.74263,79.81668,68.26945,70.81078
mol46_pos_col,59.59996,62.32352,61.70955,61.97302,67.31872,65.38418,64.8667,65.33608,68.46838,60.96278,60.81494,59.40332,54.9667,67.13375,72.21514,53.90558,75.8351,62.76857,62.92958,60.34601,75.21142,64.19855,56.21565,58.18694,61.41433,82.46124,65.79642,68.07673,67.83037,57.73477,72.83517,66.59611,64.12359,54.28396,67.6442,57.04387,64.48966,59.6099,63.06103,65.82298,64.26584,56.19562,58.02925,64.33046,72.09246,58.21613,56.11083,58.2988,84.13326,64.93567,52.1241,52.29326,48.26405,49.95011,59.33964,58.2943,53.69613,52.52947,54.35309,68.22814,53.34811,59.2899,72.56063,67.86306,64.49955,64.19056,71.36868,73.63365,61.4578,66.70819,58.73643,71.37481,60.71737,66.50313,60.79511,65.62363,54.56795,67.13194,57.99856,69.80507,62.49481,69.89542,67.04478,60.46886,66.57757,56.95542,58.88323,54.83154,62.67441,70.52576,69.83729,63.85811,69.69434,0.0,60.81322,51.86154,61.09687,90.01741,69.58531,59.9232,62.38966,59.36526,73.81602,66.49895,56.26307,57.89852,82.79697,59.30086,60.83369,57.7807,52.77211,64.46087,67.02932,72.61941,57.72559,53.51928,57.66015,53.92871,58.97301,59.04145,63.65221,53.13295,59.02757,56.98349,62.50024,58.47898,65.85938,57.08766,67.31777,62.32165,65.66032,57.88006,57.92694,60.19631,59.81401,52.7006,54.94922,67.23648,59.80106,69.19055,50.87901,65.09189,59.20767,59.02302,59.74474,49.21324,59.41454,56.53003,58.01786,57.96577,59.7366,75.80935,58.65108,59.63167,55.4788,48.8425,53.42874,62.75405,57.03704,63.70991,61.81482,55.68878,51.46335,54.21269,61.20589,57.61759,60.22558,57.87247,54.48492,72.60307,57.50373,54.96659,56.01803
mol47_pos_col,61.25872,74.42746,65.27915,66.96285,73.428,71.99345,70.09876,73.61385,71.13628,64.96201,64.98256,65.46569,62.41407,73.56499,74.40199,67.02215,68.2309,71.80554,70.30028,69.44223,71.87198,67.44295,62.92703,77.07399,70.55728,77.03353,70.11641,70.42731,72.37407,65.58813,74.40002,74.0353,59.83332,62.32417,64.23214,62.10556,72.03757,62.39383,66.50663,68.85111,70.41574,69.9071,67.54939,67.84389,75.15635,73.03624,68.33975,67.84884,80.59947,76.83391,61.37833,70.0611,58.55462,62.6729,62.76719,68.75973,60.62162,64.89082,62.29952,67.58755,65.73318,64.14624,70.85569,68.27009,69.76394,69.10628,73.6264,73.80375,58.81373,66.26469,63.25216,64.6375,62.49088,67.41771,65.69265,66.49991,65.50245,74.25263,67.70564,70.79654,67.93218,70.00077,71.11341,63.86307,71.17887,60.28562,66.60037,66.65347,63.83766,76.10083,71.2238,66.7513,77.62487,60.81322,0.0,66.09158,64.72012,88.7126,62.30429,66.22799,69.82457,72.06371,74.10496,72.9091,67.71116,67.15485,85.97384,69.34477,63.19596,65.26491,62.8292,66.72734,76.44449,70.3297,61.83373,65.10811,61.27131,67.94635,70.08168,75.12475,64.23543,65.63899,69.72467,69.28274,68.24225,65.15589,70.46192,70.69257,74.82755,65.23929,70.25658,64.08476,67.80594,65.43506,58.41477,63.81963,62.26756,72.91729,63.46953,72.45527,65.09038,61.58795,67.38562,65.7511,67.6211,68.2345,69.17119,63.21328,63.8353,65.93049,69.02868,91.08228,67.93251,66.34833,67.21339,69.13771,60.44278,67.01088,61.5167,67.17684,73.56592,69.11354,65.95652,63.32086,67.09973,63.73792,68.15295,60.16895,60.16131,72.4442,68.48607,63.58479,66.68793
mol48_pos_col,53.94924,60.90114,65.04634,62.84801,67.61856,60.04972,61.2719,64.79874,66.65087,59.16413,64.58328,56.02464,66.15795,57.30947,73.73525,63.90493,69.36527,65.75696,65.96485,64.57187,70.46683,65.14421,62.31979,69.60398,62.98976,75.72728,68.19002,66.16765,70.81223,59.53017,69.22488,65.91198,61.16817,60.0557,66.17785,63.30859,67.60134,65.28554,62.62408,68.97923,65.98954,70.78464,59.07722,65.65559,66.87985,63.37596,50.94523,56.48126,79.86158,67.77587,56.36819,60.01253,55.88293,57.50319,62.1646,61.6662,59.41027,55.20259,52.60587,59.42916,60.16004,57.54442,68.77186,64.07405,62.88357,65.38269,68.59971,72.16174,55.39479,61.03121,61.61665,67.66472,56.31455,63.42072,60.75372,60.31798,61.91506,65.90949,56.81639,66.16685,62.37579,70.10622,66.50186,53.83419,68.38168,55.40666,60.46799,53.2485,59.38554,65.27635,71.00625,62.31559,68.208,51.86154,66.09158,0.0,64.62539,78.77274,57.78948,68.13004,70.2492,57.70909,76.08232,65.14708,53.77738,61.56434,73.75166,57.61596,59.13746,56.02703,52.02694,58.87985,69.48027,66.60208,56.6382,51.34497,59.37711,50.04941,59.82542,65.86042,59.25057,56.14346,57.48607,52.84002,54.15248,59.54265,73.19955,51.31694,68.31555,59.53557,62.3729,60.21991,57.30077,58.18613,57.67846,55.33731,61.48147,64.02121,61.62911,64.37701,49.27609,66.12007,63.27072,61.61716,63.42538,54.55377,59.54767,58.88465,59.9431,62.6327,64.18984,81.3288,61.85126,56.4786,57.52271,58.78916,62.10032,65.36029,56.7676,65.57257,66.868,64.452,53.50828,55.48873,70.89851,53.01685,52.56843,62.59241,54.58014,71.96573,56.45646,56.22524,53.67485
mol49_pos_col,63.4315,68.77642,65.71707,64.86259,71.56128,71.96695,65.31815,64.73907,68.3642,58.69095,65.8531,63.62758,67.543,65.85752,77.61095,64.57759,76.29093,62.13038,72.48685,68.21377,75.17703,71.95069,64.06751,68.82424,69.10972,77.24519,72.59108,63.80489,70.5056,60.25546,74.327,53.36405,66.40178,65.68584,70.27969,55.48627,62.25259,61.94349,60.53918,61.00165,66.5177,62.02759,67.59913,63.41096,75.31044,73.10244,64.99963,67.36615,80.60093,70.14914,63.47516,62.73409,52.37134,61.50682,60.5557,61.7262,60.4904,63.16844,62.94499,66.16827,67.11293,62.26921,77.047,71.6188,71.15833,68.2802,72.06536,78.56087,59.98063,69.67095,70.7841,74.06856,63.48129,68.72112,60.65841,61.7074,57.35924,72.14059,60.92316,71.71437,66.39332,67.78365,68.80465,63.2918,68.19445,60.15149,60.94867,60.67816,59.20267,75.26627,72.53725,57.01179,70.58846,61.09687,64.72012,64.62539,0.0,91.70114,65.41556,69.96817,73.3841,65.32201,81.96707,71.50727,64.49621,71.37567,77.04033,63.20281,63.91184,61.55276,60.60329,69.46866,80.79266,71.20689,62.62724,64.59891,66.21116,59.13734,63.45602,71.93524,65.51957,58.42909,70.6239,65.3884,63.94044,64.32112,73.43862,72.19752,76.88546,63.47429,68.01206,67.43821,71.98333,64.16605,60.61299,61.77154,65.30113,71.50647,58.04305,73.42552,57.35842,55.40273,59.30901,68.80028,61.47435,59.51226,64.9355,60.30298,60.91464,63.47885,62.43817,81.95839,62.79769,65.85582,64.71362,65.75993,60.13077,63.02231,60.50707,65.95914,67.3761,57.18557,60.25095,63.45586,70.4602,63.96356,72.30748,58.60118,60.05321,76.85582,61.8961,62.12798,66.6305
mol4_pos_col,73.04673,88.08359,83.67833,87.55342,84.70184,86.87227,83.65849,82.87886,84.6985,89.43782,85.4213,84.40314,90.45659,84.35915,81.00115,90.32025,81.91492,97.45496,95.84393,84.12,83.94982,86.25544,91.3445,105.31332,83.83006,81.35639,84.67009,87.40762,86.07887,89.97906,78.0903,86.22987,83.82553,81.53568,79.42254,94.3658,97.91303,88.7388,79.51235,86.53938,103.52451,102.93292,80.42963,87.19293,78.28968,90.18435,84.09814,77.03634,82.79017,79.71162,87.31329,85.6002,86.11676,84.57108,88.97899,91.30797,88.21374,83.06024,87.74542,84.96259,83.77486,82.24305,82.26624,80.45693,75.31697,86.31915,78.48865,82.03126,85.92859,75.64884,77.97512,79.15799,82.36925,81.88389,86.75346,88.03076,93.05587,81.22056,82.05525,71.95969,77.21565,80.02776,80.15296,83.25483,81.2812,77.59659,81.43297,83.31801,86.04279,81.75375,79.02255,89.72788,73.39181,90.01741,88.7126,78.77274,91.70114,0.0,76.82322,78.08452,83.41436,86.97349,77.39859,73.39772,80.17145,75.77288,70.76307,81.45937,87.35388,83.51687,80.02365,88.1065,71.29628,75.19543,76.18017,76.5743,87.16095,86.69843,89.79135,84.41633,75.21063,89.1726,83.50158,79.89796,76.6182,82.38379,81.77153,73.99733,79.65941,78.62603,82.47543,76.5234,81.31757,85.08643,82.58056,83.62385,95.00686,72.47974,85.15507,76.30853,86.56136,87.88158,91.10859,86.84164,90.32367,91.04721,85.24967,84.42783,87.15411,89.94766,91.10282,122.32749,89.66822,77.80112,82.90252,90.86595,91.74159,82.41309,81.36765,78.33485,107.54352,98.98633,86.01026,86.15976,75.95066,74.60528,75.04925,88.14629,78.18358,74.69419,92.52218,72.34019,80.28871
mol50_pos_col,54.77283,69.43792,62.99737,63.88434,62.52487,66.34458,64.02581,68.27085,65.86506,63.23565,59.61467,62.02529,64.50111,60.00276,68.13534,65.14459,61.6967,65.17505,70.8321,60.10579,68.43644,67.1783,66.33903,75.68434,62.94688,67.30079,64.14624,60.43211,63.89584,62.01694,66.98165,65.2249,61.64324,66.11383,66.14344,68.04808,72.52702,67.52211,63.6603,67.02863,73.46461,72.64026,59.26076,61.78442,67.72618,69.47433,67.11637,65.83231,75.46037,63.1456,59.55057,60.8799,60.97869,59.32843,67.49187,67.02821,58.03938,67.26531,62.06497,68.53123,65.60515,59.6803,65.36605,68.48734,65.29357,66.50011,69.62083,71.15124,65.30784,58.12988,62.45511,66.48628,59.73456,57.13845,64.70289,63.31499,66.15477,66.15324,64.21218,58.34813,63.28313,68.00774,69.93747,56.64454,61.96696,54.27423,60.61453,65.58776,64.68776,64.22417,65.09267,69.63989,75.76951,69.58531,62.30429,57.78948,65.41556,76.82322,0.0,64.78224,68.51363,66.65384,71.43513,64.36704,56.55433,62.31371,75.70479,63.65915,68.66421,59.97543,54.62457,59.33173,63.6056,58.46915,59.53119,57.55258,60.41125,65.69138,66.27976,69.53102,59.61191,67.53538,64.45875,61.8039,58.83795,57.56141,66.45667,65.71115,61.01331,63.19662,60.26725,63.10345,63.79043,67.03213,64.69988,60.59615,66.45269,64.21649,57.80118,57.07572,57.13965,62.55903,70.85418,60.07003,66.43032,67.07689,64.1514,65.09599,60.29691,59.21354,67.28234,91.03121,67.4129,59.82256,62.36101,64.61686,65.76039,64.51895,57.35716,62.36295,76.52179,73.8266,61.17091,61.94896,60.56005,61.42661,65.65028,63.33119,53.76212,63.21431,70.59743,61.47123,60.02383
mol51_pos_col,55.02738,68.70388,67.25047,63.19745,68.93569,68.2849,62.89117,65.55361,69.60561,67.34764,64.52452,63.31756,69.71609,68.4934,67.44374,68.16828,72.65563,78.70614,71.23169,67.99355,73.1899,66.74875,71.85134,77.92489,69.01349,69.59588,67.44645,64.80395,70.41405,65.28678,69.83069,72.24693,65.83767,64.99308,70.70231,67.69295,74.39099,65.70178,64.83551,70.52914,79.39175,72.80911,62.71855,65.60504,72.18266,66.76967,58.65991,61.99507,72.36361,61.32476,63.08375,59.86069,58.5525,64.76453,67.31309,60.6833,63.33104,62.89559,65.50784,70.14055,66.67559,65.27299,65.62021,71.85012,59.02406,65.87736,66.3504,67.4252,63.67343,59.00803,58.97052,63.70753,66.10192,65.31587,65.56814,68.51682,72.40383,62.81064,70.07441,61.56753,60.28827,69.38039,68.05245,65.26707,66.66261,62.25358,63.22418,68.86061,67.82844,69.20106,61.93673,72.14752,71.72802,59.9232,66.22799,68.13004,69.96817,78.08452,64.78224,0.0,65.2693,64.03392,66.05859,62.67643,61.41494,70.8077,73.56279,71.02879,63.95951,68.09434,64.65245,63.074,70.56978,65.97525,60.96842,60.53786,55.92562,63.8081,65.13746,65.24313,61.51871,63.73994,59.1367,65.30659,64.58192,59.90331,64.5158,65.09778,66.70686,58.67811,66.10103,60.29429,57.99133,64.09279,65.72867,64.04092,69.30544,62.169,65.85293,60.09598,65.22457,67.36013,71.86162,62.67171,60.41019,68.31814,63.09222,57.50808,67.51006,64.63307,68.55419,99.94216,65.7003,58.33001,69.06339,66.91295,69.5102,63.3672,60.06344,57.6036,81.67096,74.19714,60.63982,56.59263,63.00734,54.81371,64.99033,65.77391,55.55231,73.696,61.6141,55.42902,62.54124
mol52_pos_col,69.5915,72.66475,71.45739,73.82828,78.41479,72.09322,72.72578,69.2274,72.62612,70.32279,71.90792,64.56918,63.89601,71.42745,73.62958,69.55187,76.66901,79.35925,73.89302,69.24122,72.6277,71.82223,73.53179,86.46962,76.45092,76.29757,69.25325,72.34842,73.43596,70.23242,76.64956,75.59902,68.86888,68.55066,71.09921,75.846,82.3382,75.5022,74.49421,76.48156,85.0009,76.80476,66.84949,72.72803,74.39182,75.25896,66.18058,67.40555,77.39387,67.10194,64.94852,69.15363,70.57297,67.68734,69.71757,71.98109,71.6881,70.57234,67.68174,67.95274,61.54793,73.69345,69.11108,72.65426,65.11962,72.1751,71.26825,68.49188,65.34917,67.15385,61.68546,71.64016,68.08453,62.85859,66.97734,73.46041,72.1234,65.63705,66.00685,70.01322,65.58444,71.56622,72.78107,66.68121,74.26955,70.59584,67.94834,74.21141,74.83754,67.89993,70.28058,75.39464,76.09345,62.38966,69.82457,70.2492,73.3841,83.41436,68.51363,65.2693,0.0,69.8127,72.33437,69.38804,64.0003,63.03425,73.67275,67.7169,69.60775,67.04118,65.38402,68.64144,72.90968,69.24938,61.53773,61.95015,69.86325,72.2616,73.76095,62.07367,66.60378,67.67855,62.48238,61.73735,69.43637,67.62789,65.25829,67.58,64.67112,66.32255,69.09356,63.71529,64.52338,60.73014,71.27026,66.30069,71.92789,63.14072,71.54391,65.86095,70.88007,66.36968,76.78491,74.59059,71.8757,73.92228,70.38619,66.35454,69.95466,73.52589,77.26342,98.73156,65.55239,65.12623,70.37433,69.15527,70.54279,64.56496,67.62088,67.76408,82.02314,77.68688,65.18028,70.161,68.69561,64.9807,68.01324,72.23397,62.49269,70.84732,73.73031,63.46055,67.21534
mol53_pos_col,55.42246,64.40584,67.90938,66.82185,71.83054,72.61979,69.01649,64.10843,74.41417,61.88767,69.23292,60.75808,67.82684,63.87496,74.241,61.53469,71.80174,68.18442,60.41096,70.38176,80.37321,65.68616,66.6924,71.75703,65.89812,80.34756,69.64563,68.12119,69.62004,59.36359,66.45624,65.95217,66.55436,69.11421,69.02965,67.70783,66.82259,66.02601,62.09832,68.9503,69.59285,65.5806,65.91777,69.96851,72.44185,72.24191,55.73417,58.90536,83.7734,68.49529,57.91769,54.57953,59.97969,63.29066,62.90497,59.87701,60.291,54.96225,65.91423,68.58781,61.69426,64.93036,73.4283,65.58826,68.2042,69.43188,71.65761,77.62009,57.73663,65.13316,68.13982,72.9941,65.65471,67.1266,55.65485,69.00959,68.76084,69.01188,64.15229,60.9447,71.11277,67.97453,63.84074,65.45719,69.26712,64.68048,63.05316,60.75608,59.46131,72.26078,71.65525,61.67183,76.24223,59.36526,72.06371,57.70909,65.32201,86.97349,66.65384,64.03392,69.8127,0.0,76.74613,68.05454,62.14889,67.69392,79.49451,61.04708,65.49692,61.90666,60.83506,58.24327,72.00804,68.57223,57.79151,57.97613,56.52234,55.44845,60.9795,67.93921,66.44587,57.14275,62.04695,57.35325,53.04328,62.0022,68.97782,64.67396,70.53351,59.05265,65.64916,65.86642,61.39959,59.06375,65.69138,62.31926,61.42548,63.77845,57.6677,65.14114,60.70517,63.10806,68.70314,64.61746,63.57371,55.74205,65.59023,64.90216,73.76644,65.77636,64.318,83.33666,61.6805,58.1064,61.60008,61.0911,68.22369,67.15474,56.78506,63.64915,71.7067,69.38569,60.6641,61.80312,71.34886,62.46277,65.62881,67.57003,50.57208,76.25097,57.35535,61.59977,65.08176
mol54_pos_col,69.48996,82.9731,77.95699,75.75913,73.81307,78.37042,77.02402,71.10525,81.19368,78.65837,78.67586,81.304,81.0131,81.25645,79.42044,83.14667,81.89372,86.19204,84.62711,78.11661,73.26069,77.02255,83.11078,94.75597,76.35704,73.84397,76.77049,73.93647,79.31749,74.0746,75.7202,75.51888,77.72403,73.97478,76.15179,85.6497,85.26926,80.36065,78.53264,78.76656,94.36194,88.63005,74.68173,75.7843,82.0657,81.77006,78.43071,70.57835,77.0383,69.67319,75.77558,76.06653,73.9233,75.94827,78.74512,77.60564,74.80671,79.99592,77.99332,79.47338,73.75711,77.51804,65.91662,78.32618,67.04103,73.46832,76.83813,73.49444,74.42177,71.51165,68.1512,70.72678,78.62817,73.36641,68.88184,76.37793,79.55958,73.02228,76.17488,65.37817,72.22123,77.01783,72.62526,71.16532,76.53159,72.49176,71.34142,77.75824,78.07215,76.09815,70.12726,81.60772,79.8401,73.81602,74.10496,76.08232,81.96707,77.39859,71.43513,66.05859,72.33437,76.74613,0.0,73.24848,71.88597,66.56231,77.53867,74.98584,80.0009,77.58219,75.43696,77.81213,70.34206,71.25995,68.38919,70.37775,73.01302,70.90304,76.89089,69.31813,68.95253,77.57864,74.25895,68.89072,74.80566,73.14531,71.37002,72.69793,74.82762,70.5834,74.45961,66.13448,71.86583,76.68127,76.3736,71.84287,84.87179,68.55537,75.54618,64.31481,74.34787,69.88831,81.53902,70.9365,82.34791,79.60167,81.90192,77.11268,75.89054,77.73315,82.32887,110.803,78.87653,66.42559,72.39885,81.14557,80.2765,76.21692,72.57431,74.09425,90.11868,88.29664,76.66209,73.16076,69.03384,68.3345,65.2447,78.33969,72.842,78.74856,84.33451,69.73054,72.98425
mol55_pos_col,57.59922,75.29476,71.17199,69.22144,73.23161,67.46586,64.42059,69.46165,70.69267,68.66403,71.01991,72.77548,73.01089,69.91998,67.43604,68.20789,73.83837,74.79477,75.0205,71.35078,69.8813,74.27091,74.47366,85.87052,72.59302,71.00042,73.67088,72.9628,65.18914,69.78892,68.14324,70.50535,69.18269,71.65856,69.83001,70.32861,83.23711,69.24576,70.43462,73.30074,88.34541,81.01838,65.99796,71.69897,67.86721,68.44025,71.43703,69.02889,75.10919,65.84284,66.71371,69.36362,67.73024,63.56998,75.00897,69.38897,69.31509,68.76992,70.20743,74.80659,66.57801,66.56643,70.73319,71.21031,63.46381,70.81342,70.74386,71.94583,70.85443,65.24031,61.39087,69.81565,69.70827,69.52702,68.99485,71.66437,70.80665,61.36805,70.62252,61.81879,68.28133,69.57809,70.38398,71.35408,72.38176,59.61208,66.43297,62.05449,64.55945,67.41402,69.37883,79.38953,68.11164,66.49895,72.9091,65.14708,71.50727,73.39772,64.36704,62.67643,69.38804,68.05454,73.24848,0.0,55.96062,66.78285,73.18347,70.23476,71.38526,68.37589,62.9129,63.94948,53.2086,58.16531,57.46042,64.54008,65.40466,62.17676,63.20667,70.63233,61.45987,68.7712,67.17131,58.44423,67.43698,63.42062,64.70647,63.89438,62.8226,58.91078,66.47857,62.23387,64.88458,67.67118,71.29949,68.11947,70.89534,64.36567,65.67156,64.84996,64.89155,70.33859,75.78003,68.00932,71.52856,75.43993,71.52024,70.33644,64.64309,70.90295,76.3589,100.05221,76.35235,65.07575,63.88644,65.28364,72.19694,69.01151,59.83688,68.29962,87.65572,78.06211,61.50332,64.40519,65.15518,59.19564,62.39071,69.91848,53.33877,62.90017,72.08107,56.64028,65.1517
mol56_pos_col,58.25242,67.65985,64.18825,62.88029,68.2754,70.92785,72.47197,60.39595,63.64966,66.33887,64.75156,60.72976,64.70306,58.86245,69.94239,64.46283,71.05571,65.93062,70.78982,61.87738,62.87908,68.41124,67.13263,75.62195,61.63831,73.05609,62.71422,62.92752,68.57285,58.94694,67.59385,60.98542,56.38512,61.04921,58.80304,70.33251,71.14472,68.99567,65.38175,66.01124,73.45773,72.95497,58.31276,62.90164,72.33242,67.16394,61.03904,64.61265,78.16002,54.31234,59.85297,56.32973,62.69421,59.43176,66.9526,62.34848,58.06606,63.68783,57.32682,69.46177,62.57185,59.0566,65.00037,65.88782,62.06185,60.62595,67.38784,64.93829,63.95557,62.30241,59.13551,64.0503,66.00423,65.08082,61.4858,70.28211,64.36241,63.59007,61.47856,63.19022,60.731,65.16817,62.26955,53.98215,60.48242,55.96738,58.07412,63.075,65.81973,65.84181,66.31583,66.29757,67.18022,56.26307,67.71116,53.77738,64.49621,80.17145,56.55433,61.41494,64.0003,62.14889,71.88597,55.96062,0.0,58.65317,73.23504,62.81335,60.98714,61.77226,50.81242,53.50543,65.02392,61.76794,52.23811,53.22235,60.87141,62.27052,63.00373,58.70885,55.32566,62.32073,57.38214,58.77876,61.22879,58.72436,61.0222,56.8062,64.38337,60.40202,60.80733,58.52099,59.21814,60.9468,61.40455,60.93614,65.2537,53.50101,60.47903,61.79603,59.77868,67.15527,69.89181,67.84857,67.0761,62.92995,64.24197,61.29531,63.38345,59.40964,65.95499,83.67394,63.93402,57.81496,59.20599,57.27382,61.87331,61.94116,54.88036,60.88724,73.65715,69.87358,62.01168,59.31876,58.30275,54.57138,59.1116,62.54403,58.66009,63.85062,63.3315,53.18015,58.32901
mol57_pos_col,62.83212,64.73261,70.09751,72.0634,68.19731,65.93027,66.26675,63.82354,69.34606,65.82308,67.25262,70.00117,68.58824,68.79091,69.47763,64.54833,73.18615,74.15017,68.82366,64.19057,71.52879,73.00058,69.59154,77.37984,63.5489,73.15114,66.28016,69.75342,68.00829,62.12739,69.86583,74.10854,61.81573,67.32787,68.57765,70.57631,71.47586,71.22817,66.38455,71.64102,76.25317,72.08379,59.23271,61.77458,72.65673,69.67698,64.05832,65.25138,77.38358,60.07681,57.45814,62.84757,66.07458,56.48804,69.43653,64.34862,62.4417,66.73146,66.71146,71.48893,63.33548,71.14909,68.58177,67.68965,62.84495,70.15678,67.41043,65.18936,63.39049,66.84719,66.04588,63.26141,64.22919,64.67775,66.408,67.41021,70.54554,62.61071,62.18497,64.8315,65.33277,68.04281,65.83311,61.37918,73.28857,60.49338,64.66434,66.6211,70.31117,66.13307,64.60929,68.57248,74.51733,57.89852,67.15485,61.56434,71.37567,75.77288,62.31371,70.8077,63.03425,67.69392,66.56231,66.78285,58.65317,0.0,75.85216,60.02059,70.318,57.89289,58.07237,67.79774,61.61983,64.95856,56.86573,54.17198,66.7573,58.81251,64.6392,58.23803,60.65187,62.88601,58.26602,56.43277,59.88155,63.77509,66.04175,61.9665,64.23447,58.1002,62.45543,59.11674,56.75719,67.25312,61.56644,60.3267,69.6204,59.65135,63.12769,65.61879,57.88064,66.8495,70.94111,68.78524,67.12395,63.1317,61.87492,68.22179,62.68427,65.69542,72.32287,91.38168,67.75884,62.31743,51.79904,63.21425,63.69528,66.68572,61.01551,58.76967,77.72256,72.93096,68.07922,63.70047,65.4871,61.51611,63.79376,66.59506,54.09709,66.33049,68.58272,57.51295,57.42069
mol58_pos_col,68.60742,83.97879,82.07801,79.2099,85.41221,81.2638,76.65648,76.90174,82.81704,79.18416,83.10126,82.37932,79.97927,79.94699,82.50238,75.21145,80.56075,89.77208,87.76706,75.7839,80.50234,74.52595,85.68396,100.8788,81.0956,80.96799,81.69677,80.73998,74.83865,77.17339,78.3316,81.04627,79.05553,80.84997,79.24482,90.26165,93.14882,84.7269,79.31551,80.3591,95.47543,95.2929,78.27782,77.9932,82.72899,85.67767,77.5412,73.41541,75.40407,74.41022,72.43145,79.42645,81.45639,81.69286,82.67166,87.13218,83.49011,81.67102,78.87384,86.37715,77.58056,79.03031,77.44165,73.11082,73.41489,80.36904,69.34752,78.14287,78.63172,67.20784,76.82122,72.47176,69.53474,70.05477,82.50331,83.44266,83.5551,74.15282,74.47795,73.45253,71.6579,82.18465,80.85472,76.11394,77.49317,77.21846,81.4928,81.17607,80.51516,79.92545,74.2255,81.76311,78.43392,82.79697,85.97384,73.75166,77.04033,70.76307,75.70479,73.56279,73.67275,79.49451,77.53867,73.18347,73.23504,75.85216,0.0,70.14518,84.13846,77.65496,79.51732,81.41905,72.73468,67.66176,77.39999,73.00409,82.82471,79.39236,81.60346,76.63048,72.15462,76.90935,74.71398,74.68231,73.27998,74.68042,75.23178,73.05312,73.77762,75.80058,80.53618,72.14211,70.46,79.51447,81.98561,78.37727,89.94888,70.4858,79.38392,75.7299,80.33933,79.75808,88.73867,82.49709,84.56066,82.30726,83.27154,83.93368,80.21238,79.98387,87.69783,118.50439,79.33959,72.92839,82.36503,85.43792,84.24002,71.2022,77.27233,75.87209,99.05237,92.63755,83.64922,80.45855,65.26798,71.88038,71.92449,80.90639,72.1466,64.75169,83.37557,71.59991,76.33843
mol59_pos_col,61.34972,67.58508,69.06227,69.44471,71.21322,71.00293,65.81332,67.6302,71.26608,63.08334,66.93492,62.14835,66.42393,65.15328,74.75167,65.0934,74.97499,64.62102,70.30765,67.3165,75.70624,68.33205,69.00143,76.72108,63.1199,79.38176,74.76461,63.57643,65.60509,59.55137,61.49117,68.90145,67.40965,63.61085,65.15157,69.52761,71.48297,67.30043,68.19255,67.79178,71.40818,67.45394,63.32545,69.10302,76.15485,69.3671,53.20883,65.09892,75.5514,63.26228,57.46085,59.0208,58.80888,64.4776,66.84362,69.62759,56.25728,60.47922,66.23594,67.43233,56.0492,66.52708,71.44302,62.65695,64.04413,66.96518,63.14956,64.93214,58.74014,58.54567,53.13849,66.04481,59.71388,62.46589,67.12782,63.44034,64.67786,69.83886,58.1898,69.35858,62.53792,70.68854,68.46866,55.24638,63.52653,60.64004,62.30994,59.74079,63.85918,63.76018,69.38298,66.65271,70.29781,59.30086,69.34477,57.61596,63.20281,81.45937,63.65915,71.02879,67.7169,61.04708,74.98584,70.23476,62.81335,60.02059,70.14518,0.0,68.35824,64.18589,60.41411,65.28706,74.78081,66.86005,59.52902,56.694,64.98217,63.52648,65.17547,62.7164,62.21529,51.97066,60.24609,57.19453,60.64548,63.30914,69.70068,59.5922,69.22096,65.7195,62.62864,61.35706,62.35609,65.54008,65.20561,61.18626,65.92134,61.99722,56.29932,72.14317,64.20456,69.27953,66.8291,67.21002,67.32322,64.98353,69.06137,64.89763,63.80246,64.14611,70.5583,83.96306,65.74994,60.8252,66.35575,61.74638,62.1386,57.90285,60.64125,63.34305,77.15618,63.04802,64.49059,59.61767,69.49956,57.83482,65.41138,62.53819,59.92935,68.20511,66.80438,58.06253,61.61748
mol5_pos_col,63.40818,67.25084,64.88159,62.73038,69.93501,64.90216,65.12079,72.33135,64.48729,59.32639,65.67617,60.57752,62.92409,64.5563,72.62126,61.60429,67.33854,69.66727,69.9641,71.46895,80.30086,62.8759,66.45949,66.39085,69.26971,76.45632,69.55974,66.82017,73.89172,63.12676,69.33977,63.22251,56.41186,65.99844,63.77596,64.2511,64.11508,64.09471,64.03268,62.97267,62.86046,62.69458,64.86163,62.63998,68.12953,71.25173,65.90158,67.71847,82.75671,71.1522,59.40714,63.41528,54.08405,61.17072,59.87057,61.20821,60.09415,55.47293,54.24301,67.5878,64.16316,63.7599,71.78135,69.75563,69.86899,70.55284,76.38154,77.29459,64.35078,64.18742,66.1445,71.28585,68.90222,69.2182,66.41264,62.63988,60.53801,74.10313,66.46714,74.63806,67.00052,67.34878,64.77615,62.94933,70.85009,61.21016,62.06037,61.69677,59.31694,76.58231,74.50689,61.41518,78.3665,60.83369,63.19596,59.13746,63.91184,87.35388,68.66421,63.95951,69.60775,65.49692,80.0009,71.38526,60.98714,70.318,84.13846,68.35824,0.0,62.17915,63.96673,60.37268,78.3103,76.22709,58.92667,61.22358,57.20939,58.33926,63.22344,68.65396,63.06729,61.85697,69.86469,63.40745,66.63782,59.84158,76.9553,68.18037,74.96724,63.80429,67.70682,67.86087,67.83977,62.61091,62.9958,62.74153,55.7816,66.52873,63.74485,69.63122,59.92666,64.82428,62.9413,65.73967,58.40862,59.29576,65.11248,53.01916,67.69021,57.72795,60.5296,80.60676,64.5714,65.01341,63.87913,59.2067,62.6698,68.41024,61.97415,59.1302,67.29009,61.24401,50.45474,62.39882,71.80816,62.44178,67.15225,61.95064,56.41318,78.02741,62.43154,65.58989,68.19228
mol60_pos_col,60.74907,63.10253,59.96885,62.64986,68.58594,66.713,70.85038,67.41318,63.4206,63.93777,57.43669,62.54994,62.99444,63.85385,77.96922,61.85818,66.6995,58.7795,64.83314,57.39955,70.03566,68.11703,59.47953,65.87686,61.04739,69.61174,65.30153,62.27398,69.62227,53.5069,66.74416,65.441,52.71744,68.71198,57.94221,64.04506,61.74103,60.64498,59.66733,66.06174,64.00603,67.03448,54.09888,65.31999,71.31074,68.43324,56.16828,63.32468,82.50923,67.02284,53.82355,61.17285,56.93692,57.80659,63.38427,56.49634,59.35868,54.53147,49.26243,62.74932,65.38089,58.84003,71.28357,61.37434,63.20461,61.17699,72.6648,64.84071,59.14984,64.52391,60.58842,71.04029,56.06767,64.95574,58.08768,66.09428,61.34657,65.37387,50.88719,67.92939,62.05139,74.64283,65.98116,62.72286,62.4613,53.62502,60.79874,61.91949,57.74914,72.61509,70.78024,60.63175,75.8956,57.7807,65.26491,56.02703,61.55276,83.51687,59.97543,68.09434,67.04118,61.90666,77.58219,68.37589,61.77226,57.89289,77.65496,64.18589,62.17915,0.0,55.43188,58.04153,69.48494,68.54091,54.86701,52.86453,60.89724,55.97922,60.25609,66.95927,57.30806,57.6359,57.16445,57.17396,59.72041,55.58517,68.46879,59.12666,65.34861,58.26874,63.5429,59.01991,57.40182,52.72995,54.50101,52.72826,62.61881,59.87328,59.83488,64.83391,53.6145,61.43611,56.04329,59.55685,62.75921,57.63234,57.1975,56.42441,59.06827,62.61598,60.0715,76.75872,64.4889,52.81727,56.70082,53.60139,53.65178,63.81694,44.95652,58.80882,67.57492,60.15936,50.55499,55.10809,67.88697,52.87858,61.64119,56.62803,53.56524,68.67181,63.01,57.08702,57.27695
mol61_pos_col,56.90565,58.6908,62.33981,63.45356,67.03262,61.09883,65.22771,62.42138,66.88997,56.46624,61.22261,63.05463,62.52446,63.20273,69.05759,60.05475,67.33273,62.75628,68.90248,60.2915,67.87625,65.45871,59.99655,69.00597,63.31705,77.62166,64.53043,61.17281,64.26412,50.83437,64.24719,64.54418,61.98889,58.683,60.71665,62.04765,60.56493,66.84346,60.46097,66.69522,65.90451,65.62738,59.24103,59.26378,67.98017,63.79011,60.50551,61.22786,80.00036,63.84377,56.02832,58.41003,51.18852,53.65716,66.163,57.94309,52.81155,56.31436,56.61042,62.55872,53.49182,59.39285,68.50732,67.00988,61.73988,63.55088,71.03164,69.08068,58.95419,59.34089,55.62525,65.87064,55.15917,61.17384,60.33793,63.0373,58.19403,59.30426,57.69637,62.01883,64.93497,66.7065,62.1749,56.46122,65.12272,54.12644,56.65574,58.43882,61.8201,64.64542,69.01775,61.90546,69.90985,52.77211,62.8292,52.02694,60.60329,80.02365,54.62457,64.65245,65.38402,60.83506,75.43696,62.9129,50.81242,58.07237,79.51732,60.41411,63.96673,55.43188,0.0,54.45767,64.53232,60.84597,43.28478,44.25896,59.2628,57.83545,61.47513,62.42835,57.87755,57.03747,53.81701,51.08469,51.76895,55.55202,69.51272,49.19882,61.99971,52.46809,58.13652,53.51071,62.90269,62.51632,58.77593,57.80098,54.00271,57.95891,54.36743,64.48657,51.58732,67.44474,61.9629,61.33894,62.53657,59.37284,58.10154,61.61485,57.83538,59.38309,61.20439,80.7037,58.92021,55.49168,53.03683,49.03837,53.55298,60.81742,53.66908,57.11179,64.62833,62.94162,55.09981,54.36535,63.11375,51.52583,59.99553,55.0704,48.862,65.43307,58.91167,53.55117,53.23828
mol62_pos_col,57.68479,70.60614,67.99242,66.70279,68.7685,67.88078,72.39978,68.59006,72.54985,65.17404,69.74235,58.88046,65.95276,60.92534,62.24112,69.62209,64.74507,66.66712,70.5469,65.71941,68.09404,73.13425,68.64114,70.35567,67.46366,75.93913,69.47804,63.79282,67.87419,66.80067,69.42706,70.94548,64.46566,60.6811,68.83799,72.58706,65.72758,66.48559,58.47277,70.77017,72.82491,70.86259,61.82999,65.1725,72.58329,69.40953,60.59902,63.20177,76.23988,70.16607,55.54313,54.79517,58.77848,64.41058,60.39064,66.83374,56.48433,59.49691,60.60553,68.83576,65.87466,53.45867,71.53038,62.88713,68.36327,70.37419,69.4666,74.8872,59.63525,58.16824,54.62779,65.69199,67.17165,67.35778,60.39539,64.11664,66.98415,67.3677,62.17198,70.00438,62.23646,69.26506,69.14486,56.56838,65.54776,56.29253,59.6767,61.78444,64.57461,72.46274,70.83532,68.14892,71.27621,64.46087,66.72734,58.87985,69.46866,88.1065,59.33173,63.074,68.64144,58.24327,77.81213,63.94948,53.50543,67.79774,81.41905,65.28706,60.37268,58.04153,54.45767,0.0,72.09328,64.26469,54.32314,60.76207,55.19343,61.16433,61.86529,67.29303,63.57683,65.95081,61.40128,59.48242,63.3814,59.34383,67.76992,65.00347,71.0758,60.70257,66.9162,62.53162,64.30461,61.92326,61.46607,62.66217,57.2145,60.06683,64.00542,67.10833,65.79007,68.29313,70.33033,63.32821,62.37231,62.09481,59.9368,59.9181,58.15392,65.19646,67.88313,83.38738,66.93933,65.52093,67.54421,63.10783,62.25841,59.274,60.13122,62.68562,73.2477,67.97554,56.60229,54.7293,69.64087,59.08322,66.19626,66.38739,54.29827,71.18486,63.55147,58.20726,58.0561
mol63_pos_col,55.33068,76.18404,76.4518,74.37908,76.2822,83.18898,73.51695,67.30719,76.50494,73.57887,80.56151,73.63156,79.26958,75.69262,75.34678,77.71165,77.22177,84.418,79.2001,72.51788,67.28628,78.88682,76.52913,92.82083,70.97348,71.80049,75.0844,74.82091,73.58205,66.30952,77.11743,80.39761,74.35127,74.93726,78.74542,81.25601,85.20374,78.06311,73.55355,77.19042,90.8015,85.27117,64.17699,72.93956,74.4746,77.8769,76.8789,65.74335,74.16515,59.26611,64.71573,70.85557,70.71577,67.39012,76.35258,71.22259,74.34068,73.61055,71.85218,76.43397,75.38803,73.58467,71.20088,77.0184,64.2736,69.54191,74.49337,72.31472,73.31521,69.36268,61.7029,68.80504,66.23864,69.91359,70.55264,78.88358,80.28634,67.82579,75.71162,69.23756,69.87173,71.35764,76.10399,71.77938,77.31947,61.44302,67.95307,75.7346,77.29924,67.57141,68.21478,82.66301,69.69443,67.02932,76.44449,69.48027,80.79266,71.29628,63.6056,70.56978,72.90968,72.00804,70.34206,53.2086,65.02392,61.61983,72.73468,74.78081,78.3103,69.48494,64.53232,72.09328,0.0,64.15572,66.89461,63.84537,66.87893,69.57715,75.98424,69.31226,63.39456,69.36271,60.40917,60.48669,59.27288,62.38222,69.29092,65.43091,59.92565,62.73851,67.80133,62.02115,55.30954,65.12453,72.54803,68.77196,78.81993,66.78411,73.13061,61.72515,71.60422,76.30237,79.67974,69.34444,72.26336,81.70905,76.54264,73.98027,70.46294,71.51384,79.90032,108.60164,78.1614,62.74371,66.18054,73.14615,76.15299,72.90038,66.74269,70.48489,92.8132,81.74772,72.40417,67.63949,62.76329,65.74423,63.86855,75.81941,58.72806,59.88365,75.58967,60.42357,61.5329
mol64_pos_col,53.28188,77.5259,70.37328,73.35276,75.03273,68.29355,74.02591,63.2495,70.06608,73.68073,73.83625,74.08995,72.73475,71.08875,71.27502,66.27787,71.10104,80.45612,78.42619,69.21533,69.59651,69.97239,73.22086,89.78256,67.78615,70.7004,70.91043,71.26412,64.1896,63.15351,71.73981,72.27656,65.6517,67.18781,66.85803,75.53309,80.03416,77.87204,68.43948,71.27474,87.60988,86.29577,64.60809,68.3394,71.37733,74.94169,69.629,69.49915,68.33146,56.30062,63.92625,66.52282,62.41754,58.52831,74.95893,70.47898,63.379,63.94468,71.83242,75.74144,70.35275,70.02309,67.76059,66.90739,63.55337,70.55745,63.43612,69.45412,68.43338,60.97481,60.58886,65.47704,62.88463,55.96772,72.45414,72.88571,77.24685,64.4817,71.12745,62.02899,64.67837,72.546,73.57312,67.71351,69.54685,59.6433,65.2643,63.76578,78.86443,64.11052,70.75344,77.71256,68.67556,72.61941,70.3297,66.60208,71.20689,75.19543,58.46915,65.97525,69.24938,68.57223,71.25995,58.16531,61.76794,64.95856,67.66176,66.86005,76.22709,68.54091,60.84597,64.26469,64.15572,0.0,54.47159,60.63255,69.67503,71.39473,71.60553,66.33676,60.37838,67.58394,58.82447,61.54718,58.58797,53.11275,61.85358,62.24225,47.11334,62.27082,64.73716,58.0113,57.55992,65.20261,69.94711,61.36219,64.21441,56.32138,56.36684,63.19631,69.5653,66.81113,76.17095,62.42255,66.85039,72.29876,67.38151,73.17346,65.5213,63.98821,71.9945,104.11018,73.50295,57.2491,64.72259,70.4299,73.31004,68.65386,59.39955,64.02132,81.40016,82.64764,71.02343,66.57991,50.75977,59.5916,65.42814,70.02841,59.48489,58.7295,67.88913,57.36728,61.73103
mol65_pos_col,49.90683,67.76953,63.88693,62.38417,63.91191,61.75568,61.4727,58.51277,61.79571,62.79088,55.52556,61.64865,61.21087,60.86235,63.78627,54.59459,62.64933,61.99461,63.81715,59.93054,69.51192,67.37034,59.8022,66.99879,60.68605,71.57955,65.32985,62.03904,63.24653,50.82248,63.06382,64.38911,53.40535,66.03025,53.25159,52.15874,68.08569,58.47717,58.53237,60.17315,65.69848,63.71265,56.06361,54.80238,68.32437,69.29905,52.72222,63.33585,73.3026,58.50437,60.48049,59.37419,54.46266,59.75349,63.21516,57.05022,48.25965,56.62094,60.96466,65.33975,53.9746,59.36624,68.0591,59.65417,54.73387,59.73289,65.57501,68.62871,59.81519,62.27426,58.49782,63.38018,57.07967,53.93692,58.71867,57.27759,60.03995,59.04663,53.72872,59.92351,66.5312,65.67898,59.13927,58.71385,66.32993,57.34647,57.84565,60.96756,63.70737,63.84795,66.54917,63.2797,72.54714,57.72559,61.83373,56.6382,62.62724,76.18017,59.53119,60.96842,61.53773,57.79151,68.38919,57.46042,52.23811,56.86573,77.39999,59.52902,58.92667,54.86701,43.28478,54.32314,66.89461,54.47159,0.0,52.56663,59.49458,57.57658,57.13931,67.61174,53.37436,55.41204,51.42389,56.65768,54.09467,50.23765,60.93186,55.13432,56.28888,53.20616,53.04358,59.50558,61.20528,57.49712,58.02756,50.9965,55.50246,58.26036,50.27415,60.29322,54.17013,61.30295,63.04278,44.13694,51.4275,59.23762,59.48787,59.4933,60.51321,55.23872,61.97886,80.95191,64.27775,50.53597,54.21149,50.27181,59.6997,55.2901,54.18909,55.32322,66.28517,62.00133,57.85129,56.63689,60.35578,50.64335,59.56671,59.18727,44.90843,63.27123,57.10184,47.79398,54.54453
mol66_pos_col,56.7662,57.37533,59.5468,65.00147,65.32791,62.58191,63.14824,65.04488,63.28157,56.73032,65.67825,62.1138,62.834,56.26715,65.70766,60.29074,62.14515,63.16824,65.87892,60.32378,69.65648,63.88153,63.27722,67.72197,61.98404,68.03154,61.61554,61.76555,62.4893,57.66846,55.54963,58.19883,57.41222,52.66305,65.78612,66.33788,65.44741,65.14107,62.38396,65.21564,67.16816,64.10945,56.55411,57.83886,72.72277,64.51518,50.02679,56.5365,76.2047,55.72315,50.66331,56.0347,57.48889,52.94056,62.94119,58.54984,54.95588,53.2742,57.53955,66.78185,55.30525,60.30841,68.08491,60.9622,60.70661,64.25081,59.8532,64.84508,57.1969,53.90958,50.13062,66.19716,59.22769,62.59953,61.05711,62.96172,63.42062,65.67016,60.93954,60.06375,61.52724,68.2234,62.57925,52.73958,65.66531,53.77994,52.21481,58.08865,61.82361,60.43361,61.68543,63.82348,60.50365,53.51928,65.10811,51.34497,64.59891,76.5743,57.55258,60.53786,61.95015,57.97613,70.37775,64.54008,53.22235,54.17198,73.00409,56.694,61.22358,52.86453,44.25896,60.76207,63.84537,60.63255,52.56663,0.0,56.12773,56.62863,58.3757,56.92839,55.51279,57.2737,57.15553,50.06225,61.40892,61.36025,58.6244,48.63923,63.24571,59.15347,60.65645,47.92977,60.81154,59.44101,61.19005,50.4979,56.75321,58.88021,57.41081,58.19165,49.81327,63.96471,63.30726,64.1105,59.01493,59.94226,58.63456,60.49731,58.74017,63.19265,67.19141,84.65833,59.74952,54.44332,57.83599,56.86622,60.73916,59.91762,52.73183,61.52194,72.64521,63.37148,50.73821,47.39158,63.34157,47.18954,57.34136,60.80887,54.05688,62.30018,62.74048,47.32125,54.58746
mol67_pos_col,55.23648,69.47482,60.16588,64.79783,69.3073,68.20075,63.98928,66.8388,64.1698,60.25872,59.13218,55.24263,67.4731,57.35663,76.26308,62.48772,67.19554,62.24254,60.61374,65.88863,74.06849,67.88174,65.62856,65.4817,67.73971,76.43657,64.75534,64.24007,68.61547,60.54877,67.61218,69.73342,61.47055,62.84091,70.49474,68.64526,63.9745,55.61755,57.14559,62.43364,62.04006,66.3735,53.35045,64.50404,73.84616,69.77978,62.21429,61.49746,80.68827,62.60166,51.54683,52.35467,53.66606,57.68775,59.40317,57.2382,57.36241,55.9575,56.98366,68.5623,62.57883,55.60441,71.27487,64.88748,64.1443,63.88979,69.47432,72.98072,60.6617,62.10922,61.39034,65.33325,64.7188,68.53885,60.35058,64.45334,61.64844,69.52369,58.24626,62.79844,63.52875,70.39904,65.88412,62.2381,65.84451,53.04163,56.74435,61.28432,64.12243,71.64038,68.50434,61.79682,74.68649,57.66015,61.27131,59.37711,66.21116,87.16095,60.41125,55.92562,69.86325,56.52234,73.01302,65.40466,60.87141,66.7573,82.82471,64.98217,57.20939,60.89724,59.2628,55.19343,66.87893,69.67503,59.49458,56.12773,0.0,56.53557,61.13518,60.44993,56.2018,61.95027,62.67518,57.6327,60.09252,55.14808,68.84404,66.25326,69.16632,57.52107,63.47674,59.70816,60.37138,55.11366,54.93424,59.21137,56.14897,60.74393,56.8394,65.22532,57.49635,63.71318,61.15303,60.00799,51.32856,63.74382,59.77163,55.81175,53.37783,59.34173,62.64694,82.05733,62.82019,58.70665,57.59835,57.83164,54.56277,61.8225,54.5399,57.10297,63.96083,60.68129,50.98908,52.53473,70.06269,58.7587,61.92222,57.99659,54.72829,72.2857,59.22437,54.81122,60.51799
mol68_pos_col,61.81348,65.60016,64.85768,59.49309,65.74479,58.17173,61.68623,62.05865,67.09458,52.72154,61.39983,58.86467,61.26731,63.81885,70.99129,55.20368,71.61368,60.01966,58.89987,64.42503,75.17392,65.81683,64.67661,62.9105,63.61236,77.84235,64.8113,63.50624,67.29138,51.27028,70.06678,61.60106,61.30498,62.14962,62.20282,60.03725,62.57006,61.9209,58.28621,66.21303,62.6752,63.39185,62.31852,64.31297,70.9388,70.98233,58.9539,60.82105,87.97563,69.59679,60.66022,56.74461,58.53513,55.35327,57.73934,58.69451,58.31871,54.41807,55.6466,63.73265,60.87718,59.40258,76.04531,62.9655,60.45192,65.81095,73.94882,75.7038,56.11766,68.18425,63.20569,73.40373,57.94673,64.81684,61.20325,55.72063,60.55142,66.42346,62.98111,69.07421,70.92803,70.63163,58.73351,65.20582,67.86321,56.71115,60.93093,55.99859,53.40623,70.58738,70.08464,55.46769,73.23877,53.92871,67.94635,50.04941,59.13734,86.69843,65.69138,63.8081,72.2616,55.44845,70.90304,62.17676,62.27052,58.81251,79.39236,63.52648,58.33926,55.97922,57.83545,61.16433,69.57715,71.39473,57.57658,56.62863,56.53557,0.0,50.19078,62.71202,63.73629,56.30746,61.12269,53.50685,55.44913,57.82668,67.04979,63.43412,67.5327,46.78479,69.07245,62.70227,64.54567,52.02969,60.28992,54.08634,56.44681,63.67141,50.23918,68.2904,52.9864,60.76748,57.20921,64.54755,58.19424,51.78648,56.16003,59.82083,59.87047,62.12067,55.98555,77.59542,59.48933,64.91609,52.71206,56.27438,57.77622,57.67306,53.94553,59.83144,61.27354,58.01055,54.98444,53.18936,68.55628,53.99483,61.57177,63.34001,49.42543,74.04761,55.45283,58.9251,58.97587
mol69_pos_col,64.41109,63.04922,64.33762,67.48803,72.19911,62.55589,67.75893,67.39337,69.42909,57.3456,65.37748,61.91197,63.67964,62.75084,71.20662,53.17487,75.33569,62.42061,61.24485,66.12355,70.15338,67.19709,58.03442,65.44314,64.8356,78.00478,69.39616,60.35938,72.93335,55.53357,71.41891,64.9185,61.59585,66.27828,64.23053,62.70444,65.47042,60.35357,63.30144,61.81788,63.28907,70.67491,64.23037,60.32848,68.54271,68.01884,64.32344,61.32113,79.57825,67.91598,62.50296,60.3197,57.0124,58.68087,60.07751,62.94899,56.63921,61.67057,58.42497,64.16214,62.90667,55.03212,74.95379,64.3874,63.76917,65.36157,70.28366,72.73745,57.96434,66.22857,63.21929,75.92047,62.4216,65.38977,63.95706,63.13933,58.76174,68.07387,64.44647,70.05456,64.56858,71.88692,66.30564,65.56558,67.20383,59.64027,57.92502,61.8509,58.66788,75.73271,65.39387,60.70345,75.29383,58.97301,70.08168,59.82542,63.45602,89.79135,66.27976,65.13746,73.76095,60.9795,76.89089,63.20667,63.00373,64.6392,81.60346,65.17547,63.22344,60.25609,61.47513,61.86529,75.98424,71.60553,57.13931,58.3757,61.13518,50.19078,0.0,69.69154,63.16682,57.01087,61.91914,57.3035,59.28991,60.8273,70.39995,68.48191,73.20266,58.403,71.60087,64.64041,63.35383,54.02255,57.55389,59.18943,60.3805,67.95414,56.69217,71.83581,55.10661,65.99816,60.44065,66.25137,56.7483,58.78414,64.685,60.18272,61.69747,61.14636,60.79183,80.16759,60.70133,62.52786,58.67437,60.32655,59.51563,58.75962,54.67152,61.71893,68.0397,58.87276,57.03144,55.23282,66.19544,59.37148,59.60305,59.94021,54.35896,77.88461,56.64603,63.07759,58.5304
mol6_pos_col,66.02468,68.09846,75.21245,70.71532,69.62356,75.97292,74.92047,67.23327,66.66528,70.37862,59.31806,69.30497,68.58507,69.62862,72.28834,67.13053,76.92263,71.55592,72.9545,70.15539,71.96668,64.35264,66.22266,85.10337,67.07466,73.87572,65.7384,69.9406,70.95561,59.11356,72.16709,67.48602,65.82154,64.49677,70.35809,73.26789,72.45627,70.53374,66.89616,67.88012,78.40486,71.46953,59.6543,66.40869,76.49642,76.17074,66.31858,63.94322,74.45643,63.27019,58.60363,63.04015,68.56912,62.78296,70.21039,67.82268,68.6472,68.32275,64.8856,71.72884,63.60212,65.51006,68.8368,69.26707,65.01347,69.64939,68.31921,69.0993,59.26632,63.82643,64.18646,66.79884,62.45242,64.92805,71.27251,72.37554,68.49325,67.04544,67.33976,68.23007,64.50392,68.99945,67.37175,63.96169,67.78195,64.78594,63.66534,66.00249,68.78531,59.84209,60.42258,75.37492,73.7111,59.04145,75.12475,65.86042,71.93524,84.41633,69.53102,65.24313,62.07367,67.93921,69.31813,70.63233,58.70885,58.23803,76.63048,62.7164,68.65396,66.95927,62.42835,67.29303,69.31226,66.33676,67.61174,56.92839,60.44993,62.71202,69.69154,0.0,59.05393,66.28947,60.83852,61.46154,65.19032,64.6661,61.43952,63.77468,58.38591,67.13804,65.98024,64.94997,53.91687,65.57094,67.71452,64.91014,70.84524,66.14542,63.07733,64.86472,63.08899,62.43849,69.1013,65.82373,68.06599,63.85869,69.27909,67.45049,62.64925,65.15871,73.02961,96.9365,70.53343,58.12594,61.69398,67.71443,67.45119,66.15023,60.26895,61.25591,74.17178,73.82166,64.5317,65.61537,61.83674,60.6047,61.00529,68.81955,61.19314,71.88729,68.0818,57.97531,63.92662
mol70_pos_col,54.84793,70.32891,60.79693,66.57363,67.87447,75.01062,69.40658,62.0139,64.88332,67.74632,67.68521,63.46166,67.17746,63.10843,67.36287,66.12106,71.12758,68.93762,68.21609,67.45967,62.11932,74.9504,63.60748,76.4254,64.79101,68.16645,66.31687,64.31252,61.32888,62.99117,66.63878,68.17956,60.12411,67.21734,60.42682,68.78095,68.35018,67.53837,54.24088,64.87009,77.69906,74.6706,59.76352,62.35339,69.7667,64.97748,61.73531,63.59434,67.44351,58.26794,50.86868,62.19548,59.94692,63.08381,62.1346,62.88029,59.57527,57.80556,56.15664,68.28412,64.84152,62.06762,60.15243,63.6614,61.68823,59.4287,64.05074,70.72727,65.7181,62.33282,56.90388,59.01609,55.03403,60.23637,60.12607,68.26127,61.66668,62.15159,56.97028,63.70683,63.81554,65.94523,67.7859,64.02996,55.98204,52.36998,56.33962,63.19376,68.62991,60.65145,67.49786,70.7188,68.94004,63.65221,64.23543,59.25057,65.51957,75.21063,59.61191,61.51871,66.60378,66.44587,68.95253,61.45987,55.32566,60.65187,72.15462,62.21529,63.06729,57.30806,57.87755,63.57683,63.39456,60.37838,53.37436,55.51279,56.2018,63.73629,63.16682,59.05393,0.0,58.75728,59.37095,54.3706,61.24131,57.25582,66.35301,54.93274,57.21579,59.94572,62.03794,56.71241,58.65999,56.47143,60.34298,57.65596,66.67484,59.78277,54.16898,59.5281,62.2851,64.3109,65.86306,65.03581,63.41193,66.25791,60.12884,57.17213,57.06829,59.21198,69.72602,93.78779,63.8587,47.14402,61.1483,61.73741,52.23634,57.59239,50.35729,56.06696,72.13763,69.87227,62.79401,62.87206,56.94064,52.30407,55.36145,59.26435,56.91197,57.5464,65.23272,48.12466,56.45571
mol71_pos_col,60.67143,63.1877,63.80831,64.49479,68.2249,69.97984,64.50929,56.92527,62.33635,63.10705,59.81718,60.97441,62.42154,66.07926,74.81328,57.70648,74.4003,61.57764,64.76859,62.42013,74.60316,69.52114,59.85199,64.43492,61.19703,81.2773,68.26022,64.39142,64.78485,47.7947,72.85421,63.55551,63.25793,59.51851,65.62957,60.2812,63.29253,59.44681,63.30359,60.58292,64.92841,58.74388,61.37803,63.87581,77.27987,65.76829,59.38601,61.36598,81.60632,65.04888,56.32559,42.43923,53.03347,52.90091,61.92195,55.299,49.09107,58.04067,53.93569,65.47971,61.77111,61.49835,73.54279,64.95729,63.75106,62.69783,69.41644,73.75937,59.85842,65.1127,61.99746,70.32736,51.78932,55.74241,59.75159,65.34398,59.5836,70.37502,60.68524,70.40262,71.30054,75.72304,62.06399,61.55633,63.18433,53.25442,59.86156,60.43291,64.86597,68.45144,68.44577,61.70093,74.1807,53.13295,65.63899,56.14346,58.42909,89.1726,67.53538,63.73994,67.67855,57.14275,77.57864,68.7712,62.32073,62.88601,76.90935,51.97066,61.85697,57.6359,57.03747,65.95081,69.36271,67.58394,55.41204,57.2737,61.95027,56.30746,57.01087,66.28947,58.75728,0.0,54.42079,53.50618,56.29756,54.00902,67.5779,63.70547,63.4165,56.52367,63.54113,57.06282,60.7154,54.08801,58.90367,52.17817,58.54992,67.98368,54.58741,68.28405,51.02599,60.48625,53.38464,55.9441,58.04787,52.71541,57.72199,59.17135,58.9491,60.05182,56.23616,74.84353,55.56653,50.80268,59.60911,55.66685,57.26109,59.17138,49.39286,63.54664,64.30682,59.06395,54.7901,50.5768,65.19142,54.47278,60.2176,55.11147,52.87445,70.502,55.23227,44.9654,52.73429
mol72_pos_col,54.62574,68.82278,66.5575,63.09655,71.44661,68.58113,68.41029,59.09652,68.0924,62.96715,64.63337,60.0058,64.41984,67.5854,72.27861,52.96187,67.45878,71.86811,64.64355,59.86245,70.26711,64.58835,66.55432,72.85925,64.05333,73.54601,68.07938,65.82996,64.49984,52.16333,68.39817,68.85105,58.68969,62.21971,63.89455,66.80401,75.52021,70.62029,64.63558,68.79115,72.8119,71.43085,56.55796,61.62947,74.15013,66.37455,57.4125,62.22963,75.99204,57.10852,59.89592,57.61736,58.4377,57.91691,65.14309,62.67355,54.23241,56.48347,61.82902,66.39675,64.33846,63.19266,65.93438,60.35563,61.37298,64.74741,68.22839,68.30712,59.3892,68.69557,54.75033,62.23887,53.42059,58.82081,66.41639,68.04689,69.73546,63.89688,60.43839,68.14548,62.88421,72.89526,63.96519,64.44487,62.83771,56.72916,64.95055,63.5849,65.12681,64.53643,66.58247,66.94455,66.80531,59.02757,69.72467,57.48607,70.6239,83.50158,64.45875,59.1367,62.48238,62.04695,74.25895,67.17131,57.38214,58.26602,74.71398,60.24609,69.86469,57.16445,53.81701,61.40128,60.40917,58.82447,51.42389,57.15553,62.67518,61.12269,61.91914,60.83852,59.37095,54.42079,0.0,59.65981,58.52018,54.21335,60.07093,62.38426,56.54024,57.41666,61.46654,55.80252,52.8523,58.7844,60.62864,56.00493,59.27158,56.98052,56.58278,63.96892,64.43952,64.15053,66.4917,54.54256,60.06351,59.52222,51.88272,60.89371,62.09689,62.58024,65.30191,87.71402,61.47609,51.45855,57.87857,60.61228,66.47598,61.95383,54.51064,59.28929,72.55822,64.5387,55.00021,55.97028,62.75139,53.38236,59.16879,63.10443,52.60878,64.35245,55.36632,53.5132,49.0145
mol73_pos_col,52.01516,66.82044,65.81147,62.49649,65.22632,62.7428,64.47554,63.53299,68.02995,58.14099,68.12794,63.63727,62.6172,65.99646,69.32504,57.7134,66.78013,67.3811,64.43422,62.99177,70.32179,66.1648,64.3268,72.52514,64.14824,76.15007,64.96979,57.63213,63.09944,60.16053,67.76546,63.70474,58.50432,58.95489,63.2817,67.37868,64.46379,60.38828,62.66426,69.04368,69.77158,68.43122,59.09432,62.94529,68.84461,66.95212,61.82884,55.35243,78.7699,55.64595,52.486,50.2078,58.10131,48.91466,66.21122,63.62148,56.25061,54.14364,56.69327,63.95352,61.35499,64.25599,63.43463,63.45436,60.79195,58.91301,63.56083,63.39331,60.48215,62.43968,55.33373,65.40985,54.72546,60.19433,62.32834,67.5967,59.11086,59.89865,62.89221,62.51822,64.65103,66.28249,62.94655,61.48872,64.78901,59.85536,63.37809,54.75669,59.45903,68.81664,61.68129,66.28315,69.20284,56.98349,69.28274,52.84002,65.3884,79.89796,61.8039,65.30659,61.73735,57.35325,68.89072,58.44423,58.77876,56.43277,74.68231,57.19453,63.40745,57.17396,51.08469,59.48242,60.48669,61.54718,56.65768,50.06225,57.6327,53.50685,57.3035,61.46154,54.3706,53.50618,59.65981,0.0,49.83657,57.96043,66.53962,55.46216,62.93479,56.36897,63.45176,57.23242,57.06768,60.14992,60.29452,54.19683,60.67153,62.81066,54.53056,52.71416,54.5727,60.95806,61.3999,64.74696,64.72279,61.2871,65.02068,63.16545,61.5824,61.39075,61.63502,82.56441,59.71972,56.12922,51.89826,60.76057,61.756,59.80736,54.29194,61.25448,68.2052,60.79853,57.02598,58.81323,62.66383,50.1877,53.45592,62.97648,46.9352,70.3788,60.50117,54.22942,51.58874
mol74_pos_col,56.08657,63.96464,63.24392,61.4771,68.33487,67.34264,64.82961,62.96015,67.1072,64.00426,66.5889,60.88631,67.31272,62.68385,68.74219,59.05907,67.14232,67.45503,62.50458,64.01971,68.31032,64.99289,62.84625,72.65392,61.24709,71.22692,61.68642,68.85212,64.43858,53.23893,64.43443,67.35734,60.32562,57.40947,62.30812,63.85756,66.93299,64.78478,58.59612,59.93811,67.95918,71.59238,55.2088,67.55476,66.63256,69.13828,63.77865,60.47297,73.85082,60.3368,58.41244,59.04778,55.27153,57.69212,60.49016,56.6784,52.46056,48.83285,63.3117,64.67918,62.33378,57.9681,69.53245,59.0207,54.58163,57.64303,65.29268,72.75882,60.8219,62.32292,64.81489,64.21493,55.73072,61.30433,58.86419,64.48649,67.31974,61.04406,67.38042,54.92138,63.24933,67.39523,63.1366,63.70216,64.00884,56.54485,60.0178,54.35668,59.6871,65.91633,63.97613,61.4968,71.74774,62.50024,68.24225,54.15248,63.94044,76.6182,58.83795,64.58192,69.43637,53.04328,74.80566,67.43698,61.22879,59.88155,73.27998,60.64548,66.63782,59.72041,51.76895,63.3814,59.27288,58.58797,54.09467,61.40892,60.09252,55.44913,59.28991,65.19032,61.24131,56.29756,58.52018,49.83657,0.0,52.69447,65.14452,63.26167,56.82412,53.11719,58.52848,57.28475,52.5184,54.10212,61.21358,53.07177,60.65401,57.23644,51.09077,59.58191,59.06992,62.50625,62.65794,55.90159,57.25801,58.32484,62.68241,63.41736,62.39143,58.43641,55.87289,86.24302,66.56818,54.1971,50.05561,53.28037,62.13098,64.64959,53.98038,53.45716,67.6485,63.29743,58.97352,59.93371,64.56069,57.63034,56.98624,62.27053,46.04468,67.42017,62.50462,57.48172,57.99726
mol75_pos_col,53.70665,66.6818,65.60049,64.05458,62.01567,64.98423,64.4222,55.00456,62.44032,57.18913,64.45509,63.88006,60.43248,61.11142,68.60317,56.47636,62.8192,66.02213,62.50932,59.63756,68.04718,63.49119,58.44301,75.76263,61.11701,71.89824,67.66107,58.82404,63.97571,46.82295,66.56547,66.12832,59.72245,68.96928,59.78476,60.15632,67.7315,60.17519,59.14342,58.39,68.20524,68.69992,57.12293,61.10188,66.85881,61.98619,61.206,62.42984,68.17201,50.60549,58.5064,59.12576,54.86883,47.42282,59.3705,61.41359,58.76178,53.36415,57.89949,67.84175,58.48191,61.20501,66.40325,60.80471,61.49386,61.1598,69.88191,65.97176,60.16977,61.19836,58.19053,64.27779,57.73557,57.35148,61.93503,61.85151,64.84454,64.66155,62.18922,65.25971,62.45711,64.7396,65.42081,61.56323,63.9145,52.9259,55.88897,60.42811,65.82229,63.01182,62.92732,62.57669,69.5419,58.47898,65.15589,59.54265,64.32112,82.38379,57.56141,59.90331,67.62789,62.0022,73.14531,63.42062,58.72436,63.77509,74.68042,63.30914,59.84158,55.58517,55.55202,59.34383,62.38222,53.11275,50.23765,61.36025,55.14808,57.82668,60.8273,64.6661,57.25582,54.00902,54.21335,57.96043,52.69447,0.0,54.81481,58.47163,60.11464,53.87842,53.57435,51.1798,50.76872,54.0072,52.78022,51.22398,57.60677,60.0583,53.99113,63.93261,59.36583,57.08138,62.17258,55.85449,55.88217,59.95125,56.68215,57.21497,57.84116,58.41655,62.82714,85.33721,63.76149,51.05133,53.29048,52.18668,58.93573,58.36312,58.31702,58.41167,61.96428,60.54065,56.34206,62.05906,59.11176,55.89694,62.8311,57.1284,49.12149,63.49402,64.15039,46.25018,58.0104
mol76_pos_col,61.88493,78.29311,74.47673,73.2253,71.83952,70.252,75.44079,67.76121,66.5593,69.55101,68.94138,72.99151,68.38197,75.12934,69.07063,58.79976,70.80043,73.84166,74.06372,62.96878,69.21847,73.33232,69.49027,84.77676,69.26953,73.61637,70.87297,71.48633,69.36362,53.4121,72.29744,71.61296,64.64725,69.50843,69.50823,72.74463,83.22714,73.09675,71.97246,68.21425,83.12771,76.73465,66.84068,63.65751,77.22778,71.44299,68.41906,68.57523,72.35534,59.65774,65.9766,65.75988,68.8459,63.97929,72.00474,67.06785,71.68555,71.41787,67.65371,76.23465,68.51545,68.01637,75.02584,72.42662,63.68572,69.97115,65.4735,67.49695,66.06086,66.39049,64.16285,67.01429,68.25837,63.43546,71.58121,71.19921,73.87954,67.94338,67.95505,65.34105,66.45606,73.40036,71.48511,69.01959,69.38363,61.18252,63.21779,67.86916,72.08386,64.73971,71.82281,72.93852,71.4884,65.85938,70.46192,73.19955,73.43862,81.77153,66.45667,64.5158,65.25829,68.97782,71.37002,64.70647,61.0222,66.04175,75.23178,69.70068,76.9553,68.46879,69.51272,67.76992,69.29092,61.85358,60.93186,58.6244,68.84404,67.04979,70.39995,61.43952,66.35301,67.5779,60.07093,66.53962,65.14452,54.81481,0.0,68.3488,63.99952,67.98698,63.30311,62.95846,68.75262,67.39867,68.97264,58.05501,64.77819,63.5637,61.99026,65.28143,74.60077,64.86405,74.09601,66.59241,67.55784,72.49901,69.8724,71.99329,69.74498,64.50281,70.5289,101.34973,71.97249,63.26505,69.85058,65.4326,70.94796,61.25056,68.33384,72.39416,80.65489,77.32735,69.58015,65.82976,62.2568,62.39372,67.60833,71.48644,61.09873,66.0785,71.73467,58.38006,61.38471
mol77_pos_col,60.82586,64.34894,63.58977,69.40772,64.64984,67.02433,71.77201,63.88239,70.00599,67.99302,71.31707,72.47046,65.59743,63.92872,68.26781,72.95519,69.96053,75.97445,70.9316,68.1408,68.47523,72.88367,65.42192,75.51645,69.69803,66.01041,69.30777,66.40032,63.57386,58.59338,64.09339,77.7496,66.0165,64.13112,65.91932,69.05478,74.84054,72.39726,65.0114,71.57543,75.68653,74.70874,58.5997,66.39256,70.51153,62.94163,59.37297,60.12716,75.99732,61.07709,61.56139,67.57171,59.84199,62.40807,69.95613,61.74399,64.64439,61.34136,63.50899,72.8029,54.45987,65.78063,70.87808,65.36817,64.80951,69.62042,68.10121,66.5494,62.0905,62.23085,53.97303,67.5626,63.81455,65.07954,71.80478,66.13804,72.06635,61.37973,62.85963,60.65182,60.69048,61.63041,67.01405,65.26344,67.45622,60.72917,58.60839,64.83509,68.95646,63.94054,70.86338,71.35272,67.78143,57.08766,70.69257,51.31694,72.19752,73.99733,65.71115,65.09778,67.58,64.67396,72.69793,63.89438,56.8062,61.9665,73.05312,59.5922,68.18037,59.12666,49.19882,65.00347,65.43091,62.24225,55.13432,48.63923,66.25326,63.43412,68.48191,63.77468,54.93274,63.70547,62.38426,55.46216,63.26167,58.47163,68.3488,0.0,63.94102,63.40168,65.11025,56.23029,63.19825,66.51467,62.16083,60.92739,69.59207,65.60507,63.00007,58.0483,53.85411,67.96936,72.392,66.94139,67.69265,63.87093,60.99262,61.9847,64.8213,60.78752,74.39585,90.77527,68.01156,58.17207,53.62162,55.50424,66.32767,61.30423,49.73954,62.74701,78.95405,70.92825,57.0978,56.25556,59.76378,53.87166,57.14318,65.16095,58.75107,67.04515,66.69508,51.315,55.50547
mol78_pos_col,61.73312,80.51606,72.97044,74.59543,77.89206,73.87955,73.65304,67.45406,71.17298,75.45366,74.55548,70.20025,75.42707,69.64454,73.12314,72.90581,70.82065,82.23765,80.86945,69.65324,70.04901,67.7551,73.40091,86.00481,73.98419,71.87093,69.55554,73.88685,70.30862,61.40551,71.64708,77.18562,68.52452,76.50367,65.22503,77.9869,83.64993,75.49657,70.33352,71.33198,88.57893,85.31034,64.89132,67.40749,76.20941,69.43335,65.49749,64.37325,71.20843,64.1526,62.12358,65.59707,68.60644,65.5545,67.96055,73.58207,65.42146,64.27047,67.33583,74.20898,70.22019,67.12979,69.46077,62.46383,64.8825,71.64722,69.06285,64.13842,65.14378,68.78942,62.47583,64.89665,63.73431,59.33373,68.49893,76.7766,79.23039,62.35642,68.34096,64.33764,65.04962,75.43435,74.86024,70.71679,66.9292,58.72655,69.86066,70.51164,76.37,63.71704,73.47333,81.39877,73.40992,67.31777,74.82755,68.31555,76.88546,79.65941,61.01331,66.70686,64.67112,70.53351,74.82762,62.8226,64.38337,64.23447,73.77762,69.22096,74.96724,65.34861,61.99971,71.0758,59.92565,47.11334,56.28888,63.24571,69.16632,67.5327,73.20266,58.38591,57.21579,63.4165,56.54024,62.93479,56.82412,60.11464,63.99952,63.94102,0.0,64.61872,64.52892,61.3404,56.12259,64.95858,68.31982,67.61428,67.66322,65.38255,64.41525,68.71056,69.38886,69.67601,77.08925,66.73177,66.85737,70.92512,64.32669,67.63152,62.29967,57.48518,66.64793,100.59932,71.16691,58.38441,68.47393,70.70388,70.42262,67.97401,63.43899,62.7931,83.4381,80.27538,68.86663,65.91642,58.80436,59.62401,65.10823,74.1285,58.20167,59.8394,71.86878,57.42936,66.39793
mol79_pos_col,52.72495,64.57324,62.52214,52.77402,64.71771,62.10918,63.71543,59.48235,64.63122,58.12053,61.95128,65.96027,69.67355,63.77442,61.37257,65.78726,70.5209,70.30822,66.67042,65.4258,72.42684,67.54499,59.60642,71.69289,63.86402,74.18777,69.19456,64.56092,62.01936,58.64878,65.25698,67.66967,63.44249,62.33933,67.93249,64.14185,70.0054,62.99702,56.88088,66.23081,69.89963,70.72685,59.88338,62.96711,65.82303,65.58613,55.96037,60.40002,74.13249,66.31073,55.38994,57.04351,54.99397,55.57751,61.89564,58.05114,54.97755,53.65932,62.57329,66.26689,64.33763,62.97118,72.11976,65.91572,59.9035,58.18522,65.77273,71.76953,54.08626,64.10252,57.41367,69.84512,59.68744,60.32087,60.17401,63.53537,62.05926,61.19008,56.22152,63.59625,64.86954,62.78113,66.26953,64.09185,69.01515,53.8369,58.06603,63.81579,63.1681,68.1705,67.53854,62.69914,68.74149,62.32165,65.23929,59.53557,63.47429,78.62603,63.19662,58.67811,66.32255,59.05265,70.5834,58.91078,60.40202,58.1002,75.80058,65.7195,63.80429,58.26874,52.46809,60.70257,62.73851,62.27082,53.20616,59.15347,57.52107,46.78479,58.403,67.13804,59.94572,56.52367,57.41666,56.36897,53.11719,53.87842,67.98698,63.40168,64.61872,0.0,64.69337,57.86433,56.27014,55.38641,56.4158,57.28242,57.9311,57.94536,55.1042,63.10188,57.0844,68.03628,63.96944,57.71476,52.20711,59.51017,58.50406,54.68137,58.52617,56.4665,57.62958,85.82464,64.29661,55.90787,58.82317,58.81445,60.71449,64.24767,49.64466,54.05504,70.76026,64.94201,52.75402,57.04198,62.28285,50.75885,61.82753,58.19012,48.93242,68.85908,53.08574,52.14612,57.39834
mol7_pos_col,62.44168,68.59996,70.67859,69.93826,72.45783,72.66133,65.83161,64.99699,66.63447,67.93865,63.10504,63.95396,68.52931,70.44698,74.36191,64.98119,70.74453,70.20816,71.40425,69.38183,68.23875,72.04453,67.55448,81.26948,61.57438,75.17714,59.86094,71.11527,65.46373,57.59537,64.46383,66.88092,62.11094,71.24581,62.04981,64.98931,72.16174,62.67468,66.90488,62.80785,73.51942,75.44219,62.4134,58.24984,73.87624,71.65032,67.58076,68.70652,78.51885,61.95178,63.72168,68.09398,63.71959,58.77213,71.24129,66.62524,65.23509,61.26637,62.99917,67.82185,64.07295,62.99904,69.82555,65.2542,62.71702,62.67259,68.77291,67.20968,63.69881,56.4902,64.60863,65.97341,58.71474,62.87462,63.66473,71.32616,64.00559,65.95126,64.99588,70.07075,66.11625,74.97757,70.23603,64.42558,70.33263,60.33194,59.91591,64.73968,69.64126,66.64706,65.83716,71.64668,72.83181,65.66032,70.25658,62.3729,68.01206,82.47543,60.26725,66.10103,69.09356,65.64916,74.45961,66.47857,60.80733,62.45543,80.53618,62.62864,67.70682,63.5429,58.13652,66.9162,67.80133,64.73716,53.04358,60.65645,63.47674,69.07245,71.60087,65.98024,62.03794,63.54113,61.46654,63.45176,58.52848,53.57435,63.30311,65.11025,64.52892,64.69337,0.0,65.2301,62.7416,58.08943,64.07829,59.64991,67.06491,65.00256,55.4427,71.29004,65.51545,65.79145,68.21297,63.64327,68.67366,67.65109,65.79158,66.44795,62.9772,60.93271,68.78612,91.20906,71.74183,61.32319,67.43824,55.29821,62.28631,71.14333,62.18118,65.38072,73.23574,69.63281,69.20685,66.27092,66.38353,64.00732,63.21163,68.80401,58.8839,67.95615,69.70322,54.06349,66.10668
mol80_pos_col,55.08457,68.49606,62.95403,72.3537,65.41958,68.90011,69.71335,52.47652,68.57467,65.65071,67.39708,66.49972,63.37861,63.77258,68.48048,67.62921,72.45262,72.59408,71.17128,64.91582,66.4894,71.10135,63.31045,78.4854,65.43599,68.00418,61.01498,63.95927,69.20385,54.00228,63.71996,66.78656,61.36652,62.52221,63.29167,71.61801,67.7592,67.89613,65.23489,62.75258,77.64917,73.15851,58.19162,60.35381,65.83545,67.20453,60.96109,59.63445,60.15899,54.99944,55.10616,62.73906,58.68974,58.03135,63.14292,61.27266,60.34636,66.12005,57.99879,71.36952,63.04784,54.542,57.02219,69.01755,60.39301,64.91576,61.81125,51.81509,61.67036,60.00483,56.35929,51.13618,60.22293,61.03617,66.49593,64.74634,63.58779,62.95349,63.88662,53.75192,53.3318,60.89575,65.63632,55.81932,63.02339,48.49705,53.56937,60.04322,67.47446,66.9256,62.68341,63.2322,63.05884,57.88006,64.08476,60.21991,67.43821,76.5234,63.10345,60.29429,63.71529,65.86642,66.13448,62.23387,58.52099,59.11674,72.14211,61.35706,67.86087,59.01991,53.51071,62.53162,62.02115,58.0113,59.50558,47.92977,59.70816,62.70227,64.64041,64.94997,56.71241,57.06282,55.80252,57.23242,57.28475,51.1798,62.95846,56.23029,61.3404,57.86433,65.2301,0.0,50.07038,59.16207,58.64793,57.31554,70.00596,59.00621,57.34224,55.71503,62.54596,64.50147,68.36154,61.37403,61.66398,68.39861,63.80464,62.82053,59.88418,61.52178,69.63625,92.92393,65.3535,54.37671,56.79717,61.69655,62.78747,62.34737,58.55357,60.86088,75.77622,64.68602,60.99658,57.07739,60.02801,49.99901,50.8163,56.15054,56.82673,65.67024,63.24759,51.94353,52.01437
mol81_pos_col,58.24016,68.00777,66.0079,64.33794,66.26311,70.26864,69.58557,59.11845,67.88584,66.87484,61.49646,63.33949,69.33859,63.52558,64.41581,66.13468,74.12119,76.96199,63.80331,59.54299,64.07966,65.42054,60.1686,77.15485,62.11614,68.46609,68.20183,64.81826,64.05399,58.98801,70.37828,73.71348,64.87653,67.86151,63.79823,69.902,67.57376,69.60845,64.21967,68.6063,79.57114,74.37379,53.69314,65.53946,69.81033,67.57017,66.70631,59.84392,69.07524,57.33018,55.52291,63.60309,58.94146,61.39706,61.16449,59.8337,60.0934,61.03258,57.97234,66.8526,67.5187,57.14375,59.83058,65.82363,58.47555,59.78384,66.04725,60.02852,60.58494,62.30158,60.13926,57.17106,57.49581,61.16805,60.96679,66.61178,69.63096,51.62211,65.49128,59.6927,54.8076,69.41064,65.36568,62.7177,66.30165,56.95098,59.29652,62.59769,65.71322,67.98767,63.26126,72.3759,66.9841,57.92694,67.80594,57.30077,71.98333,81.31757,63.79043,57.99133,64.52338,61.39959,71.86583,64.88458,59.21814,56.75719,70.46,62.35609,67.83977,57.40182,62.90269,64.30461,55.30954,57.55992,61.20528,60.81154,60.37138,64.54567,63.35383,53.91687,58.65999,60.7154,52.8523,57.06768,52.5184,50.76872,68.75262,63.19825,56.12259,56.27014,62.7416,50.07038,0.0,53.45476,62.22201,60.36256,63.87987,57.99743,63.42589,60.70632,62.91353,65.09553,67.66722,62.24784,62.7035,61.95419,62.11144,53.70195,61.89324,60.28979,66.6115,96.57278,66.00357,52.24848,55.66652,62.47395,62.89901,65.29219,56.77749,59.58562,76.3857,69.52559,59.77328,59.75322,54.40619,59.18696,55.0837,62.77723,51.45243,63.85572,62.21498,56.29783,61.69362
mol82_pos_col,57.83835,69.46967,64.22902,61.63746,69.22808,70.80645,70.31418,57.81707,72.98309,63.94272,61.65498,54.34567,64.6789,70.17641,73.35229,58.80285,71.3792,64.80507,63.84982,66.4113,69.70583,66.65272,61.56842,62.98833,56.63621,73.77663,67.16883,67.19852,70.49615,53.82529,71.17217,65.0215,56.14579,66.8249,61.49102,64.43421,64.09629,60.98513,60.33949,56.50733,62.47294,65.11414,61.02704,62.9019,74.48308,71.30729,58.57734,61.74872,81.31356,69.39103,51.91344,56.74271,52.4584,56.9635,59.52981,50.009,58.98454,54.40181,45.02935,65.83489,64.5547,57.16868,69.00008,60.31233,61.71863,64.93401,73.1706,75.29101,54.07097,65.76015,60.80195,67.06651,52.26181,60.26588,56.91056,61.52663,58.57096,67.65503,58.08113,69.16557,69.24029,74.22842,66.32088,61.65058,65.28986,54.74893,57.50765,62.20943,63.77033,70.6342,68.11136,62.07275,76.30584,60.19631,65.43506,58.18613,64.16605,85.08643,67.03213,64.09279,60.73014,59.06375,76.68127,67.67118,60.9468,67.25312,79.51447,65.54008,62.61091,52.72995,62.51632,61.92326,65.12453,65.20261,57.49712,59.44101,55.11366,52.02969,54.02255,65.57094,56.47143,54.08801,58.7844,60.14992,54.10212,54.0072,67.39867,66.51467,64.95858,55.38641,58.08943,59.16207,53.45476,0.0,51.1342,54.6566,52.64425,59.9437,53.06975,66.23948,58.3265,58.35798,57.3599,59.1473,57.37971,53.8477,55.20524,49.72481,57.26276,62.81975,57.53855,77.64464,54.89498,60.69485,57.93631,59.54229,56.84848,59.49718,56.13531,56.80394,65.3371,63.50836,58.47936,56.57604,61.48531,54.29024,64.29686,62.93891,45.8784,70.12806,57.40928,57.14086,58.57575
mol83_pos_col,60.8841,64.44188,56.66679,65.61637,66.6355,68.70278,70.11301,66.27829,65.94509,60.77185,58.78236,57.86355,66.01973,62.07937,70.45661,63.76418,71.54016,58.56917,62.11388,61.71527,66.72819,69.2524,49.65888,59.5399,61.10032,72.05747,69.31615,65.87939,71.48151,55.29852,71.24652,63.87212,53.04752,66.66579,66.3268,57.94419,59.63914,59.7019,52.69894,58.92076,67.11785,63.6569,52.16896,56.08097,70.46456,69.21724,63.55298,64.78108,79.84936,67.57454,47.95372,59.74832,51.01372,54.83554,52.4532,56.48798,56.5632,55.65237,52.18654,64.27544,61.15014,54.5992,74.70884,64.66734,60.78148,58.36876,66.56551,71.39705,55.11845,65.61955,63.65399,67.99343,56.7399,65.23856,62.25841,59.64999,58.82011,69.1773,59.22364,68.67909,63.71427,72.34896,65.87518,59.21774,64.89765,45.18711,56.77389,55.35262,61.71719,68.04691,71.68943,60.59463,74.45718,59.81401,58.41477,57.67846,60.61299,82.58056,64.69988,65.72867,71.27026,65.69138,76.3736,71.29949,61.40455,61.56644,81.98561,65.20561,62.9958,54.50101,58.77593,61.46607,72.54803,69.94711,58.02756,61.19005,54.93424,60.28992,57.55389,67.71452,60.34298,58.90367,60.62864,60.29452,61.21358,52.78022,68.97264,62.16083,68.31982,56.4158,64.07829,58.64793,62.22201,51.1342,0.0,51.58617,58.39935,62.7386,53.92862,69.33567,51.46593,67.12567,57.27521,56.34014,52.50146,58.28565,39.27006,50.17365,46.64078,54.34742,55.51439,74.48577,59.91111,60.56406,55.33341,58.5047,51.39852,58.50292,49.45448,58.10517,63.57401,59.06179,54.87323,52.47701,64.6146,53.04822,62.97472,56.73295,55.32405,71.59375,53.80542,52.56021,54.27899
mol84_pos_col,54.99974,66.88924,59.59645,64.46061,64.25816,65.75901,63.67978,63.11992,60.68109,60.98574,59.77016,60.12206,63.81934,64.34083,68.35695,58.44745,68.0485,56.97484,65.18872,53.44572,69.68143,70.2515,55.67237,59.97523,54.32651,70.97955,63.0638,64.77199,63.86201,48.3851,64.67115,60.36308,52.12119,63.7279,63.78449,60.73652,60.38479,59.63422,58.84163,61.93222,61.1695,61.1989,54.83938,58.79932,72.14554,70.73024,54.57937,63.5853,76.86042,58.42659,53.6217,53.41901,45.37445,46.33782,55.90859,56.17847,51.00095,53.40326,51.50515,66.66241,61.80233,56.82919,70.50271,59.01751,58.13235,60.34184,66.0628,68.93146,53.60551,66.45107,57.39821,66.85362,51.64936,59.22468,60.9433,57.55448,60.0403,65.55853,58.08652,65.37766,62.90866,75.40433,65.61221,55.27735,65.30565,47.40866,57.1837,58.29776,60.4821,67.55383,61.58016,60.53603,74.7767,52.7006,63.81963,55.33731,61.77154,83.62385,60.59615,64.04092,66.30069,62.31926,71.84287,68.11947,60.93614,60.3267,78.37727,61.18626,62.74153,52.72826,57.80098,62.66217,68.77196,61.36219,50.9965,50.4979,59.21137,54.08634,59.18943,64.91014,57.65596,52.17817,56.00493,54.19683,53.07177,51.22398,58.05501,60.92739,67.61428,57.28242,59.64991,57.31554,60.36256,54.6566,51.58617,0.0,57.51854,56.15423,50.06463,65.59317,53.77641,57.50469,49.03504,54.51098,50.77301,60.19486,56.57711,52.7031,55.36851,57.63433,59.88593,77.46124,57.57786,44.67197,49.71237,53.45402,51.16152,60.11121,56.43257,57.91478,61.09051,52.55292,57.76481,50.52182,67.16803,57.1319,60.99187,52.6419,49.25322,65.98871,57.41366,50.05482,50.37837
mol85_pos_col,58.63994,63.1609,62.72791,60.6833,73.22791,68.058,68.49461,66.49654,70.21526,60.57474,60.91858,63.11278,64.80343,67.64554,79.49613,59.6035,73.08291,62.49011,62.54124,67.29165,78.08665,64.05115,59.6489,59.29246,70.09139,80.61004,71.91758,72.23189,76.42572,59.23885,77.33749,70.96445,60.39448,66.85496,70.08314,60.97551,60.67942,60.78979,61.76071,67.27746,57.50188,58.31313,60.37179,64.58261,77.29188,73.46668,62.43502,69.33644,90.60929,69.87017,56.84784,59.86685,51.2628,59.32055,58.01552,58.50343,50.99601,44.65878,53.09316,63.08135,65.92811,59.6243,75.81396,66.84539,71.09548,65.09527,79.75819,78.98759,57.67163,71.44562,59.908,73.62451,61.56023,69.85434,58.61716,64.99616,56.05781,71.23034,62.34858,69.57468,72.22117,72.47558,66.47647,64.11739,72.15763,60.92012,62.67411,65.13197,68.58602,74.10925,77.23782,63.16116,80.88227,54.94922,62.26756,61.48147,65.30113,95.00686,66.45269,69.30544,71.92789,61.42548,84.87179,70.89534,65.2537,69.6204,89.94888,65.92134,55.7816,62.61881,54.00271,57.2145,78.81993,64.21441,55.50246,56.75321,56.14897,56.44681,60.3805,70.84524,66.67484,58.54992,59.27158,60.67153,60.65401,57.60677,64.77819,69.59207,67.66322,57.9311,67.06491,70.00596,63.87987,52.64425,58.39935,57.51854,0.0,66.19958,57.43028,72.8576,61.5172,68.14332,55.33813,56.05001,55.29088,55.062,61.52511,52.69569,59.05707,63.68709,51.40424,72.18646,64.47489,64.12774,63.08984,57.82847,59.44685,68.24133,56.01826,65.17672,58.00181,55.78971,54.70195,54.83709,66.89454,60.88805,69.57602,58.55397,55.30438,78.86326,59.50919,64.40142,63.02491
mol86_pos_col,60.2944,72.40163,59.36513,70.58321,71.96244,71.45833,69.37078,63.0816,66.80087,71.4286,63.48304,69.90704,71.81022,67.4453,66.39326,65.28236,74.88839,69.73974,72.69585,65.26845,67.44777,71.16143,65.45071,80.84342,55.38914,68.59797,65.31272,70.71871,66.13351,64.15302,67.09367,69.55137,64.33499,65.92573,66.18887,70.23697,76.17024,69.18542,62.67076,68.99426,78.66144,78.96073,60.73,68.02955,72.76923,68.93693,62.72074,66.04576,73.648,62.34107,59.98114,67.41554,66.38843,62.04641,63.80272,62.72094,62.48099,61.90409,67.74178,73.78855,64.08617,67.11146,72.3864,67.88967,61.03301,65.75425,66.97041,66.89505,65.11838,61.64687,59.67179,62.41756,67.6977,67.42271,68.92122,71.22419,72.35134,58.30117,65.10228,66.08057,63.66315,72.66156,72.48034,63.56232,67.83909,55.22766,62.34783,67.10449,67.25333,65.37188,65.1285,71.19363,66.60097,67.23648,72.91729,64.02121,71.50647,72.47974,64.21649,62.169,63.14072,63.77845,68.55537,64.36567,53.50101,59.65135,70.4858,61.99722,66.52873,59.87328,57.95891,60.06683,66.78411,56.32138,58.26036,58.88021,60.74393,63.67141,67.95414,66.14542,59.78277,67.98368,56.98052,62.81066,57.23644,60.0583,63.5637,65.60507,65.38255,57.94536,65.00256,59.00621,57.99743,59.9437,62.7386,56.15423,66.19958,0.0,62.95432,64.45701,61.91705,70.22817,68.64761,64.66122,66.57526,67.87499,66.07285,62.96939,62.50422,64.48271,71.1589,96.61359,69.68416,58.70884,53.94641,59.87852,65.9478,60.18614,60.73252,58.78243,79.53495,72.55849,63.8072,64.09021,61.11463,61.0633,60.56259,66.19506,57.40981,59.43621,66.74114,57.48232,58.44556
mol87_pos_col,59.4898,66.12214,61.9787,65.93393,66.19151,66.20971,65.16345,55.03068,66.98699,53.78466,54.74427,55.08422,62.52989,64.09629,73.77241,47.52694,68.45772,58.21162,58.83231,54.19379,72.72783,68.1186,61.42439,63.67624,61.40155,77.01794,65.86427,61.33329,59.90429,44.53885,66.18467,60.36958,54.71942,67.37434,58.18795,59.71099,60.47093,52.13123,58.94294,53.28988,66.22135,61.70853,62.63224,59.31072,71.04448,72.68591,55.81193,67.21517,79.07492,63.92333,56.97231,52.83099,53.49671,56.43695,61.86826,51.05366,46.51342,54.71927,54.9654,63.47029,62.02818,59.35203,71.12939,63.12759,62.82779,63.92655,64.90788,72.52744,53.80758,66.26145,62.76489,66.17731,54.61051,57.99496,63.99249,62.60636,55.41754,66.01433,60.76069,63.83713,69.45634,67.05118,64.68641,64.62841,63.72547,51.60011,58.72064,61.81864,63.92349,62.56476,66.47818,60.66445,77.6343,59.80106,63.46953,61.62911,58.04305,85.15507,57.80118,65.85293,71.54391,57.6677,75.54618,65.67156,60.47903,63.12769,79.38392,56.29932,63.74485,59.83488,54.36743,64.00542,73.13061,56.36684,50.27415,57.41081,56.8394,50.23918,56.69217,63.07733,54.16898,54.58741,56.58278,54.53056,51.09077,53.99113,61.99026,63.00007,64.41525,55.1042,55.4427,57.34224,63.42589,53.06975,53.92862,50.06463,57.43028,62.95432,0.0,68.43341,56.01996,45.71315,56.89427,54.50917,54.5592,57.54962,60.04372,58.07918,51.99762,53.74299,55.77544,78.04733,60.45152,55.40625,56.26153,51.96482,52.41847,57.18097,45.33993,54.83116,55.23974,55.71367,57.70769,53.70792,60.97193,51.52316,61.39335,58.7288,49.6155,69.25695,53.87129,52.89081,59.03084
mol88_pos_col,52.56078,75.40254,70.12091,71.9969,69.28211,72.83355,73.83803,65.45416,72.41963,73.26485,70.52476,73.27269,68.21967,65.35812,72.55506,76.22748,71.58933,77.64031,74.77399,64.05741,69.41761,75.93704,72.03334,82.96446,71.54758,63.88799,58.2304,67.25129,75.21306,69.36511,66.88652,73.4695,66.64694,67.52452,70.16094,77.37343,76.81381,75.5302,70.62379,72.91305,86.0806,83.48628,64.43578,68.20886,69.39653,71.73078,67.32263,64.39783,71.54642,55.43129,63.05151,64.40285,64.18843,64.8612,74.4245,62.50027,71.82056,67.05597,63.91809,73.69811,71.01009,69.7625,56.80761,65.35991,61.19528,66.31974,71.17688,64.57809,70.36135,64.53534,56.75356,62.55174,68.08613,62.92914,64.61461,72.72679,73.7164,68.78285,69.5325,60.98848,58.43796,66.03355,67.13198,67.05735,68.18888,65.97646,65.45091,70.03529,68.37376,67.70239,65.60447,73.22753,70.32038,69.19055,72.45527,64.37701,73.42552,76.30853,57.07572,60.09598,65.86095,65.14114,64.31481,64.84996,61.79603,65.61879,75.7299,72.14317,69.63122,64.83391,64.48657,67.10833,61.72515,63.19631,60.29322,58.19165,65.22532,68.2904,71.83581,64.86472,59.5281,68.28405,63.96892,52.71416,59.58191,63.93261,65.28143,58.0483,68.71056,63.10188,71.29004,55.71503,60.70632,66.23948,69.33567,65.59317,72.8576,64.45701,68.43341,0.0,65.25431,66.23187,79.73817,66.64933,70.32735,75.69731,70.93176,67.77612,70.59888,64.33992,76.27687,101.1903,66.6395,52.32855,66.61131,65.93271,66.93968,64.00591,59.90896,63.63601,83.0509,77.09743,61.68181,66.27315,61.76936,54.94539,58.57875,70.58487,55.36255,67.40237,70.75788,56.80733,64.78253
mol89_pos_col,64.97068,61.71364,59.15744,62.74556,63.70731,58.37903,63.09812,66.31922,66.14975,57.59579,60.60069,60.44167,59.69785,59.33735,67.55186,60.59156,73.65012,55.8577,66.85631,59.34664,71.1737,69.84504,57.20165,53.82799,65.29598,68.32372,61.3601,65.59501,68.66609,48.29016,67.21519,59.97868,58.65685,59.9864,61.43397,58.54279,57.63076,58.60979,56.34237,60.66473,60.03996,61.39675,59.87988,62.25465,73.23718,60.00114,57.95152,62.8174,81.57615,71.65702,53.78141,55.57177,54.31496,54.47409,56.51092,54.33911,47.08737,56.06239,55.17848,65.20446,54.64763,55.75168,73.6969,65.55474,66.11703,65.22383,65.74936,74.87955,57.04805,65.79443,59.93121,70.70962,59.64847,66.46772,61.98183,61.0409,54.70318,65.49187,56.55912,66.20246,65.58032,72.44596,57.48135,53.14956,63.19732,55.33923,57.00085,59.01916,56.87096,66.92729,62.40871,59.95603,74.31329,50.87901,65.09038,49.27609,57.35842,86.56136,57.13965,65.22457,70.88007,60.70517,74.34787,64.89155,59.77868,57.88064,80.33933,64.20456,59.92666,53.6145,51.58732,65.79007,71.60422,69.5653,54.17013,49.81327,57.49635,52.9864,55.10661,63.08899,62.2851,51.02599,64.43952,54.5727,59.06992,59.36583,74.60077,53.85411,69.38886,57.0844,65.51545,62.54596,62.91353,58.3265,51.46593,53.77641,61.5172,61.91705,56.01996,65.25431,0.0,65.71155,50.08312,58.48169,57.54807,52.37294,59.01537,54.77434,56.84673,59.46868,58.20552,65.69357,56.24603,54.71623,49.02538,49.44514,52.23697,58.88727,47.23906,61.01113,61.49476,54.4757,46.64285,47.34238,64.88006,51.55637,58.02038,57.81073,52.54979,70.72646,59.76196,52.20772,57.64374
mol8_pos_col,64.23329,73.32209,69.35185,65.05674,73.09508,68.18841,63.35765,62.24584,70.52541,65.48653,63.8274,65.88044,66.05398,66.94964,76.73938,57.84557,65.77614,65.48529,67.14729,64.83335,74.73716,62.64325,63.97252,74.5062,72.35773,77.02551,63.21921,66.23611,70.27153,58.28089,68.45592,59.08447,65.29195,66.50307,68.0488,66.63543,72.28915,62.10997,64.6298,67.23849,75.45265,66.49633,68.11202,57.25077,81.27052,72.64553,66.50199,67.89976,80.84053,66.60758,59.87125,59.50935,57.90481,54.68575,67.31858,59.56197,60.1638,67.62083,60.37331,66.6286,67.49399,60.81653,70.16993,69.37629,65.96456,66.54725,68.54027,74.40748,59.82837,62.91345,65.342,68.59702,56.3943,59.41915,66.90123,70.93378,62.62896,69.68286,65.8512,68.3659,72.41431,72.88259,61.90007,70.43178,65.88572,60.36217,69.03971,60.97693,68.80394,74.19218,70.95007,64.34084,69.75416,65.09189,61.58795,66.12007,55.40273,87.88158,62.55903,67.36013,66.36968,63.10806,69.88831,70.33859,67.15527,66.8495,79.75808,69.27953,64.82428,61.43611,67.44474,68.29313,76.30237,66.81113,61.30295,63.96471,63.71318,60.76748,65.99816,62.43849,64.3109,60.48625,64.15053,60.95806,62.50625,57.08138,64.86405,67.96936,69.67601,68.03628,65.79145,64.50147,65.09553,58.35798,67.12567,57.50469,68.14332,70.22817,45.71315,66.23187,65.71155,0.0,62.67135,61.10579,67.34561,66.28017,67.2569,65.09762,64.02877,62.52781,63.40853,89.68275,68.51304,58.99315,67.38412,64.0505,62.95277,65.56149,60.7978,64.13698,69.84886,68.52255,68.04227,64.21492,67.72794,63.48722,71.62708,65.20061,59.57063,74.96443,67.41434,65.22658,64.88611
mol90_pos_col,67.79436,68.6257,65.83496,72.77875,76.57562,72.41677,73.55236,71.57076,72.17907,57.28453,64.67409,61.00302,68.69677,69.53741,82.94527,59.15668,76.00692,55.36484,72.79117,65.41526,80.21928,74.62943,60.89905,52.46262,62.82062,85.89924,72.04048,69.12459,75.97409,56.3096,76.89176,59.11537,63.47954,68.03922,66.50216,57.87559,50.23671,59.1549,57.52125,60.97863,54.74624,55.40773,56.6369,63.8217,80.7119,76.41952,60.07568,70.85014,92.32146,74.99744,56.20338,55.12081,45.98101,54.05696,60.24994,55.2224,48.01425,56.36587,55.1738,66.1463,69.21153,59.20843,78.21232,71.13758,62.92508,63.77588,79.45211,81.58525,61.84144,70.45696,69.94493,77.22641,59.43703,70.85411,63.39893,65.44716,47.73557,74.39428,57.90663,76.13291,77.43564,81.20241,71.85822,66.14609,70.29593,52.42236,67.21789,56.49359,63.4319,75.54634,76.73268,59.99047,81.41916,59.20767,67.38562,63.27072,59.30901,91.10859,70.85418,71.86162,76.78491,68.70314,81.53902,75.78003,69.89181,70.94111,88.73867,66.8291,62.9413,56.04329,61.9629,70.33033,79.67974,76.17095,63.04278,63.30726,61.15303,57.20921,60.44065,69.1013,65.86306,53.38464,66.4917,61.3999,62.65794,62.17258,74.09601,72.392,77.08925,63.96944,68.21297,68.36154,67.66722,57.3599,57.27521,49.03504,55.33813,68.64761,56.89427,79.73817,50.08312,62.67135,0.0,60.57843,55.57494,59.46325,63.52843,57.9422,58.83784,59.87592,56.29504,61.42466,65.32516,62.10382,60.85266,58.75422,53.79977,63.49647,59.8797,58.24427,53.62849,51.01023,49.90724,55.66697,71.93466,62.11912,73.02832,56.22772,57.2345,74.18122,54.38368,56.47735,61.58848
mol91_pos_col,59.15925,65.7966,63.65397,63.70117,69.07186,58.96275,63.77127,67.92445,64.21416,63.83908,55.65621,65.03046,66.04858,67.33556,66.53894,57.06131,64.3585,63.06058,64.17894,65.57346,71.82424,71.23735,52.53865,69.37472,64.13087,79.63503,62.89908,66.22108,68.30636,53.55126,69.87101,72.50955,59.20099,67.52922,60.63755,61.24664,64.88534,60.74301,62.45521,60.77673,67.37002,68.84727,57.59055,61.7577,68.95404,69.39234,60.33273,65.15735,78.68474,67.94046,55.65633,57.90649,54.35948,58.69146,67.04879,63.79091,51.76372,51.63285,63.50836,65.5892,62.56204,60.16107,73.11551,61.74061,60.68819,62.04885,72.65652,76.2374,55.3577,68.30043,64.6583,70.89175,51.9037,65.93587,62.55788,65.07113,62.99412,67.38083,61.42045,63.85955,69.74496,74.11734,70.83238,65.67572,66.14244,54.26552,62.20068,58.04883,67.03158,67.23084,65.17745,63.28714,74.2529,59.02302,65.7511,61.61716,68.80028,86.84164,60.07003,62.67171,74.59059,64.61746,70.9365,68.00932,67.84857,68.78524,82.49709,67.21002,65.73967,59.55685,61.33894,63.32821,69.34444,62.42255,44.13694,64.1105,60.00799,64.54755,66.25137,65.82373,65.03581,55.9441,54.54256,64.74696,55.90159,55.85449,66.59241,66.94139,66.73177,57.71476,63.64327,61.37403,62.24784,59.1473,56.34014,54.51098,56.05001,64.66122,54.50917,66.64933,58.48169,61.10579,60.57843,0.0,54.96899,57.42643,61.33741,55.57586,57.71905,52.05022,55.31075,84.46197,71.92716,57.71604,62.10531,60.54308,62.63805,66.55467,56.66557,60.39583,67.87517,62.85896,57.74248,59.00482,65.79528,60.21069,64.44779,60.97998,51.21068,72.51381,58.28522,59.53645,59.55039
mol92_pos_col,62.09709,63.71746,61.72762,68.22333,72.1487,65.18908,64.987,66.71481,65.07887,59.40802,66.06151,62.54427,65.27959,65.65129,74.15744,59.98662,74.13302,65.26277,67.39544,65.35402,76.11165,73.74162,58.71742,61.93181,65.2895,79.31658,65.53128,63.28694,74.17647,59.27077,70.40393,69.87178,61.33708,65.22233,65.71026,63.39924,56.72177,61.23306,53.42755,64.92912,64.13984,64.77541,62.93771,66.75475,72.62565,75.07165,61.56879,69.87038,83.15078,68.4963,58.86041,57.15898,45.42412,57.04477,55.8977,45.24666,56.22448,45.46147,63.0794,74.85985,67.66576,56.86229,78.90315,62.8767,64.04569,64.81422,73.10157,77.68704,58.22042,66.76424,66.9303,74.1746,61.75672,67.27411,61.96657,64.23175,59.03982,65.48103,65.25015,70.42042,68.21132,72.48039,71.22758,66.72089,70.78979,57.90224,62.59288,59.44713,66.97644,72.50696,69.77611,60.80253,74.21221,59.74474,67.6211,63.42538,61.47435,90.32367,66.43032,60.41019,71.8757,63.57371,82.34791,71.52856,67.0761,67.12395,84.56066,67.32322,58.40862,62.75921,62.53657,62.37231,72.26336,66.85039,51.4275,59.01493,51.32856,58.19424,56.7483,68.06599,63.41193,58.04787,60.06351,64.72279,57.25801,55.88217,67.55784,67.69265,66.85737,52.20711,68.67366,61.66398,62.7035,57.37971,52.50146,50.77301,55.29088,66.57526,54.5592,70.32735,57.54807,67.34561,55.57494,54.96899,0.0,60.05519,48.88459,62.28594,53.69187,59.41534,56.16502,76.12513,67.36384,60.04797,54.08935,57.22149,55.80896,62.70345,53.82389,57.19935,67.69309,54.96852,55.98438,59.1598,72.9774,58.11521,67.58482,58.21376,52.75635,72.27269,43.46136,57.68465,60.22833
mol93_pos_col,63.99459,59.40284,66.27765,61.43315,65.70707,65.4286,69.59379,62.58646,74.6837,62.79855,61.74673,60.35254,64.43931,63.07676,79.1386,58.48881,71.6059,64.90065,61.68265,64.72196,78.45043,58.85951,55.65609,60.38617,64.91264,80.04258,73.63328,67.14621,66.76762,52.51322,73.7144,60.21352,62.58701,67.2445,66.56503,56.49291,66.48567,62.38662,61.05809,66.18687,60.8509,58.94781,63.29439,62.23622,77.94364,72.97909,54.3496,61.32136,88.94644,73.39551,57.89185,53.69302,53.41799,61.41576,61.65848,58.18076,56.53487,52.0979,58.35697,66.60726,62.80701,60.01542,79.93168,63.14792,64.74298,65.09216,72.7042,80.03251,58.40489,69.62865,68.39117,72.38011,58.94143,69.62977,63.19085,66.4315,60.09834,75.69392,61.57185,73.21279,71.90091,75.03632,67.1347,67.93906,71.16832,61.22257,61.25385,59.64468,61.28795,64.19178,69.84237,56.82732,79.89588,49.21324,68.2345,54.55377,59.51226,91.04721,67.07689,68.31814,73.92228,55.74205,79.60167,75.43993,62.92995,63.1317,82.30726,64.98353,59.29576,57.63234,59.37284,62.09481,81.70905,72.29876,59.23762,59.94226,63.74382,51.78648,58.78414,63.85869,66.25791,52.71541,59.52222,61.2871,58.32484,59.95125,72.49901,63.87093,70.92512,59.51017,67.65109,68.39861,61.95419,53.8477,58.28565,60.19486,55.062,67.87499,57.54962,75.69731,52.37294,66.28017,59.46325,57.42643,60.05519,0.0,57.70699,56.92102,62.1569,61.44177,57.14834,72.27808,64.03087,65.71047,58.71005,55.04103,61.48935,63.84013,54.8692,63.46117,59.56319,62.00143,53.38798,57.99138,71.11779,60.7615,66.60968,64.47728,52.68222,73.88403,55.3764,60.58511,56.65506
mol94_pos_col,62.24944,61.08121,55.86154,70.66018,71.64548,67.79425,65.63522,65.9946,67.35117,59.67606,64.37819,64.32001,65.38991,64.84486,74.09712,61.49657,73.94576,62.25789,69.66918,66.19182,69.27374,72.37689,58.21281,65.29313,56.96609,70.86031,66.48696,65.42025,73.12862,59.71816,73.23488,70.2567,59.23519,62.19438,64.79478,65.38314,63.38344,66.12033,60.18129,62.96612,65.21709,67.10107,53.1395,66.23179,71.17333,72.6036,55.65267,67.07228,78.66043,69.39851,55.79785,55.17061,53.15428,53.89703,60.64229,59.34335,63.32745,53.21593,58.99552,72.55306,64.59333,54.09644,75.37041,65.95942,59.79214,67.87216,71.6437,72.46747,59.80363,66.7286,63.17516,68.73821,55.73145,61.83146,64.57168,56.86709,66.82577,60.78325,61.70098,67.34154,66.40047,73.66719,73.14358,67.37787,63.67673,55.64083,54.76217,58.57578,67.94675,73.75918,71.08855,62.02818,76.38012,59.41454,69.17119,59.54767,64.9355,85.24967,64.1514,63.09222,70.38619,65.59023,81.90192,71.52024,64.24197,61.87492,83.27154,69.06137,65.11248,57.1975,58.10154,59.9368,76.54264,67.38151,59.48787,58.63456,59.77163,56.16003,64.685,69.27909,60.12884,57.72199,51.88272,65.02068,62.68241,56.68215,69.8724,60.99262,64.32669,58.50406,65.79158,63.80464,62.11144,55.20524,39.27006,56.57711,61.52511,66.07285,60.04372,70.93176,59.01537,67.2569,63.52843,61.33741,48.88459,57.70699,0.0,57.90523,51.68027,62.75248,63.14871,77.9665,65.69487,57.47962,59.69393,58.05285,57.83779,60.41633,54.88444,57.92529,64.70599,65.83288,57.1879,58.41946,68.47025,55.47063,66.03222,62.79169,56.54291,74.50406,54.54339,55.42184,59.34433
mol95_pos_col,62.58692,64.17421,61.60506,61.99316,72.60139,67.4687,69.57001,62.98293,65.92324,62.1577,61.25899,42.66342,61.75773,65.1859,77.38527,60.31827,72.60948,64.49919,62.3355,64.52488,73.78861,67.20433,57.36824,57.93006,64.28348,76.04553,68.48458,67.08106,71.05968,56.41723,70.98014,72.97183,59.9838,68.07141,68.38308,68.57276,65.28892,64.25204,61.07232,61.70065,66.50499,64.37794,61.91085,61.49986,72.50245,66.45089,58.84963,64.76629,84.14646,69.86344,54.30592,62.85283,53.2891,55.13405,60.78591,56.96385,57.83473,57.48827,47.68443,55.83119,61.71593,59.66652,70.62882,66.01221,66.02387,58.9244,77.95195,74.73014,58.9986,68.03991,61.62295,70.38721,60.8303,63.88101,62.2622,66.40304,60.69521,70.26605,60.23186,70.77106,68.84976,75.0885,70.58481,58.69628,65.76988,57.84236,53.76834,62.12082,65.81749,73.09036,73.05738,63.35013,69.95948,56.53003,63.21328,58.88465,60.30298,84.42783,65.09599,57.50808,66.35454,64.90216,77.11268,70.33644,61.29531,68.22179,83.93368,64.89763,53.01916,56.42441,61.61485,59.9181,73.98027,73.17346,59.4933,60.49731,55.81175,59.82083,60.18272,67.45049,57.17213,59.17135,60.89371,63.16545,63.41736,57.21497,71.99329,61.9847,67.63152,54.68137,66.44795,62.82053,53.70195,49.72481,50.17365,52.7031,52.69569,62.96939,58.07918,67.77612,54.77434,65.09762,57.9422,55.57586,62.28594,56.92102,57.90523,0.0,52.93824,58.89065,57.42345,74.30896,52.14292,61.88166,59.71745,56.87096,53.53756,64.84001,53.45139,61.71171,64.69696,60.75405,53.68379,53.98272,68.93081,55.14348,66.63656,57.84515,52.68779,74.10641,61.40111,59.87774,60.50503
mol96_pos_col,64.59073,66.18428,56.84079,67.12446,66.47323,69.92618,70.68679,65.70857,66.47702,61.24875,62.59467,62.16839,69.88175,61.13598,73.02226,64.31371,77.76416,62.181,65.24278,63.04728,67.49349,70.90578,59.89652,66.66481,63.521,70.26555,66.99616,64.99127,69.25985,60.15123,66.051,66.28041,54.40308,67.06089,64.60749,60.93279,65.60021,60.39539,59.27535,62.66316,72.55506,68.4146,57.77421,66.02554,74.12944,74.1958,58.4852,69.37775,75.5823,64.57192,57.2589,61.8749,50.65241,54.49527,58.95354,60.65942,54.52622,60.49172,58.31367,62.96559,64.42394,58.9666,72.38306,66.36841,64.97305,64.33456,75.46214,71.28458,55.92112,63.8419,58.82051,66.96118,51.94926,62.14537,63.68215,58.91317,65.45333,61.94791,58.80769,69.32669,69.59378,74.05077,71.731,62.53725,65.8273,54.408,58.49468,66.09817,70.30795,67.32051,61.86615,62.39899,72.79227,58.01786,63.8353,59.9431,60.91464,87.15411,60.29691,67.51006,69.95466,73.76644,75.89054,64.64309,63.38345,62.68427,80.21238,63.80246,67.69021,59.06827,57.83538,58.15392,70.46294,65.5213,60.51321,58.74017,53.37783,59.87047,61.69747,62.64925,57.06829,58.9491,62.09689,61.5824,62.39143,57.84116,69.74498,64.8213,62.29967,58.52617,62.9772,59.88418,61.89324,57.26276,46.64078,55.36851,59.05707,62.50422,51.99762,70.59888,56.84673,64.02877,58.83784,57.71905,53.69187,62.1569,51.68027,52.93824,0.0,56.81365,64.60485,80.81639,64.3802,60.00243,54.17772,60.51676,53.7733,61.43221,54.01631,56.65062,63.76619,58.42086,58.20952,56.70566,64.37741,53.94473,65.99874,60.23055,54.21993,64.69353,61.36368,50.55173,59.63226
mol97_pos_col,61.88217,65.65876,67.6603,66.0566,67.17525,65.32113,64.41637,63.52936,67.0616,62.73452,58.28622,58.83712,67.21392,59.83024,69.47172,61.63644,70.54434,64.16634,66.45399,62.36987,73.4768,66.43836,51.35092,73.41344,61.87401,74.60335,68.48259,63.4389,62.23401,56.47956,69.41756,67.75149,57.26758,69.08867,63.02589,56.7637,64.17686,61.40815,58.41818,62.33688,67.78877,66.04467,57.6057,57.0923,71.65289,70.53722,63.53174,66.37879,85.01134,62.23633,60.55921,57.62931,58.04311,55.2028,61.72047,59.77201,56.40403,58.40338,57.7583,66.89173,62.48165,58.80038,68.08589,67.57817,65.30377,64.36035,72.14476,67.12376,59.05318,62.34867,65.13099,72.28904,64.32169,57.29152,65.93132,61.0896,64.4875,66.58609,62.5758,66.29923,62.5334,70.21238,68.97024,65.43465,66.62071,52.14598,61.0893,58.85643,67.6931,66.24512,72.88011,67.66782,77.81817,57.96577,65.93049,62.6327,63.47885,89.94766,59.21354,64.63307,73.52589,65.77636,77.73315,70.90295,59.40964,65.69542,79.98387,64.14611,57.72795,62.61598,59.38309,65.19646,71.51384,63.98821,55.23872,63.19265,59.34173,62.12067,61.14636,65.15871,59.21198,60.05182,62.58024,61.39075,58.43641,58.41655,64.50281,60.78752,57.48518,56.4665,60.93271,61.52178,60.28979,62.81975,54.34742,57.63433,63.68709,64.48271,53.74299,64.33992,59.46868,62.52781,59.87592,52.05022,59.41534,61.44177,62.75248,58.89065,56.81365,0.0,50.7463,86.03867,61.36916,56.46267,61.27186,60.8016,59.49704,62.91747,54.14841,57.29959,67.22339,63.21308,59.23648,59.87299,61.26068,58.28565,66.06424,58.88235,51.48677,67.90757,57.51959,54.35661,61.73835
mol98_pos_col,66.96162,66.11385,71.37518,66.47992,70.45943,60.69769,69.19721,67.48556,72.57379,61.83625,55.40909,58.29192,68.57567,67.06675,78.81848,60.09258,76.66471,65.36598,61.93353,69.12002,79.02269,71.7432,56.4076,61.95232,65.56538,84.28958,73.1817,69.27248,74.37169,57.14066,70.87786,66.55288,64.76176,66.37666,64.6,59.14974,60.15498,61.81397,60.71836,60.92657,59.37806,62.35288,64.44629,66.08618,73.11421,74.41837,61.60433,70.47958,90.57565,76.13562,63.38962,61.36612,51.90814,64.07158,64.16601,56.32403,52.20845,58.68547,58.87877,67.16105,70.58078,61.29204,79.64649,71.4642,65.73283,71.18564,79.19604,81.41672,60.89381,73.71382,72.78675,75.01945,62.96758,69.29284,62.42551,66.5378,62.52538,73.20256,64.40634,70.59766,74.24935,79.81689,69.83966,66.62171,68.78796,57.9253,63.43237,60.07667,65.0398,78.60464,77.64507,59.90153,85.02607,59.7366,69.02868,64.18984,62.43817,91.10282,67.28234,68.55419,77.26342,64.318,82.32887,76.3589,65.95499,72.32287,87.69783,70.5583,60.5296,60.0715,61.20439,67.88313,79.90032,71.9945,61.97886,67.19141,62.64694,55.98555,60.79183,73.02961,69.72602,56.23616,65.30191,61.63502,55.87289,62.82714,70.5289,74.39585,66.64793,57.62958,68.78612,69.63625,66.6115,57.53855,55.51439,59.88593,51.40424,71.1589,55.77544,76.27687,58.20552,63.40853,56.29504,55.31075,56.16502,57.14834,63.14871,57.42345,64.60485,50.7463,0.0,72.37936,63.92925,63.68624,60.07919,56.09693,56.87434,72.17022,57.56794,61.0511,56.84057,56.6136,57.75899,58.86874,71.22667,62.1817,72.62393,59.07444,54.9285,78.48126,56.77741,62.99022,66.10765
mol99_pos_col,91.01682,80.59501,86.40662,93.20946,88.61433,84.83601,93.7065,89.98547,94.93885,79.66901,85.91207,75.37801,84.45442,88.795,98.35976,78.02652,98.16754,70.25967,87.83365,86.18894,104.64901,96.74973,79.26438,45.7961,86.35256,108.63816,91.5457,84.84879,98.99282,77.75209,97.60538,87.06093,81.08183,90.91969,90.50185,74.23725,64.29417,78.85843,88.15492,85.1642,48.77823,58.51664,83.62112,89.81333,104.47189,92.18854,81.58863,94.15826,118.27236,101.43208,82.47978,75.2741,68.76576,74.86244,82.33854,73.86865,64.74417,71.68608,75.20301,83.70545,86.07402,81.76141,106.82063,89.66704,96.04308,93.15439,107.29249,106.05158,84.19759,95.75167,90.87007,102.02887,85.21506,93.78126,86.63674,85.48046,70.11272,99.47838,84.18758,101.41596,100.11301,102.27453,92.21158,85.93581,92.32068,77.88038,82.40669,81.68489,80.07123,98.23714,100.22136,76.50484,108.66992,75.80935,91.08228,81.3288,81.95839,122.32749,91.03121,99.94216,98.73156,83.33666,110.803,100.05221,83.67394,91.38168,118.50439,83.96306,80.60676,76.75872,80.7037,83.38738,108.60164,104.11018,80.95191,84.65833,82.05733,77.59542,80.16759,96.9365,93.78779,74.84353,87.71402,82.56441,86.24302,85.33721,101.34973,90.77527,100.59932,85.82464,91.20906,92.92393,96.57278,77.64464,74.48577,77.46124,72.18646,96.61359,78.04733,101.1903,65.69357,89.68275,61.42466,84.46197,76.12513,72.27808,77.9665,74.30896,80.81639,86.03867,72.37936,0.0,78.94909,88.1018,75.96879,69.98929,75.76319,85.9336,73.20363,85.78559,51.1578,57.4341,68.83806,70.06231,104.27204,85.80264,91.76912,81.47459,78.5784,105.60132,72.92281,85.11037,80.24218
mol9_pos_col,69.76078,70.49515,67.53442,74.98557,76.5184,73.93734,70.03919,68.67282,72.57503,63.17758,69.25979,54.85779,65.44241,67.66937,82.37357,63.87125,79.53612,67.4804,70.1625,65.73511,72.74738,69.03816,66.38503,66.67361,69.51983,77.32677,68.65039,68.51022,77.71333,56.78232,72.15324,66.98488,62.7365,70.25834,70.02375,66.46217,67.61205,68.53946,65.91624,68.25379,70.9283,68.82109,66.85999,66.05842,81.71725,71.15133,61.5684,65.30641,85.71218,73.2893,60.19234,54.03741,60.77008,61.12927,63.87717,61.1443,59.36244,65.04997,57.59228,63.52019,63.45625,60.82647,77.42293,67.75864,68.77545,70.23749,74.91528,70.4749,65.56406,73.13694,66.2339,74.336,62.47797,69.44579,64.30518,65.94669,66.33405,73.65928,67.64179,73.96175,68.74575,74.29825,64.28493,59.25612,62.10414,61.58366,65.22698,64.62648,65.6125,76.22537,69.40144,63.9684,80.97691,58.65108,67.93251,61.85126,62.79769,89.66822,67.4129,65.7003,65.55239,61.6805,78.87653,76.35235,63.93402,67.75884,79.33959,65.74994,64.5714,64.4889,58.92021,66.93933,78.1614,73.50295,64.27775,59.74952,62.82019,59.48933,60.70133,70.53343,63.8587,55.56653,61.47609,59.71972,66.56818,63.76149,71.97249,68.01156,71.16691,64.29661,71.74183,65.3535,66.00357,54.89498,59.91111,57.57786,64.47489,69.68416,60.45152,66.6395,56.24603,68.51304,65.32516,71.92716,67.36384,64.03087,65.69487,52.14292,64.3802,61.36916,63.92925,78.94909,0.0,65.72146,64.22691,64.12231,59.34841,57.7955,57.4985,68.09251,69.46602,63.56742,58.00074,55.49198,71.02334,60.44184,67.99717,64.92403,60.22941,78.10449,64.09483,64.42701,67.19526
xyz_newmol0_pos_col,54.15149,72.625,61.64482,62.66104,60.93833,67.01411,69.48372,55.07831,54.97068,62.6648,64.8098,64.54678,66.08235,64.14955,66.10707,66.23862,64.90931,69.66003,67.74193,62.51337,66.92136,67.64614,61.5427,74.85479,67.30719,69.47626,67.16167,60.02578,62.43915,51.89916,63.96498,65.68365,60.68962,59.45078,62.84156,71.85476,63.04748,67.81323,59.60059,65.32226,72.25533,70.05822,59.62314,60.82931,71.61195,68.10724,57.97444,61.36159,67.26393,53.15265,53.0459,51.83246,53.87898,56.25225,62.42543,57.61236,56.02679,59.95617,55.83626,68.3032,56.25595,58.89285,56.52055,61.17812,56.64457,55.61361,62.59284,62.80305,53.86116,62.13213,56.35901,57.6485,56.35093,50.64578,59.34699,63.64894,61.58942,61.5598,60.71214,60.31398,62.4853,68.00633,61.29498,61.74189,60.13863,54.08682,57.67663,61.8732,61.56165,66.29412,65.83071,67.81149,66.75903,59.63167,66.34833,56.4786,65.85582,77.80112,59.82256,58.33001,65.12623,58.1064,66.42559,65.07575,57.81496,62.31743,72.92839,60.8252,65.01341,52.81727,55.49168,65.52093,62.74371,57.2491,50.53597,54.44332,58.70665,64.91609,62.52786,58.12594,47.14402,50.80268,51.45855,56.12922,54.1971,51.05133,63.26505,58.17207,58.38441,55.90787,61.32319,54.37671,52.24848,60.69485,60.56406,44.67197,64.12774,58.70884,55.40625,52.32855,54.71623,58.99315,62.10382,57.71604,60.04797,65.71047,57.47962,61.88166,60.00243,56.46267,63.68624,88.1018,65.72146,0.0,60.46938,57.90235,59.21954,61.10469,50.20528,57.08409,65.17043,66.26912,55.66147,53.95869,53.03834,52.31268,52.04393,54.86672,53.34062,62.9041,61.55358,39.46388,56.61134
xyz_newmol10_pos_col,63.29384,58.67654,58.33148,64.05774,62.10115,66.88635,64.44079,61.61527,63.11331,63.45196,56.76247,65.26302,63.54084,64.78181,68.73355,59.50063,73.0885,63.5428,64.46898,59.46722,73.34606,72.08297,53.73837,64.59019,59.04312,74.31804,58.45543,68.68103,68.58359,53.76787,68.13578,61.97633,58.32221,68.84797,62.85797,59.50142,63.45216,62.9184,61.90548,61.90002,64.70699,66.43198,52.94528,67.52337,65.21791,70.69082,64.37605,57.00365,76.10753,62.34332,58.91907,63.47569,56.19294,46.4232,60.47006,56.57295,56.28752,56.48225,55.09285,69.9297,54.4228,57.56468,73.15203,67.77087,61.03337,65.28963,73.04828,71.37751,62.27116,65.89013,59.59509,65.41535,54.70061,68.51126,65.21619,65.13314,60.16166,62.3171,64.41531,63.46315,63.40539,70.44352,59.58947,64.94321,71.21193,52.42057,59.24672,64.10194,64.02013,71.04686,66.00485,60.19014,68.37907,55.4788,67.21339,57.52271,64.71362,82.90252,62.36101,69.06339,70.37433,61.60008,72.39885,63.88644,59.20599,51.79904,82.36503,66.35575,63.87913,56.70082,53.03683,67.54421,66.18054,64.72259,54.21149,57.83599,57.59835,52.71206,58.67437,61.69398,61.1483,59.60911,57.87857,51.89826,50.05561,53.29048,69.85058,53.62162,68.47393,58.82317,67.43824,56.79717,55.66652,57.93631,55.33341,49.71237,63.08984,53.94641,56.26153,66.61131,49.02538,67.38412,60.85266,62.10531,54.08935,58.71005,59.69393,59.71745,54.17772,61.27186,60.07919,75.96879,64.22691,60.46938,0.0,55.34503,55.6094,61.40308,52.68357,60.49834,62.2991,55.17898,52.1092,50.15761,63.59714,52.74227,61.46344,62.96002,46.32719,72.09528,58.68872,53.6676,56.55266
xyz_newmol11_pos_col,62.51473,62.13143,62.23598,66.25522,65.12609,65.57537,68.12103,65.59879,60.68426,61.6525,60.85514,64.34378,56.79886,62.76124,70.38807,55.94228,72.25022,56.57701,63.03762,58.65155,74.90764,72.14518,57.94068,56.57019,61.27041,81.78869,62.96794,64.26642,62.03813,49.56662,64.48923,66.10349,59.68228,65.08483,64.31928,59.36888,64.71527,61.47148,64.8967,59.84153,63.97462,61.69606,61.66875,65.2454,74.16106,58.19497,60.02792,67.23045,82.59207,67.04586,57.66409,57.38955,59.64124,56.2832,62.58176,54.34486,51.09653,55.77242,56.19196,63.77713,59.49296,56.07588,77.46172,67.86668,66.76101,60.88368,70.90797,78.46333,58.9016,66.54408,58.34583,74.41343,63.96496,66.14765,65.31801,64.94155,63.46036,68.76854,63.7545,69.59809,70.08226,74.12416,63.09542,60.92047,65.78301,52.30274,56.63828,57.62043,58.54299,69.13384,69.41944,63.46449,74.88559,48.8425,69.13771,58.78916,65.75993,90.86595,64.61686,66.91295,69.15527,61.0911,81.14557,65.28364,57.27382,63.21425,85.43792,61.74638,59.2067,53.60139,49.03837,63.10783,73.14615,70.4299,50.27181,56.86622,57.83164,56.27438,60.32655,67.71443,61.73741,55.66685,60.61228,60.76057,53.28037,52.18668,65.4326,55.50424,70.70388,58.81445,55.29821,61.69655,62.47395,59.54229,58.5047,53.45402,57.82847,59.87852,51.96482,65.93271,49.44514,64.0505,58.75422,60.54308,57.22149,55.04103,58.05285,56.87096,60.51676,60.8016,56.09693,69.98929,64.12231,57.90235,55.34503,0.0,54.79197,61.00319,51.61279,59.62311,62.02721,51.20057,53.24568,48.95686,69.24035,56.99674,62.23154,61.96458,53.23794,70.10171,57.28071,52.99825,60.33881
xyz_newmol12_pos_col,64.03008,67.02244,58.09569,65.37316,72.25702,69.71412,68.41245,66.99419,68.68212,62.09214,63.39896,56.25681,63.70204,64.72895,73.87099,61.99719,77.46937,55.12727,66.58289,62.8856,65.35816,71.91205,56.54588,61.24238,63.35994,76.98571,68.34905,65.50711,72.95481,57.77466,70.13122,68.97942,56.15411,66.84899,66.57203,59.56864,53.48417,59.69248,54.19742,59.82678,61.4793,64.75142,60.34384,64.24719,74.80323,64.56142,60.56381,67.38694,83.03322,70.27544,50.48643,61.98819,50.88709,53.99125,50.6075,50.36273,52.82294,55.32522,50.6147,65.91804,63.71416,53.64342,74.97015,61.86488,66.1125,65.07026,74.08446,77.86087,58.57887,68.32806,61.85757,73.30566,59.0122,68.82731,60.97438,64.10871,53.56686,68.2085,57.98763,72.66995,69.48173,74.77291,68.91782,55.39933,67.20549,46.93977,53.10842,64.20169,67.24283,72.16709,71.51765,61.771,77.68389,53.42874,60.44278,62.10032,60.13077,91.74159,65.76039,69.5102,70.54279,68.22369,80.2765,72.19694,61.87331,63.69528,84.24002,62.1386,62.6698,53.65178,53.55298,62.25841,76.15299,73.31004,59.6997,60.73916,54.56277,57.77622,59.51563,67.45119,52.23634,57.26109,66.47598,61.756,62.13098,58.93573,70.94796,66.32767,70.42262,60.71449,62.28631,62.78747,62.89901,56.84848,51.39852,51.16152,59.44685,65.9478,52.41847,66.93968,52.23697,62.95277,53.79977,62.63805,55.80896,61.48935,57.83779,53.53756,53.7733,59.49704,56.87434,75.76319,59.34841,59.21954,55.6094,54.79197,0.0,59.47892,56.38625,58.33349,56.95451,57.71917,56.36177,56.53939,69.06255,59.83353,64.48575,56.98867,52.75017,67.57691,59.92978,51.85775,59.24774
xyz_newmol13_pos_col,60.97194,73.53634,62.18261,70.7126,70.58251,72.08098,75.36835,60.63255,70.95058,66.05741,65.94707,64.30318,62.91131,68.26805,72.45295,61.37759,70.26918,62.92164,68.68778,59.46941,69.07998,68.78586,62.23128,69.67564,65.14259,75.26614,69.24154,65.33019,67.74002,58.53046,70.74512,63.16939,64.75201,66.97327,69.52916,70.75826,66.11996,68.25141,53.35035,65.26984,69.92597,71.49759,64.12718,61.97731,74.81681,66.58833,60.61833,61.71707,78.95078,68.86368,58.50213,65.24892,60.79171,61.82664,60.83941,59.10531,63.08077,65.65147,63.91346,69.78701,63.1754,64.6181,73.14233,66.2418,60.4113,70.04472,69.02032,74.91848,61.21424,66.97581,60.51857,69.52045,66.22453,62.3901,61.53271,60.10339,59.05252,67.37097,58.18091,65.03466,66.23831,66.72503,64.3018,62.68572,62.43388,59.30887,64.03196,62.77385,64.42222,65.83383,68.70953,67.51029,71.95205,62.75405,67.01088,65.36029,63.02231,82.41309,64.51895,63.3672,64.56496,67.15474,76.21692,69.01151,61.94116,66.68572,71.2022,57.90285,68.41024,63.81694,60.81742,59.274,72.90038,68.65386,55.2901,59.91762,61.8225,57.67306,58.75962,66.15023,57.59239,59.17138,61.95383,59.80736,64.64959,58.36312,61.25056,61.30423,67.97401,64.24767,71.14333,62.34737,65.29219,59.49718,58.50292,60.11121,68.24133,60.18614,57.18097,64.00591,58.88727,65.56149,63.49647,66.55467,62.70345,63.84013,60.41633,64.84001,61.43221,62.91747,72.17022,85.9336,57.7955,61.10469,61.40308,61.00319,59.47892,0.0,58.62932,56.70674,71.2198,66.73161,61.23466,57.18823,64.8537,55.28279,65.01052,60.96702,58.65348,65.77065,61.66874,59.66603,59.55094
xyz_newmol14_pos_col,56.91637,53.89261,59.66415,62.6003,65.22317,64.47534,64.9484,60.88555,64.15967,58.14494,57.19865,55.42479,61.79044,57.1968,69.88889,56.0406,65.99428,64.21838,58.56333,61.36052,65.55056,63.46795,53.0329,59.74868,60.48881,68.29703,62.05255,59.71372,55.25987,46.10514,63.54844,63.45201,53.7568,58.15342,57.87709,60.48501,66.58545,52.00106,55.36227,62.2576,66.17213,65.54184,50.72005,62.64141,66.28712,59.18008,58.63512,58.24638,80.98278,68.5516,57.35201,54.62249,53.77484,58.5262,62.18409,53.45156,58.39113,52.34709,58.90158,67.28701,59.86505,58.55631,75.59719,61.78747,59.43408,58.28214,66.44768,73.75324,57.95086,61.19164,55.87388,68.6903,58.30088,62.56366,60.10633,62.39348,60.68497,64.52199,62.25495,64.72353,63.66191,67.41044,66.2598,61.91025,59.41956,50.56843,59.11526,59.18233,57.18503,67.44832,63.66767,61.57884,74.18249,57.03704,61.5167,56.7676,60.50707,81.36765,57.35716,60.06344,67.62088,56.78506,72.57431,59.83688,54.88036,61.01551,77.27233,60.64125,61.97415,44.95652,53.66908,60.13122,66.74269,59.39955,54.18909,52.73183,54.5399,53.94553,54.67152,60.26895,50.35729,49.39286,54.51064,54.29194,53.98038,58.31702,68.33384,49.73954,63.43899,49.64466,62.18118,58.55357,56.77749,56.13531,49.45448,56.43257,56.01826,60.73252,45.33993,59.90896,47.23906,60.7978,59.8797,56.66557,53.82389,54.8692,54.88444,53.45139,54.01631,54.14841,57.56794,73.20363,57.4985,50.20528,52.68357,51.61279,56.38625,58.62932,0.0,54.70204,64.78852,64.25976,47.68751,51.02041,61.5998,47.85343,56.95758,55.79073,49.77014,69.45337,51.93026,51.88725,48.0182
xyz_newmol15_pos_col,57.07013,72.85718,59.84841,67.10897,68.55331,72.40583,69.14446,62.60887,66.79195,60.76574,62.6565,61.41028,65.87799,63.14681,68.9366,64.1049,71.74932,68.92249,69.75725,63.70038,67.03097,68.0983,67.16674,71.02384,62.22271,74.27205,64.94113,68.05038,64.17733,57.92225,67.99941,68.35182,60.49922,66.28773,58.27512,64.09302,68.92118,67.11895,58.25855,63.61852,74.24413,69.93872,55.96624,61.22319,71.78787,66.96866,64.17217,69.41856,73.70852,60.69012,55.5275,61.06844,53.84888,58.94167,62.34057,60.71506,58.74006,56.49353,63.83506,70.91267,66.07429,62.13513,72.08482,66.15905,58.67848,66.86924,69.01646,73.82409,62.53712,63.70253,59.86777,66.22104,56.99902,61.20425,61.25869,63.22938,67.62516,64.53643,60.64019,64.48483,68.11371,74.47693,70.89574,65.55871,69.64148,54.6787,58.77996,64.38488,65.43469,69.02626,64.49104,67.35852,74.27498,63.70991,67.17684,65.57257,65.95914,78.33485,62.36295,57.6036,67.76408,63.64915,74.09425,68.29962,60.88724,58.76967,75.87209,63.34305,59.1302,58.80882,57.11179,62.68562,70.48489,64.02132,55.32322,61.52194,57.10297,59.83144,61.71893,61.25591,56.06696,63.54664,59.28929,61.25448,53.45716,58.41167,72.39416,62.74701,62.7931,54.05504,65.38072,60.86088,59.58562,56.80394,58.10517,57.91478,65.17672,58.78243,54.83116,63.63601,61.01113,64.13698,58.24427,60.39583,57.19935,63.46117,57.92529,61.71171,56.65062,57.29959,61.0511,85.78559,68.09251,57.08409,60.49834,59.62311,58.33349,56.70674,54.70204,0.0,72.06197,66.5454,59.08626,60.29945,64.15972,54.63229,67.18794,67.18286,49.53044,66.36663,60.85784,56.28738,63.18688
xyz_newmol16_pos_col,77.21036,69.32879,74.16017,76.30906,79.43888,77.81467,76.27358,78.27832,75.09429,66.38546,69.76525,66.19638,69.25528,73.79529,90.75182,57.69689,83.38174,58.47496,70.73841,68.18279,85.17909,77.75953,64.23093,50.29393,71.56116,93.39659,79.018,72.856,84.28206,58.48315,85.79341,65.66001,67.05863,77.36245,77.01724,59.53481,55.8268,64.82642,69.83661,71.11985,49.32408,46.89924,72.62824,72.99949,85.5281,81.69319,69.90803,78.93612,101.85518,86.88609,68.71133,63.51695,59.22949,55.16617,63.93621,59.97626,58.16345,55.3404,58.56089,72.22539,73.4462,66.8438,87.01892,77.36086,79.77212,78.24914,91.3962,90.9966,63.34891,84.37824,79.02531,86.6668,65.83351,76.74349,74.01608,72.92284,60.90303,79.92731,67.5129,83.03606,84.02661,87.41911,76.25817,74.44956,75.56374,63.58511,69.72213,66.07604,65.28871,82.25244,85.07856,62.81856,91.78999,61.81482,73.56592,66.868,67.3761,107.54352,76.52179,81.67096,82.02314,71.7067,90.11868,87.65572,73.65715,77.72256,99.05237,77.15618,67.29009,67.57492,64.62833,73.2477,92.8132,81.40016,66.28517,72.64521,63.96083,61.27354,68.0397,74.17178,72.13763,64.30682,72.55822,68.2052,67.6485,61.96428,80.65489,78.95405,83.4381,70.76026,73.23574,75.77622,76.3857,65.3371,63.57401,61.09051,58.00181,79.53495,55.23974,83.0509,61.49476,69.84886,53.62849,67.87517,67.69309,59.56319,64.70599,64.69696,63.76619,67.22339,56.84057,51.1578,69.46602,65.17043,62.2991,62.02721,56.95451,71.2198,64.78852,72.06197,0.0,49.48127,61.41985,60.17789,86.55449,70.34582,77.18024,66.96208,65.22042,86.9873,63.15204,68.36627,71.56606
xyz_newmol17_pos_col,65.94074,67.50856,64.10023,66.99194,71.78583,68.62318,68.69745,72.79988,72.34346,59.10622,64.51107,60.41451,69.00094,65.70201,83.49709,60.88764,81.59375,50.57609,68.38366,68.20642,84.12713,75.40782,63.16321,46.92269,67.34912,89.01925,76.70291,71.35845,77.2947,60.30416,77.97241,67.20717,67.94192,74.33705,69.57214,60.00863,57.82674,63.11022,68.1864,64.14703,43.67077,44.68243,67.22556,72.94558,78.65233,74.85931,57.11514,71.67823,94.67625,72.26977,58.22934,60.10824,49.32564,56.18422,60.15907,55.81272,47.56993,53.71058,56.21188,67.05857,64.0707,58.17307,81.99309,74.73004,73.71684,70.16628,81.36202,81.89847,63.1703,74.97215,69.18881,79.6796,65.40239,73.68435,67.1531,59.265,54.5481,76.75499,61.21992,77.92073,74.65682,82.62932,70.73972,65.40566,70.76866,58.64591,61.37737,62.43013,61.04601,81.39386,74.21634,61.97723,81.71556,55.68878,69.11354,64.452,57.18557,98.98633,73.8266,74.19714,77.68688,69.38569,88.29664,78.06211,69.87358,72.93096,92.63755,63.04802,61.24401,60.15936,62.94162,67.97554,81.74772,82.64764,62.00133,63.37148,60.68129,58.01055,58.87276,73.82166,69.87227,59.06395,64.5387,60.79853,63.29743,60.54065,77.32735,70.92825,80.27538,64.94201,69.63281,64.68602,69.52559,63.50836,59.06179,52.55292,55.78971,72.55849,55.71367,77.09743,54.4757,68.52255,51.01023,62.85896,54.96852,62.00143,65.83288,60.75405,58.42086,63.21308,56.6136,57.4341,63.56742,66.26912,55.17898,51.20057,57.71917,66.73161,64.25976,66.5454,49.48127,0.0,54.14512,53.45736,73.11448,61.86104,72.27169,56.28798,61.72169,81.35552,56.64539,60.83379,63.64512
xyz_newmol18_pos_col,57.26651,59.74341,60.37719,62.46979,63.13979,63.02291,63.60389,67.22266,63.55557,56.32702,63.05824,52.66825,61.26623,51.96658,66.61297,62.0026,69.74119,60.60795,66.37237,62.91848,72.94027,68.31918,63.72095,54.52626,63.31566,70.21285,64.48355,62.63492,66.88518,59.8804,64.87424,58.29347,59.32233,59.36574,60.87076,60.56528,60.12116,61.61995,61.82224,63.91714,58.167,58.5803,58.17272,65.44422,70.63677,65.02366,54.22742,60.77503,80.32805,68.47458,58.21699,51.68709,48.77285,60.7201,55.92299,54.553,51.14963,42.2843,51.29743,63.58108,62.14674,54.26351,74.8133,60.90699,64.31223,65.73865,72.82938,72.38066,59.937,63.74181,50.3713,68.39969,62.36976,68.92024,55.09141,56.83389,58.80091,65.79298,61.05681,64.34439,62.59312,65.80373,65.69699,60.08777,65.2237,51.96259,57.0748,60.02298,57.70365,75.01574,62.07556,56.4597,75.49758,51.46335,65.95652,53.50828,60.25095,86.01026,61.17091,60.63982,65.18028,60.6641,76.66209,61.50332,62.01168,68.07922,83.64922,64.49059,50.45474,50.55499,55.09981,56.60229,72.40417,71.02343,57.85129,50.73821,50.98908,54.98444,57.03144,64.5317,62.79401,54.7901,55.00021,57.02598,58.97352,56.34206,69.58015,57.0978,68.86663,52.75402,69.20685,60.99658,59.77328,58.47936,54.87323,57.76481,54.70195,63.8072,57.70769,61.68181,46.64285,68.04227,49.90724,57.74248,55.98438,53.38798,57.1879,53.68379,58.20952,59.23648,57.75899,68.83806,58.00074,55.66147,52.1092,53.24568,56.36177,61.23466,47.68751,59.08626,61.41985,54.14512,0.0,47.37955,68.86594,51.56388,60.39815,53.71349,46.65768,72.60261,52.70894,45.76871,56.36317
xyz_newmol19_pos_col,60.5453,63.41837,62.3678,63.32602,62.53478,61.97023,64.1304,66.21151,66.73677,61.61151,57.91134,58.7709,60.13026,60.70172,73.21415,60.4929,65.84801,56.37799,66.20175,61.92862,70.99337,69.64807,62.46265,53.53908,62.49118,75.11508,62.36343,64.07065,63.64525,48.83058,64.02185,60.2641,57.27597,56.83185,66.70067,61.8622,63.3971,55.55917,61.81259,61.59838,58.90914,63.81404,62.01889,64.60022,74.87712,60.21092,55.21624,56.93865,83.10321,70.93797,54.85768,54.89976,53.94349,60.86802,62.17962,53.30444,51.43281,49.72247,52.7323,63.64265,61.23474,54.08546,70.86794,65.00288,63.27779,64.32963,70.99132,73.24138,55.9148,67.92285,59.18887,67.78926,60.99652,65.83007,57.45596,63.36723,55.88224,68.3418,59.90423,66.74271,66.68968,75.74815,59.83394,56.09385,60.58704,46.66182,60.70139,59.05162,54.6564,70.00281,68.3764,60.58333,71.54481,54.21269,63.32086,55.48873,63.45586,86.15976,61.94896,56.59263,70.161,61.80312,73.16076,64.40519,59.31876,63.70047,80.45855,59.61767,62.39882,55.10809,54.36535,54.7293,67.63949,66.57991,56.63689,47.39158,52.53473,53.18936,55.23282,65.61537,62.87206,50.5768,55.97028,58.81323,59.93371,62.05906,65.82976,56.25556,65.91642,57.04198,66.27092,57.07739,59.75322,56.57604,52.47701,50.52182,54.83709,64.09021,53.70792,66.27315,47.34238,64.21492,55.66697,59.00482,59.1598,57.99138,58.41946,53.98272,56.70566,59.87299,58.86874,70.06231,55.49198,53.95869,50.15761,48.95686,56.53939,57.18823,51.02041,60.29945,60.17789,53.45736,47.37955,0.0,68.5303,55.97301,61.5076,57.96567,58.50809,69.68442,53.42839,53.763,53.83935
xyz_newmol1_pos_col,62.33929,73.88338,71.64024,67.17316,69.89208,74.74042,77.58249,59.68553,67.52656,72.3266,68.12168,70.62385,73.76606,66.31313,72.54796,69.56899,74.40917,79.2851,74.60134,65.80239,65.65079,71.34245,67.76511,86.7755,70.82158,69.89433,71.70509,66.34749,67.82183,64.11684,71.61578,74.5014,67.18262,70.48595,65.06511,73.72859,77.99852,76.1077,70.56604,67.6514,84.364,81.05819,67.66585,65.52171,73.99218,72.57552,70.63309,60.75514,66.16099,52.67455,55.99945,59.76348,66.95622,66.39511,69.54008,67.04548,68.17169,71.44139,66.08839,75.11156,70.32632,68.05818,68.21329,68.15879,66.52727,67.67521,68.10466,60.5497,64.68045,65.25288,57.47571,64.81396,63.81733,65.22042,68.39026,73.33892,71.08838,66.30264,70.453,59.82463,62.7724,70.41443,69.40017,66.88859,62.0902,59.08223,65.37057,63.67157,73.33734,69.96922,68.59662,76.2649,70.35906,61.20589,67.09973,70.89851,70.4602,75.95066,60.56005,63.00734,68.69561,71.34886,69.03384,65.15518,58.30275,65.4871,65.26798,69.49956,71.80816,67.88697,63.11375,69.64087,62.76329,50.75977,60.35578,63.34157,70.06269,68.55628,66.19544,61.83674,56.94064,65.19142,62.75139,62.66383,64.56069,59.11176,62.2568,59.76378,58.80436,62.28285,66.38353,60.02801,54.40619,61.48531,64.6146,67.16803,66.89454,61.11463,60.97193,61.76936,64.88006,67.72794,71.93466,65.79528,72.9774,71.11779,68.47025,68.93081,64.37741,61.26068,71.22667,104.27204,71.02334,53.03834,63.59714,69.24035,69.06255,64.8537,61.5998,64.15972,86.55449,73.11448,68.86594,68.5303,0.0,57.03256,60.71256,66.60877,59.68952,58.0292,70.5885,58.39509,63.394
xyz_newmol2_pos_col,52.44358,65.33349,59.58753,59.42579,66.79496,64.88636,61.01098,56.6082,62.79697,62.07844,62.67275,63.07285,65.69751,63.36249,68.64919,62.31845,72.22571,65.34502,64.19384,61.64645,66.58577,67.68158,62.55633,68.38734,65.69467,70.41175,60.26476,58.56761,63.03666,53.67159,67.03206,61.61933,60.76444,63.7728,60.17189,66.139,62.9028,63.86,63.37164,66.96007,71.00433,64.93517,51.90742,60.39778,70.05962,65.80486,57.84074,61.99459,76.56042,60.10673,54.29312,54.08721,54.30508,56.75356,63.63483,58.97874,52.81554,56.72945,56.06757,68.72295,63.12923,53.15175,66.02018,61.67994,56.81495,61.56202,63.70154,61.56998,56.15095,61.30414,54.30062,60.59382,56.28204,57.13299,58.97522,65.71554,61.35696,59.73468,62.15309,63.16716,61.36138,67.61928,59.64408,57.9371,61.33748,53.70823,56.23228,55.09834,62.08076,63.22005,62.66057,65.76365,64.88187,57.61759,63.73792,53.01685,63.96356,74.60528,61.42661,54.81371,64.9807,62.46277,68.3345,59.19564,54.57138,61.51611,71.88038,57.83482,62.44178,52.87858,51.52583,59.08322,65.74423,59.5916,50.64335,47.18954,58.7587,53.99483,59.37148,60.6047,52.30407,54.47278,53.38236,50.1877,57.63034,55.89694,62.39372,53.87166,59.62401,50.75885,64.00732,49.99901,59.18696,54.29024,53.04822,57.1319,60.88805,61.0633,51.52316,54.94539,51.55637,63.48722,62.11912,60.21069,58.11521,60.7615,55.47063,55.14348,53.94473,58.28565,62.1817,85.80264,60.44184,52.31268,52.74227,56.99674,59.83353,55.28279,47.85343,54.63229,70.34582,61.86104,51.56388,55.97301,57.03256,0.0,54.21673,56.75957,49.46238,61.22631,62.12747,42.07372,56.79981
xyz_newmol3_pos_col,57.81905,75.50848,68.20123,72.85619,64.49973,68.67997,69.61751,56.29165,68.25146,67.88262,68.99285,66.08266,67.00417,66.96719,65.33009,67.01044,73.60356,76.76493,63.24157,67.4616,66.12198,64.91877,66.93098,78.34642,64.81075,68.78011,67.74713,68.16988,70.23843,57.56774,67.62598,71.54649,63.17494,58.90956,67.03564,71.55525,74.20699,67.76982,66.35991,69.35613,81.12291,77.08067,63.04377,67.17519,73.48855,65.17651,60.0559,65.25678,70.21942,62.21193,56.76209,64.07205,66.67486,64.70686,63.67445,67.67142,65.90908,62.2331,62.03856,72.96387,60.84377,59.6574,59.0508,66.51058,61.63222,64.41562,63.42019,64.37315,61.23129,59.88406,60.05776,61.20017,65.06478,64.9184,65.65356,69.58217,65.3478,64.48749,63.70504,62.47922,59.47138,69.46278,64.85608,56.16587,63.46311,61.13028,60.87513,58.3109,64.95823,60.19162,66.11133,73.25435,62.43428,60.22558,68.15295,52.56843,72.30748,75.04925,65.65028,64.99033,68.01324,65.62881,65.2447,62.39071,59.1116,63.79376,71.92449,65.41138,67.15225,61.64119,59.99553,66.19626,63.86855,65.42814,59.56671,57.34136,61.92222,61.57177,59.60305,61.00529,55.36145,60.2176,59.16879,53.45592,56.98624,62.8311,67.60833,57.14318,65.10823,61.82753,63.21163,50.8163,55.0837,64.29686,62.97472,60.99187,69.57602,60.56259,61.39335,58.57875,58.02038,71.62708,73.02832,64.44779,67.58482,66.60968,66.03222,66.63656,65.99874,66.06424,72.62393,91.76912,67.99717,52.04393,61.46344,62.23154,64.48575,65.01052,56.95758,67.18794,77.18024,72.27169,60.39815,61.5076,60.71256,54.21673,0.0,63.72302,64.27707,69.16793,72.60961,52.03111,58.49432
xyz_newmol4_pos_col,59.92376,62.04501,64.53447,65.37721,68.05896,66.12787,65.54676,68.4433,67.16333,65.84872,65.83408,61.44875,68.53276,63.57253,70.55695,64.35061,68.00868,66.84616,66.84451,64.76417,70.79951,70.77297,60.1121,66.73084,67.08442,73.52896,69.68422,63.17666,67.46197,63.62459,66.54472,68.11272,63.10148,64.5526,66.55222,66.60408,60.47836,60.22066,60.55134,62.02912,65.17891,61.76021,62.16352,62.55159,69.60078,70.52802,55.75514,62.06763,79.82342,66.17868,57.28842,56.20883,44.96402,58.82636,61.14025,61.21768,53.07035,58.04125,56.78441,68.93402,64.0655,60.72686,72.76178,68.13706,65.41538,61.7529,72.73863,63.27135,58.73423,65.7608,61.82978,66.6065,63.45943,67.07764,63.84245,65.59198,59.61953,61.95486,50.75691,68.344,67.65488,70.55807,71.26609,59.74321,65.97899,55.47825,62.39599,64.72424,67.31457,74.8474,67.97215,61.68504,76.91576,57.87247,60.16895,62.59241,58.60118,88.14629,63.33119,65.77391,72.23397,67.57003,78.33969,69.91848,62.54403,66.59506,80.90639,62.53819,61.95064,56.62803,55.0704,66.38739,75.81941,70.02841,59.18727,60.80887,57.99659,63.34001,59.94021,68.81955,59.26435,55.11147,63.10443,62.97648,62.27053,57.1284,71.48644,65.16095,74.1285,58.19012,68.80401,56.15054,62.77723,62.93891,56.73295,52.6419,58.55397,66.19506,58.7288,70.58487,57.81073,65.20061,56.22772,60.97998,58.21376,64.47728,62.79169,57.84515,60.23055,58.88235,59.07444,81.47459,64.92403,54.86672,62.96002,61.96458,56.98867,60.96702,55.79073,67.18286,66.96208,56.28798,53.71349,57.96567,66.60877,56.75957,63.72302,0.0,56.75613,69.90865,61.0228,55.50026,53.29236
xyz_newmol5_pos_col,43.52935,60.31264,61.62748,50.28544,62.47635,58.41952,59.26861,60.83553,61.52154,57.71455,57.41709,60.75721,64.1007,57.80966,62.61333,57.58092,58.33598,60.27521,60.1829,57.41051,69.07484,63.19399,62.31026,66.76159,58.70414,72.59301,61.8242,62.73221,63.87328,54.07852,61.50408,64.73439,56.88286,63.20267,58.52908,60.05139,60.9109,58.833,55.95872,61.40428,63.36436,58.10165,53.46099,59.955,62.92909,65.27085,60.01225,58.25226,74.5215,58.78077,50.94722,53.57515,46.01338,46.65437,57.76228,50.84959,50.58101,49.95639,46.85284,60.76293,56.47781,55.55071,66.40532,60.9211,59.80162,55.04357,66.85297,70.80775,53.69117,57.86259,54.88388,64.12211,50.1682,56.2817,56.65341,58.58773,60.44693,56.50027,61.75555,57.60812,67.06088,62.80037,57.47428,59.77076,63.01977,49.54798,56.53513,57.96597,55.13457,64.62365,61.42846,57.47771,67.68089,54.48492,60.16131,54.58014,60.05321,78.18358,53.76212,55.55231,62.49269,50.57208,72.842,53.33877,58.66009,54.09709,72.1466,59.92935,56.41318,53.56524,48.862,54.29827,58.72806,59.48489,44.90843,54.05688,54.72829,49.42543,54.35896,61.19314,56.91197,52.87445,52.60878,46.9352,46.04468,49.12149,61.09873,58.75107,58.20167,48.93242,58.8839,56.82673,51.45243,45.8784,55.32405,49.25322,55.30438,57.40981,49.6155,55.36255,52.54979,59.57063,57.2345,51.21068,52.75635,52.68222,56.54291,52.68779,54.21993,51.48677,54.9285,78.5784,60.22941,53.34062,46.32719,53.23794,52.75017,58.65348,49.77014,49.53044,65.22042,61.72169,46.65768,58.50809,59.68952,49.46238,64.27707,56.75613,0.0,61.39373,55.74187,54.60438,50.6114
xyz_newmol6_pos_col,61.48381,82.30089,72.23636,78.54007,74.26972,75.49086,77.79469,69.70922,72.81697,76.81819,72.09762,75.16898,78.81897,73.34771,72.47157,74.65553,70.22444,77.97961,79.58567,66.74101,65.98067,78.19708,79.37005,93.51506,68.6531,75.94706,73.32973,77.20046,68.65606,68.93532,71.69221,75.41492,70.04106,77.19271,75.53838,82.83773,79.30551,79.81688,65.01114,77.3115,88.1599,84.46626,68.25413,71.10478,72.56875,76.4918,68.32456,73.32047,77.23714,59.10519,61.32499,69.91597,72.21435,67.27715,73.07184,72.82112,72.18153,71.26547,68.14267,81.05656,72.93385,74.47948,68.85549,69.68302,67.60079,67.82447,69.66173,69.38025,73.32907,65.67141,65.20108,62.82346,69.79657,72.79663,75.45213,75.19472,80.0206,68.77033,69.44467,67.94628,68.94966,79.0545,75.4563,67.09352,70.19176,57.55677,70.28625,72.30528,74.24846,65.68136,72.35735,77.85892,71.74263,72.60307,72.4442,71.96573,76.85582,74.69419,63.21431,73.696,70.84732,76.25097,78.74856,62.90017,63.85062,66.33049,64.75169,68.20511,78.02741,68.67181,65.43307,71.18486,59.88365,58.7295,63.27123,62.30018,72.2857,74.04761,77.88461,71.88729,57.5464,70.502,64.35245,70.3788,67.42017,63.49402,66.0785,67.04515,59.8394,68.85908,67.95615,65.67024,63.85572,70.12806,71.59375,65.98871,78.86326,59.43621,69.25695,67.40237,70.72646,74.96443,74.18122,72.51381,72.27269,73.88403,74.50406,74.10641,64.69353,67.90757,78.48126,105.60132,78.10449,62.9041,72.09528,70.10171,67.57691,65.77065,69.45337,66.36663,86.9873,81.35552,72.60261,69.68442,58.0292,61.22631,69.16793,69.90865,61.39373,0.0,76.89229,54.90367,67.3735
xyz_newmol7_pos_col,61.88032,62.75739,66.68792,62.5258,75.99405,64.41474,65.24748,67.96582,70.80781,56.96524,59.02897,61.35935,62.12228,65.11323,76.19216,58.00857,76.72035,64.52547,63.2034,68.90537,77.73584,71.01511,60.2058,62.4364,65.75113,82.53101,71.96009,67.68588,72.64458,58.44449,72.84784,68.1546,63.48972,65.15042,69.43625,63.33092,66.61706,60.10246,65.29834,64.64541,62.31216,60.44543,62.74573,67.4236,76.14256,71.64061,55.20075,68.71562,87.61777,71.3012,59.12145,52.19134,49.02562,58.5363,59.61967,49.18496,55.35454,53.53047,55.62328,73.49379,65.82555,59.33584,80.21718,71.77905,67.10565,66.68135,74.31564,79.42377,58.82917,70.48742,66.64247,77.07174,64.33109,64.76059,63.74991,65.52468,57.12915,72.50181,59.27467,67.86582,70.9577,72.09418,71.67173,68.6208,67.56094,54.76671,61.32771,61.5263,65.34394,76.37067,72.19004,59.99331,79.81668,57.50373,68.48607,56.45646,61.8961,92.52218,70.59743,61.6141,73.73031,57.35535,84.33451,72.08107,63.3315,68.58272,83.37557,66.80438,62.43154,63.01,58.91167,63.55147,75.58967,67.88913,57.10184,62.74048,59.22437,55.45283,56.64603,68.0818,65.23272,55.23227,55.36632,60.50117,62.50462,64.15039,71.73467,66.69508,71.86878,53.08574,69.70322,63.24759,62.21498,57.40928,53.80542,57.41366,59.50919,66.74114,53.87129,70.75788,59.76196,67.41434,54.38368,58.28522,43.46136,55.3764,54.54339,61.40111,61.36368,57.51959,56.77741,72.92281,64.09483,61.55358,58.68872,57.28071,59.92978,61.66874,51.93026,60.85784,63.15204,56.64539,52.70894,53.42839,70.5885,62.12747,72.60961,61.0228,55.74187,76.89229,0.0,62.70342,53.42871
xyz_newmol8_pos_col,53.81568,68.51999,57.4669,66.1493,63.17263,66.38339,68.04246,56.60249,59.01921,60.17268,63.11346,63.62436,63.64697,58.24406,66.74912,64.94986,71.6766,62.52237,67.61185,58.40752,62.0291,68.31946,60.42508,66.21052,62.68836,66.10095,60.77781,60.44966,60.07547,53.50429,62.86473,61.00581,52.65746,61.92778,58.75438,65.3741,65.00075,61.60445,61.23302,63.78869,73.71384,65.70376,48.15174,60.69526,70.19391,66.36696,53.54672,63.14543,71.72953,54.325,54.34267,53.79759,51.5898,54.73782,59.67938,51.87498,56.46428,54.3958,57.92802,70.37827,59.87372,57.30864,64.17711,62.00615,53.37449,59.79998,66.24945,63.32416,58.02993,60.94258,51.87488,58.58637,55.79674,57.80677,59.63946,64.91029,61.9013,60.40107,57.71943,62.88104,59.98332,65.15168,65.40384,60.78358,57.06807,48.64571,55.47476,58.34614,63.86943,61.67617,65.714,65.86689,68.26945,54.96659,63.58479,56.22524,62.12798,72.34019,61.47123,55.42902,63.46055,61.59977,69.73054,56.64028,53.18015,57.51295,71.59991,58.06253,65.58989,57.08702,53.55117,58.20726,60.42357,57.36728,47.79398,47.32125,54.81122,58.9251,63.07759,57.97531,48.12466,44.9654,53.5132,54.22942,57.48172,46.25018,58.38006,51.315,57.42936,52.14612,54.06349,51.94353,56.29783,57.14086,52.56021,50.05482,64.40142,57.48232,52.89081,56.80733,52.20772,65.22658,56.47735,59.53645,57.68465,60.58511,55.42184,59.87774,50.55173,54.35661,62.99022,85.11037,64.42701,39.46388,53.6676,52.99825,51.85775,59.66603,51.88725,56.28738,68.36627,60.83379,45.76871,53.763,58.39509,42.07372,52.03111,55.50026,54.60438,54.90367,62.70342,0.0,56.04094
xyz_newmol9_pos_col,50.03094,59.05425,62.71294,63.96248,69.5241,64.90212,69.90912,59.53526,68.96948,61.92683,68.00118,68.24501,66.69918,62.25114,70.24994,57.65944,66.62709,66.8315,67.38149,60.41197,66.18048,68.96616,59.36815,71.65701,59.97939,70.87815,69.22317,67.90799,65.1621,56.91717,66.6251,66.77791,59.5185,64.51,64.62806,64.6613,70.87352,61.78767,59.24517,69.91291,70.05023,73.25658,58.26288,62.2897,68.30486,66.09239,60.78818,56.79893,74.24814,63.45891,54.60323,55.50861,55.04996,53.56353,61.42007,60.7593,55.79669,54.59865,62.82489,68.5781,62.22792,62.08776,69.07477,61.95249,59.25729,60.67838,67.57241,69.0358,54.41819,63.17745,59.48301,69.36598,59.42219,62.63365,63.37502,69.70791,62.47684,64.44316,59.18277,66.05508,64.79121,68.26987,73.00837,56.8199,69.27183,56.66082,61.32425,59.19865,65.76871,63.24518,65.26262,66.24369,70.81078,56.01803,66.68793,53.67485,66.6305,80.28871,60.02383,62.54124,67.21534,65.08176,72.98425,65.1517,58.32901,57.42069,76.33843,61.61748,68.19228,57.27695,53.23828,58.0561,61.5329,61.73103,54.54453,54.58746,60.51799,58.97587,58.5304,63.92662,56.45571,52.73429,49.0145,51.58874,57.99726,58.0104,61.38471,55.50547,66.39793,57.39834,66.10668,52.01437,61.69362,58.57575,54.27899,50.37837,63.02491,58.44556,59.03084,64.78253,57.64374,64.88611,61.58848,59.55039,60.22833,56.65506,59.34433,60.50503,59.63226,61.73835,66.10765,80.24218,67.19526,56.61134,56.55266,60.33881,59.24774,59.55094,48.0182,63.18688,71.56606,63.64512,56.36317,53.83935,63.394,56.79981,58.49432,53.29236,50.6114,67.3735,53.42871,56.04094,0.0
