,mol0_neg,mol100_neg,mol101_neg,mol102_neg,mol103_neg,mol104_neg,mol105_neg,mol106_neg,mol107_neg,mol108_neg,mol109_neg,mol10_neg,mol110_neg,mol111_neg,mol112_neg,mol113_neg,mol114_neg,mol115_neg,mol117_neg,mol118_neg,mol119_neg,mol11_neg,mol120_neg,mol121_neg,mol122_neg,mol123_neg,mol124_neg,mol125_neg,mol126_neg,mol127_neg,mol128_neg,mol129_neg,mol12_neg,mol130_neg,mol131_neg,mol132_neg,mol133_neg,mol134_neg,mol135_neg,mol136_neg,mol137_neg,mol138_neg,mol139_neg,mol13_neg,mol140_neg,mol141_neg,mol142_neg,mol143_neg,mol144_neg,mol145_neg,mol146_neg,mol147_neg,mol148_neg,mol149_neg,mol14_neg,mol150_neg,mol151_neg,mol152_neg,mol153_neg,mol15_neg,mol16_neg,mol17_neg,mol18_neg,mol19_neg,mol1_neg,mol20_neg,mol21_neg,mol22_neg,mol23_neg,mol24_neg,mol25_neg,mol26_neg,mol27_neg,mol28_neg,mol29_neg,mol2_neg,mol30_neg,mol31_neg,mol32_neg,mol33_neg,mol34_neg,mol35_neg,mol36_neg,mol37_neg,mol38_neg,mol39_neg,mol3_neg,mol40_neg,mol41_neg,mol42_neg,mol43_neg,mol44_neg,mol45_neg,mol46_neg,mol47_neg,mol48_neg,mol49_neg,mol4_neg,mol50_neg,mol51_neg,mol52_neg,mol53_neg,mol54_neg,mol55_neg,mol56_neg,mol57_neg,mol58_neg,mol59_neg,mol5_neg,mol60_neg,mol61_neg,mol62_neg,mol63_neg,mol64_neg,mol65_neg,mol66_neg,mol67_neg,mol68_neg,mol69_neg,mol6_neg,mol70_neg,mol71_neg,mol72_neg,mol73_neg,mol74_neg,mol75_neg,mol76_neg,mol77_neg,mol78_neg,mol79_neg,mol7_neg,mol80_neg,mol81_neg,mol82_neg,mol83_neg,mol84_neg,mol85_neg,mol86_neg,mol87_neg,mol88_neg,mol89_neg,mol8_neg,mol90_neg,mol91_neg,mol92_neg,mol93_neg,mol94_neg,mol95_neg,mol96_neg,mol97_neg,mol98_neg,mol99_neg,mol9_neg,xyz_newmol0_neg,xyz_newmol10_neg,xyz_newmol11_neg,xyz_newmol12_neg,xyz_newmol13_neg,xyz_newmol14_neg,xyz_newmol15_neg,xyz_newmol16_neg,xyz_newmol17_neg,xyz_newmol18_neg,xyz_newmol19_neg,xyz_newmol1_neg,xyz_newmol2_neg,xyz_newmol3_neg,xyz_newmol4_neg,xyz_newmol5_neg,xyz_newmol6_neg,xyz_newmol7_neg,xyz_newmol8_neg,xyz_newmol9_neg
mol0_neg,0.0,11.19918,9.61,12.18189,11.79896,12.17152,11.40757,13.94023,11.4188,10.22911,12.24822,14.00264,11.07258,11.30646,13.66015,12.12609,12.67949,11.00247,10.03389,11.55615,13.02416,10.59542,12.03152,11.44126,11.22146,12.46028,9.60201,12.41605,11.7723,12.08604,11.97853,12.11085,13.59095,12.29634,11.80692,11.44948,11.67128,11.88582,10.0992,14.40901,10.51141,12.20315,15.30843,12.83407,12.99175,9.83392,9.74054,9.75543,10.92863,13.41379,8.90544,9.66464,12.56603,13.79597,10.33772,12.78663,10.7371,11.59806,13.87642,12.0068,12.96879,11.75679,12.40014,11.73886,12.79969,12.09395,11.60891,13.57628,12.11562,10.40791,11.21412,10.96102,10.51081,11.50023,9.68837,10.93019,11.08983,10.29424,13.48307,9.8878,11.33217,14.08508,11.41786,10.91639,9.41902,8.71961,11.64694,9.60078,11.12554,13.79805,11.2572,8.79176,12.83902,10.24274,12.16428,9.88835,13.82389,10.06794,12.08546,12.63895,11.80332,10.56023,11.31252,12.90612,13.48612,11.82555,12.29843,15.65344,11.17048,10.0983,11.77241,12.51581,11.96247,12.37249,11.22173,11.65434,13.34501,12.93883,12.44316,11.55597,10.66224,9.8883,12.88173,11.48478,7.21144,11.4262,10.28675,12.64782,11.10326,5.159,12.42299,10.69653,10.88588,12.53124,10.5769,11.35997,13.11717,11.88565,8.33274,9.14594,12.64659,13.51397,11.38218,8.8316,10.47036,11.34968,13.04319,12.95651,11.07181,11.95494,12.57019,10.28698,8.54433,9.94377,13.77148,13.09676,11.75505,8.70227,13.06128,15.13203,11.02898,11.11597,11.59319,11.8573,9.00907,10.38958,9.17964,12.21745,13.60272,13.14338,8.39637,12.0263,12.55843
mol100_neg,11.19918,0.0,8.50122,9.78266,10.81686,10.81301,12.89783,6.99987,8.90026,8.45785,10.38807,11.24337,9.19814,9.90079,11.40748,10.29222,7.83626,10.20446,9.61198,10.07515,10.50976,9.77826,12.12475,11.55868,12.05862,11.22779,13.77941,9.73373,9.84265,7.70639,12.76944,13.02204,10.57555,13.02528,11.39189,10.35529,8.51079,11.21863,9.9384,14.28616,8.14758,7.58734,9.33531,11.19424,12.03216,11.211,11.58513,9.80346,11.44248,10.6197,11.06322,11.33452,8.17657,9.6554,10.01987,9.70922,11.20464,10.68189,7.70954,9.51354,6.12108,10.46453,9.08666,11.39269,10.05751,9.91138,10.50518,7.96137,12.15039,9.1757,9.6484,11.85687,8.72201,10.24955,9.40388,10.20715,8.53791,12.21666,9.01174,10.6325,10.1138,9.78857,9.19853,8.60465,10.46886,9.55107,10.98236,10.32087,4.77262,10.8173,11.13313,7.98523,9.79213,7.91259,9.74726,9.11493,8.99433,11.75909,7.48133,10.39798,9.41127,11.92641,9.34391,12.99006,9.88988,10.54453,10.45055,9.97328,6.80955,12.26248,8.2855,13.18666,12.2714,10.81624,9.74498,7.24453,9.88576,8.62295,13.94387,9.56595,9.61973,8.23209,10.23014,9.05238,10.48218,10.71958,9.34862,10.92563,12.41329,11.60575,9.99303,10.05298,7.83361,10.01341,9.09495,9.48933,8.93429,10.818,10.86813,11.22968,11.42956,9.60572,9.05818,11.47592,8.9085,7.5957,8.29874,5.98525,14.26204,8.48821,10.37203,9.70176,10.01061,8.73067,11.90777,10.52228,13.30089,6.36118,9.8155,11.33402,11.94088,7.14658,9.8655,10.68797,7.46487,9.63693,8.8913,12.16716,8.85705,11.51246,11.02489,8.70412,9.33027
mol101_neg,9.61,8.50122,0.0,10.21845,11.53657,13.64587,12.70833,14.73617,11.36418,10.87327,11.07887,13.85973,11.60736,11.64001,13.14351,9.86485,10.82394,9.41053,9.39229,9.35336,13.66011,15.16278,10.60294,11.52084,10.18819,13.12714,11.55075,11.59427,13.85653,10.36784,15.532,11.35242,12.69204,12.78663,13.33011,12.00088,13.53208,13.89201,9.72537,12.28263,11.0482,13.26487,16.59494,10.66731,11.25459,11.08668,11.98681,12.5164,11.34681,15.29216,10.09453,10.09441,11.65266,11.73123,15.14188,11.75213,8.86252,8.6388,12.52842,13.67562,14.60708,10.69193,13.45138,12.3111,8.47225,13.70202,12.40044,11.99038,12.48248,8.31198,13.90482,12.34934,10.17598,11.661,11.80946,13.8131,13.09269,9.38918,14.48984,9.61663,14.53825,17.10643,10.78922,9.73698,9.22589,9.5258,12.26746,9.43141,9.35318,11.56187,9.19207,10.10924,12.72484,5.72561,10.20432,13.13204,14.79973,11.52197,9.48453,10.52203,10.899,9.81553,10.69576,11.89986,14.7967,12.12991,11.2221,17.71615,12.38292,13.20977,7.5324,10.44675,9.7875,11.9578,14.02351,10.22842,15.38007,11.9047,13.02434,13.16924,8.70994,10.07272,11.27677,8.52746,8.21853,10.42314,7.44204,9.09817,9.13189,11.13602,15.21914,8.32843,10.75725,10.08002,11.9515,8.74891,10.79932,12.68244,9.17646,9.10814,9.53075,11.28284,9.95798,9.22881,11.09988,11.65072,9.13357,7.71234,10.39266,10.16562,10.10333,9.78694,9.87826,10.60715,13.22518,8.4283,11.49191,9.87347,12.81503,12.61664,9.92537,11.35312,12.59389,10.18727,8.00208,13.85245,9.60904,12.71703,16.3466,9.23207,10.46395,7.78787,11.58324
mol102_neg,12.18189,9.78266,10.21845,0.0,9.21645,12.0944,17.37138,15.12171,11.33521,12.70381,16.03539,15.05993,11.12435,14.08697,13.45637,17.94596,11.98611,11.2805,10.37838,12.57668,13.07481,15.3751,9.63549,15.42653,9.36096,14.66764,13.50462,13.66817,17.71963,9.67238,15.64795,16.22893,16.53856,11.05964,11.61551,11.85746,17.74035,13.21541,12.44416,15.67506,14.00042,17.00091,19.77853,11.38258,12.86196,14.39934,15.80871,12.91086,10.24239,15.08004,10.75601,9.7987,11.63841,11.60191,20.35152,14.40095,8.60593,9.75268,14.03913,13.8178,15.43777,17.03464,15.6589,13.09176,10.15451,15.5188,14.32673,14.28268,22.99491,11.76551,16.42858,12.9672,14.14731,17.96273,10.47289,16.63239,15.1276,9.75134,19.73708,11.27206,16.74108,15.2914,11.0572,15.42251,8.78802,8.9355,14.59684,9.72136,10.48264,12.88395,11.28698,11.65124,14.93076,9.0991,10.1018,12.59593,13.94411,10.35408,15.30039,16.22234,13.01503,11.5059,10.96087,11.99129,16.03884,12.84184,11.59382,16.427,11.64217,13.34126,8.75841,10.97528,10.94283,10.15904,14.78065,12.2219,15.26076,10.36308,14.28121,18.48366,10.37458,10.90353,9.33121,10.94623,10.76052,9.65435,9.40827,9.58234,10.5641,11.89237,16.09485,15.43447,13.84034,11.87601,10.16513,9.49031,13.1859,14.89167,11.0925,11.89627,10.89873,9.70714,11.17271,10.7197,10.95252,9.19073,9.46394,9.26875,12.49408,8.78261,10.05209,8.18976,9.06777,10.9502,15.84321,11.54942,11.28726,9.99997,10.33301,13.85932,12.20693,9.87573,13.68491,12.68263,7.75,17.04038,7.2138,12.12332,14.56543,10.15122,11.72824,9.70673,11.68699
mol103_neg,11.79896,10.81686,11.53657,9.21645,0.0,14.21685,16.05428,12.73963,9.83244,9.6666,10.48635,13.50375,9.63383,12.85995,13.3324,12.29979,11.44389,10.20944,9.95597,12.57036,14.05984,15.77247,9.78255,11.40065,9.32979,15.41514,12.99122,10.56664,9.82629,11.38411,12.86358,16.19738,11.41142,9.75973,9.8564,8.17645,13.99003,10.14515,9.22668,14.75569,11.76148,13.18176,11.71788,12.80919,13.78417,12.30717,13.90958,11.62356,11.99136,10.61893,11.23876,9.40477,13.18177,12.00563,13.90061,13.05233,10.34191,11.13641,14.91737,13.15467,12.6987,12.89976,10.16781,12.74304,12.06126,10.93442,8.40661,15.99945,16.33972,11.1177,11.34083,12.31201,9.98523,12.14559,9.48151,13.3621,9.76745,12.23908,13.80675,10.53516,12.07857,11.19745,9.0531,10.09144,8.42968,8.88858,13.3478,10.17545,11.6314,9.68048,11.44668,11.11987,11.46453,9.87831,7.78907,11.03923,10.83788,10.79452,10.33672,11.25456,12.39319,12.57576,10.6033,14.09414,13.71898,12.1884,9.90348,15.91335,10.9303,13.69518,11.82451,11.88257,11.55859,12.68084,10.44673,12.83844,12.38132,13.39876,14.5346,12.40518,9.65678,10.2708,9.23557,9.92164,9.73378,9.64152,11.59424,11.72333,9.20859,11.53736,16.75301,12.50418,9.74235,12.65055,10.51018,9.73741,15.68696,11.4093,11.9777,13.0387,11.7969,12.51846,11.98786,10.36188,8.99103,10.10125,11.00538,10.5273,13.1352,11.12229,10.02539,7.74721,10.31678,11.74564,14.59408,11.99862,11.06658,11.94082,12.10216,12.36462,12.05498,11.87473,14.44564,12.89134,10.14946,12.34369,7.75648,13.20268,12.70507,10.63714,12.3376,11.46299,14.33742
mol104_neg,12.17152,10.81301,13.64587,12.0944,14.21685,0.0,14.79947,16.28934,11.91941,13.9587,15.26371,17.16981,12.54558,12.80967,17.83244,16.4582,13.19938,15.24743,9.8538,11.22752,14.28382,12.34408,9.58621,13.59201,13.30338,14.24999,13.82823,14.91609,17.28416,10.13377,12.5742,18.2754,17.12109,13.58326,13.85486,13.46669,14.63584,15.00185,13.22693,18.58856,11.49174,16.17698,17.73485,12.8124,13.57742,13.5694,17.42407,10.54241,13.0709,16.34974,11.78198,11.64853,9.82649,13.70247,16.88494,17.83244,11.56751,12.1689,13.84707,11.55801,15.32694,17.30023,14.45368,14.42128,11.08832,15.13286,14.01126,13.71125,18.26475,12.13132,15.76978,12.131,15.06754,16.12684,12.90948,15.81489,15.13411,12.4903,17.16466,14.28322,14.93211,14.58641,12.82382,15.34912,11.18799,11.83375,16.49714,11.56517,10.02997,14.4131,9.93005,10.81362,17.37485,10.73407,14.47036,12.21567,15.91494,9.93726,15.13344,15.37231,13.05802,14.01409,11.84886,13.39952,16.7646,12.0792,13.82884,16.7189,12.6269,8.96211,10.28607,12.4822,12.69634,10.66538,16.28725,13.70447,16.32355,14.63476,14.22079,15.63363,12.32565,9.48029,12.46836,14.47974,11.55777,10.65702,12.97621,13.25744,13.06261,11.01395,12.45794,16.14273,16.09917,16.22197,12.25806,10.89156,12.81879,14.23265,12.68033,13.36367,12.0451,11.77768,13.96942,11.93728,13.21548,13.07436,13.76157,10.97497,12.60912,10.94919,13.77607,10.22515,10.68681,8.77175,19.26459,15.91372,12.3375,9.32648,10.93272,19.02148,13.48024,9.54988,15.52459,15.30545,8.70261,15.5042,8.35453,11.02367,14.47257,12.18113,12.97683,11.08068,12.94228
mol105_neg,11.40757,12.89783,12.70833,17.37138,16.05428,14.79947,0.0,19.76442,16.32043,15.68098,15.14854,17.55701,15.38259,14.64844,17.57988,15.73576,17.39889,14.98152,12.60954,12.93628,19.30397,13.26676,12.2041,10.52482,15.36304,15.75621,12.38461,17.49698,16.86295,15.98762,14.00828,12.4144,14.80254,17.93997,18.77721,16.71629,17.54125,17.52414,12.8829,18.75822,12.02017,17.01498,19.90635,14.36175,11.90238,13.70268,14.26548,15.18993,16.27212,20.70771,10.85437,11.33566,12.8487,17.36294,17.01175,15.01445,10.37764,14.3584,16.08456,16.54474,18.74427,14.20609,18.42836,15.35374,12.97133,18.44979,16.72436,15.53101,11.69454,15.59117,18.61171,13.47906,16.01971,15.21047,15.67752,18.72161,16.72866,14.27804,16.05543,13.52936,16.02247,20.93438,16.56946,15.34376,12.47205,15.99799,14.87249,12.63123,16.25798,16.39005,13.94339,9.69763,16.95076,10.60287,15.07061,16.95418,19.04277,12.46941,15.52395,14.03116,16.78007,11.02727,14.25414,12.20622,18.89477,17.75133,13.6394,20.68861,17.5542,11.21796,12.44514,9.70412,8.91303,15.12043,17.37041,14.95761,17.58752,18.46417,12.212,16.26462,12.52128,11.81482,16.80628,15.84176,11.93947,15.49302,15.10671,14.38693,9.38334,12.5376,16.12787,14.89508,16.57524,15.84718,15.29178,13.27041,12.28078,17.37329,10.2841,10.30069,11.49816,16.73056,12.15875,10.38796,16.68379,16.93806,14.25921,13.28048,14.34985,17.07766,15.23331,12.43386,13.02995,13.49741,14.87674,13.70899,14.14897,13.41977,18.20869,16.66049,9.20014,16.3985,14.98048,14.00453,13.0971,17.42353,13.70675,12.85422,20.19569,12.4343,11.05557,15.65058,13.36344
mol106_neg,13.94023,6.99987,14.73617,15.12171,12.73963,16.28934,19.76442,0.0,14.85735,14.2285,15.73422,16.25817,10.82804,16.34598,11.99644,15.73262,11.43525,11.9877,12.49166,15.8315,14.30743,18.05971,12.42543,17.97452,10.16938,15.1896,13.42365,17.86824,15.45141,11.22253,14.97343,15.32923,15.23329,13.34436,12.85983,13.57965,13.51194,12.25179,13.57844,19.29207,15.42246,13.55946,12.62508,14.21144,16.05593,18.7832,14.07413,14.53624,11.92154,13.89448,12.57518,12.00563,13.14551,12.96779,13.78669,10.81271,10.93583,11.20064,12.42328,14.98293,9.19288,16.46387,14.30778,14.38628,12.99566,13.04121,15.09307,10.47493,20.52676,13.4012,12.63534,10.98749,13.45638,17.91309,12.27127,15.52984,15.78907,12.60568,14.30435,13.15692,15.49986,12.14474,12.39788,11.3551,10.92393,11.57021,13.52968,11.5377,9.13348,17.46106,13.5785,12.38442,12.63135,11.31066,12.10797,15.84782,11.7178,12.50316,11.14523,17.03175,15.13627,13.21596,10.05841,14.64072,14.1727,14.56636,10.77558,13.89649,11.39066,15.3793,11.48105,11.98877,12.59017,12.15542,14.11005,9.3228,13.38378,10.59229,14.91146,15.42963,9.03968,11.19488,12.31913,12.8388,11.03451,11.72915,13.76316,10.13672,11.01175,12.27568,16.42008,15.28507,15.86236,13.13763,10.78286,10.50411,13.616,17.02046,12.41075,14.79842,11.55115,14.40965,11.12699,10.60743,14.58159,10.42884,11.54343,10.85717,15.13669,13.4467,11.70219,9.48567,13.58971,10.78475,13.84463,12.51649,13.46567,10.77834,13.30701,12.3518,12.21655,11.32491,11.2232,9.60034,10.50194,12.83332,10.90208,11.93246,11.06556,9.68912,12.43613,11.45926,13.79299
mol107_neg,11.4188,8.90026,11.36418,11.33521,9.83244,11.91941,16.32043,14.85735,0.0,11.69547,16.95077,14.76196,8.89584,14.71009,11.8802,15.38369,10.26041,10.21343,10.5067,12.991,12.70645,16.07014,11.03472,14.29917,10.58811,12.56721,12.74517,15.74814,17.34663,9.59195,14.76764,14.75941,15.43517,12.31008,12.38881,11.12791,22.00816,13.09151,12.06196,16.8679,13.17395,20.27712,16.18569,11.2537,13.43696,14.78043,13.82508,13.30226,10.54835,16.85427,10.53695,9.2657,10.26602,12.19533,21.25596,13.15056,9.55636,10.30696,12.25481,13.14467,11.02387,14.59289,11.89641,12.82541,10.21445,16.13611,12.29574,11.98659,23.46882,11.31424,15.55422,11.94227,21.53608,18.00104,10.98125,16.9737,15.33681,9.86561,19.25465,10.84376,24.44538,13.08147,11.69213,14.17876,8.68627,8.89422,13.95999,10.29846,8.38044,12.28128,11.33536,10.528,14.07264,8.38179,9.1712,15.08182,20.27394,10.93677,17.59134,16.2144,13.71084,11.45909,9.10805,12.45606,15.2644,12.5906,10.34882,13.7164,9.63322,13.03293,9.06498,11.68758,11.5425,10.82853,15.20371,9.43669,13.29421,11.32381,14.27119,19.95405,9.93562,8.75374,10.78499,10.11134,9.15115,9.36627,11.11775,10.61738,8.68494,11.42806,15.29122,12.54251,14.05163,10.88135,10.23132,9.45128,12.57721,16.07767,10.12398,11.67106,9.62288,11.91097,9.87312,9.60154,12.65055,8.68347,9.28537,8.84279,12.84606,9.45211,9.93289,9.01923,9.2419,9.9875,15.46143,10.31429,11.26813,9.80043,10.2362,13.22948,11.9233,9.59675,12.66848,11.51971,8.21793,15.17339,8.36304,11.40572,12.28866,11.07601,11.57121,9.09147,11.6589
mol108_neg,10.22911,8.45785,10.87327,12.70381,9.6666,13.9587,15.68098,14.2285,11.69547,0.0,17.90916,11.45825,9.97632,15.19367,12.22665,17.39088,8.06116,8.21353,10.10975,13.1602,14.53336,15.14133,10.85068,16.06749,9.7916,13.22438,11.66587,13.20595,15.34723,7.09371,14.69104,15.88197,15.94103,13.15144,10.16837,10.09397,18.69344,10.52669,13.05565,15.58438,13.64918,15.00386,16.67394,13.67136,14.45061,14.41419,14.25743,12.81127,10.79676,19.08935,9.63143,10.67931,11.54224,10.05414,19.19132,12.40198,9.50156,9.39772,10.76558,13.41376,14.33514,16.27498,14.16847,11.80612,10.12291,14.14086,13.59976,13.2722,23.62408,10.69745,14.23885,10.8751,14.21616,17.93748,9.92842,17.65273,10.16923,10.94017,15.78293,11.3143,18.20414,13.77707,11.3702,12.66276,9.65388,10.11887,12.7709,9.43043,8.22091,15.2919,10.71512,11.0801,13.47943,8.02464,7.86656,12.30123,17.23796,10.71514,15.25503,14.77059,14.37671,11.46388,10.11871,11.94865,15.7096,13.11265,10.70697,14.88699,10.26579,12.28446,10.16579,11.50763,11.48291,11.79651,12.4545,6.89529,13.58784,11.14016,13.27679,15.74514,9.40413,10.08243,12.67013,9.62949,9.21116,7.91161,9.61,10.55283,8.6538,10.12518,14.30585,11.2572,12.37244,12.57123,10.33048,8.40697,12.71379,15.20754,10.16615,12.78843,9.89411,12.4265,8.03068,9.54728,13.77832,9.02256,9.58951,9.40795,11.95899,10.47708,11.65909,7.86155,10.77617,7.83431,14.43074,11.75344,12.4885,10.14252,11.58624,12.34209,11.4328,9.55527,10.42809,13.19653,9.45068,15.19647,8.49605,12.28871,9.82954,10.87552,11.64903,9.57325,11.00494
mol109_neg,12.24822,10.38807,11.07887,16.03539,10.48635,15.26371,15.14854,15.73422,16.95077,17.90916,0.0,14.1855,13.49035,12.19523,12.65019,11.34618,11.30322,9.36033,9.27311,11.12534,12.67998,15.63973,8.91845,12.93713,10.18954,13.98957,14.81,19.06783,19.57298,10.87643,14.44883,14.8249,13.45227,12.05775,12.04242,11.24845,19.41748,12.1189,9.17126,13.56301,12.49936,22.6292,16.53871,11.34069,11.47369,10.45299,15.92968,12.65061,11.21763,21.45909,12.24274,9.88234,11.78218,12.34848,27.22964,13.4805,9.34421,11.75842,13.99899,13.9745,16.89477,14.9613,18.35756,13.96773,9.5235,21.35602,17.72692,15.56678,20.87623,11.9566,20.95375,12.84529,11.81272,15.36668,10.94404,20.65501,19.62625,12.20529,23.9642,10.50931,25.63389,14.1037,10.23548,11.95615,7.21063,9.3448,13.36729,9.84397,10.91694,9.38429,11.33412,11.88925,13.92724,9.20562,10.6057,14.75706,17.76387,10.07742,13.75881,13.87141,13.3139,10.02263,12.11771,11.93124,16.39746,16.83917,9.22229,16.53825,12.45967,13.50382,8.34284,9.40047,8.27788,10.28103,14.8211,11.40079,17.53362,14.85932,12.88833,21.87856,10.77001,10.06308,10.97249,12.33788,10.7186,10.02729,10.26555,10.3981,9.02993,11.776,15.1015,14.25985,17.26671,10.53351,11.70729,9.86614,12.94603,19.5068,12.27242,9.69787,10.41646,12.99546,12.05159,9.95787,12.77087,10.79178,8.97613,9.4332,12.05098,11.33317,8.51969,9.09546,10.57388,11.24321,15.52369,10.42259,11.04005,11.39395,10.64245,10.38705,9.4776,11.46324,14.36893,10.76461,9.51323,17.15802,7.99254,11.71541,16.17136,10.68142,10.35564,10.04987,12.01408
mol10_neg,14.00264,11.24337,13.85973,15.05993,13.50375,17.16981,17.55701,16.25817,14.76196,11.45825,14.1855,0.0,15.93274,11.42597,15.29074,13.97545,13.20445,12.37094,13.50409,11.86613,13.4291,14.9446,13.80294,13.07747,11.47859,11.25777,15.66776,14.83713,14.79001,14.01803,18.62323,13.20709,15.47804,15.61409,14.11914,15.72252,13.63566,16.25005,15.1169,14.85603,13.38456,12.51333,14.83269,12.63627,11.96944,13.49419,15.46973,15.72293,14.07911,16.51393,13.59606,13.03277,10.63393,12.63254,15.43124,14.72309,9.73188,11.62436,10.07567,15.06324,12.77785,11.64979,11.91308,13.21062,10.26422,14.24425,14.20282,11.49407,14.69377,12.77571,16.52111,13.24467,13.59722,14.04541,14.09461,16.22404,14.51641,14.34193,13.43371,13.60087,15.20947,16.13681,13.97599,14.67838,12.60663,14.82959,12.18946,10.97912,12.80723,15.41407,10.51262,12.41893,16.7911,12.3537,12.26192,15.86997,16.90721,13.22539,15.65949,10.70386,11.37856,14.15591,15.23936,13.07144,14.42594,15.6618,12.64947,12.68872,12.45075,15.62433,10.47435,12.35977,11.16349,10.99724,12.95066,9.53787,15.60676,16.92527,14.32452,14.7794,13.97268,13.05046,13.29738,9.76041,12.24833,12.56484,10.36459,13.14001,12.95345,12.75433,13.28261,9.79014,9.83849,11.15731,12.78368,10.87072,11.28473,16.74949,12.59065,12.4598,9.54845,10.08237,8.64271,11.67258,14.8212,14.69791,7.9229,9.31335,12.5914,13.4013,12.70855,11.72792,13.93,12.84322,16.48639,15.17954,11.61709,12.64345,14.27559,15.67428,13.35643,13.30562,10.60576,14.82002,10.31001,16.37355,12.98725,10.62485,16.3106,8.42079,12.1892,10.77194,11.45489
mol110_neg,11.07258,9.19814,11.60736,11.12435,9.63383,12.54558,15.38259,10.82804,8.89584,9.97632,13.49035,15.93274,0.0,12.83482,10.28164,11.96342,10.08215,8.74079,7.3904,11.62028,13.32667,16.23748,10.67227,14.31865,10.43421,14.15905,12.75177,12.33031,11.4768,10.33018,12.45803,13.10133,11.66212,11.79649,11.64448,9.03056,14.56541,10.67078,10.88254,15.96537,11.82028,9.63577,11.86118,9.93877,12.66765,16.44386,12.30841,13.85744,9.40885,12.84893,10.39284,10.56953,12.02736,11.04711,10.77163,11.8603,9.65996,9.81507,12.21646,13.59454,9.51173,11.78591,11.72974,10.6043,10.82329,10.58356,10.79074,10.27858,15.1035,9.58284,10.41008,9.87656,9.04088,10.99212,10.13348,14.06505,11.65935,10.40221,11.63634,9.55997,11.65707,14.3625,10.4503,11.44992,9.55859,7.66159,11.98752,9.80246,9.01105,13.57568,10.81296,10.50083,13.72504,6.66118,8.33295,10.43249,11.42825,10.75195,10.03905,13.11096,14.85587,11.38986,9.35313,12.12518,15.00725,12.24443,9.57403,13.24927,12.11174,14.06859,10.12944,11.05886,11.40008,12.30053,9.48987,8.94328,11.9096,12.43058,12.796,12.65857,8.65167,9.11938,10.54015,10.85222,9.187,8.42693,11.03502,9.28378,9.4946,10.9787,15.7991,12.28568,10.9115,12.42714,10.33493,9.19093,12.63467,10.30198,8.64365,11.65363,8.03103,13.24448,9.82847,8.40339,10.18071,9.03441,9.12686,9.1301,13.98171,9.96259,9.85646,6.27347,8.382,9.80286,12.81544,11.48949,12.17006,9.5112,10.73507,12.67413,12.28167,8.88943,11.38727,10.38553,9.13045,8.95187,7.01254,11.97246,13.34174,10.27592,10.28899,9.25238,12.6807
mol111_neg,11.30646,9.90079,11.64001,14.08697,12.85995,12.80967,14.64844,16.34598,14.71009,15.19367,12.19523,11.42597,12.83482,0.0,14.17319,8.76346,14.25499,9.82917,11.6069,11.1204,12.37311,9.22879,10.13539,10.10678,13.91919,12.76231,14.46359,15.84921,16.33447,13.44532,13.16705,10.49893,13.15355,13.93992,14.0072,11.8861,11.97558,11.87826,11.69421,14.51048,9.67631,11.35813,14.6948,8.51627,9.89016,9.94401,14.04286,10.11036,14.5031,17.57561,10.49281,9.86771,7.82509,13.5494,15.5293,12.09492,10.48717,11.99023,9.36093,10.16084,13.17365,10.11604,15.09883,10.82293,9.97029,15.92192,16.17829,10.87066,10.69186,14.20403,15.93728,13.49968,11.05378,10.55574,11.22734,18.18846,15.33664,12.26416,13.36566,9.32679,16.23075,15.75301,11.79017,12.19423,10.25372,11.86464,10.91264,7.2869,10.735,14.68318,12.68345,9.51103,13.76557,9.95017,13.47118,12.15738,15.57266,12.06824,12.40987,10.06192,11.84434,9.87842,14.72454,11.16814,15.74937,14.54689,10.42049,13.00516,12.24671,11.6099,8.23659,10.12064,9.95586,11.86678,13.21182,11.56012,15.97078,15.85642,10.70719,14.5011,12.14942,10.68232,12.57236,12.54467,11.86746,9.81083,11.06045,13.0014,12.97467,12.89467,10.68009,10.84811,11.20305,12.46874,12.80491,11.78887,8.67226,17.33408,9.38928,9.87074,11.55503,9.22755,10.06928,10.67222,13.43388,13.83108,10.68636,9.47685,12.41522,9.93854,13.18402,10.13415,10.32127,11.67888,14.26831,12.75495,12.657,11.36187,12.98603,12.53389,9.19437,11.67009,13.02604,12.73388,9.12755,13.73709,9.7934,11.92816,16.16194,11.99781,9.37194,10.035,10.4806
mol112_neg,13.66015,11.40748,13.14351,13.45637,13.3324,17.83244,17.57988,11.99644,11.8802,12.22665,12.65019,15.29074,10.28164,14.17319,0.0,11.30981,11.96039,11.39508,13.77016,14.7239,14.21744,18.25989,11.82491,13.60401,14.29136,17.79281,15.41521,12.46486,13.24223,13.65508,16.51969,12.44371,10.96472,14.74029,13.00186,13.15667,11.38628,12.98943,12.49726,14.04588,14.75026,11.86888,9.87394,12.00527,12.3008,14.65994,10.32121,14.19695,12.37611,13.54497,11.99345,11.60581,14.5208,11.83304,10.053,10.64088,11.38742,11.28771,11.90747,14.46656,10.48905,11.36344,12.56292,7.50172,12.47646,13.17317,12.58548,14.07864,14.99517,12.87744,12.52876,13.12637,11.21596,11.89083,13.56692,12.63612,11.87982,11.16153,12.84406,12.29299,13.64672,11.95995,10.41769,10.87144,12.27397,13.99238,9.57854,11.3145,12.9687,12.73293,13.33858,13.62988,10.20938,11.87408,12.80152,13.84057,11.92561,12.77033,11.15269,10.69919,15.51307,13.23274,13.64709,10.36369,12.30721,13.99132,8.65609,12.72817,11.08752,17.11259,11.36523,10.40073,10.40008,14.39734,11.05844,11.41903,12.13628,12.80699,14.25331,10.91609,11.59131,13.73617,12.92888,12.9109,13.44761,10.87951,11.05748,12.94114,11.41445,14.77525,17.40113,13.92982,10.30433,13.98995,13.90348,12.30921,14.00342,13.77379,12.61151,12.27662,12.07344,14.14725,13.87868,10.62039,11.22885,11.85675,12.04194,11.4899,14.52847,13.50061,11.5743,9.73239,13.19999,12.3575,14.37975,11.65388,12.5945,13.29385,14.16556,12.7887,10.80418,13.23209,14.91271,12.52318,11.73314,9.96363,12.80517,14.43814,13.80781,9.87839,12.52011,12.85138,13.54979
mol113_neg,12.12609,10.29222,9.86485,17.94596,12.29979,16.4582,15.73576,15.73262,15.38369,17.39088,11.34618,13.97545,11.96342,8.76346,11.30981,0.0,13.69144,8.37874,11.63983,11.69038,13.29935,12.57475,10.28156,10.22055,12.90231,14.43348,14.6791,19.71112,19.97856,12.48413,13.49525,10.26035,12.97407,13.03063,13.32105,10.9459,14.65012,11.93103,11.32846,13.91714,10.08314,12.31856,16.32438,9.07007,9.46254,9.6928,13.33169,11.78443,12.48139,19.6914,11.18432,9.52125,11.62964,12.95451,18.20223,9.45679,10.40101,11.39693,10.56576,11.56436,15.48254,9.07413,16.85348,10.66222,9.42432,18.22502,18.24139,12.29891,11.85543,13.55778,16.87614,13.24964,10.44648,12.05993,9.74973,22.2297,16.18659,12.27828,17.80238,9.27683,19.63627,14.79979,9.83602,11.86236,9.43256,10.06158,10.48833,7.97547,11.22181,14.32931,13.04183,10.98631,13.3676,8.53918,10.60945,14.3198,16.65333,11.28127,9.50254,9.50236,10.85951,10.41719,13.98964,9.77233,16.88132,17.48416,8.68166,16.28036,12.50829,12.575,7.98672,8.45445,8.57421,12.40517,14.35008,10.21539,17.04987,13.94065,10.0053,16.01287,11.36147,11.4718,10.44349,10.76635,10.30003,9.37743,9.68477,10.40827,11.25985,13.24369,12.19253,10.9441,11.33964,12.05231,12.37576,11.20308,9.00339,19.61245,10.92137,10.44823,11.19874,10.49748,10.49001,9.0861,14.28444,11.82351,11.08168,9.13763,13.08058,10.27599,11.44948,9.03881,10.23425,12.38721,13.33158,10.52281,12.75994,12.20556,12.30761,10.99902,9.17827,12.656,13.17251,9.50414,8.19538,15.27516,9.89625,12.44718,15.77725,10.78071,9.05653,9.84112,11.64565
mol114_neg,12.67949,7.83626,10.82394,11.98611,11.44389,13.19938,17.39889,11.43525,10.26041,8.06116,11.30322,13.20445,10.08215,14.25499,11.96039,13.69144,0.0,13.06253,12.09666,12.82264,12.36129,15.79302,12.35735,14.88833,11.3851,11.12933,13.66678,10.64314,11.69621,8.04367,15.25713,17.40202,13.3807,14.72821,10.77523,11.41629,10.46658,14.09074,14.04752,17.15632,11.85799,10.6495,11.08839,13.15539,15.29481,13.89145,13.168,12.71253,11.07738,12.71886,11.50308,11.12761,11.79278,8.30688,10.95829,13.00079,10.35471,11.31565,9.48603,12.45482,9.07643,13.45525,10.40761,13.50831,12.23416,11.7148,9.84501,11.48133,15.71387,11.50279,10.90126,12.18134,11.12208,13.46257,12.95563,12.28096,10.02147,12.31336,10.0787,14.64724,12.86069,11.23543,12.34347,10.3927,10.3561,11.85557,12.95162,11.51405,5.72072,13.19569,10.34024,12.36961,13.2957,9.39847,10.1689,11.92718,12.26276,10.73207,9.97091,13.45647,13.33418,13.9048,11.79725,13.62228,10.83076,11.84687,10.24746,11.14979,6.95276,14.61467,10.57982,12.08675,12.11194,11.02458,10.42526,7.21629,8.70904,11.5479,14.87533,10.18762,7.6883,10.95765,13.41341,8.15889,9.93995,10.42173,12.84792,12.74893,10.3406,12.29733,13.3265,11.06324,11.27277,12.48982,11.97971,10.59502,12.3541,11.74601,12.24128,14.76802,9.53532,13.43433,9.29021,10.2055,10.77979,9.36224,9.73852,9.27795,13.28022,9.18896,13.75927,8.8689,12.18711,7.83898,16.85828,13.22787,12.8622,9.04296,9.6921,15.46397,13.4355,7.09324,9.35402,14.77614,10.26884,8.8842,10.41248,11.96567,8.45709,11.91454,12.78517,8.29454,9.12901
mol115_neg,11.00247,10.20446,9.41053,11.2805,10.20944,15.24743,14.98152,11.9877,10.21343,8.21353,9.36033,12.37094,8.74079,9.82917,11.39508,8.37874,13.06253,0.0,11.4186,11.97587,12.93759,14.42176,10.21636,8.84891,11.63505,13.80981,13.65077,11.64863,11.7951,11.84829,14.3984,13.45621,8.6603,11.85309,12.9723,9.50039,12.73393,9.18581,10.33346,14.90361,9.7756,11.51416,11.89242,10.72868,10.66283,10.59706,12.88684,14.21527,11.50816,13.63949,11.21284,8.98439,12.24332,12.82541,12.7816,11.88406,10.07798,9.764,12.78223,13.47134,11.04199,9.34629,11.2043,9.05733,9.30742,11.64644,11.00094,13.88415,12.43903,11.45543,12.32261,12.87188,7.19051,9.98791,10.00427,13.67639,9.07144,10.06007,13.37933,7.3026,13.12923,12.08785,8.36726,6.47448,7.92254,9.33812,9.98064,8.92179,11.27219,9.77607,11.72319,11.97275,10.24724,7.90776,8.40703,9.70066,10.87871,10.17504,8.22507,8.71616,11.28597,9.1279,11.47091,11.38347,13.08698,14.0676,9.78683,16.83294,11.6649,14.40711,9.95827,10.9622,9.29726,13.28866,9.88647,8.56232,13.99805,13.87746,12.57824,12.18848,11.59901,11.4192,10.48694,11.28034,11.00312,7.3705,9.22041,11.45538,9.72983,11.96647,15.43155,11.63633,9.2605,10.6859,11.93006,9.93864,11.66358,14.11522,8.99361,9.91873,11.49505,11.14694,11.67962,9.84323,8.0935,10.82903,8.07686,9.38052,13.05423,9.28641,9.91144,6.85929,9.36508,11.10838,14.79131,9.71495,12.04075,10.95947,12.62207,10.10087,8.98869,11.27695,13.29146,10.40386,9.49005,10.36324,8.55139,12.93703,13.71849,10.75203,10.47334,8.69044,13.21133
mol117_neg,10.03389,9.61198,9.39229,10.37838,9.95597,9.8538,12.60954,12.49166,10.5067,10.10975,9.27311,13.50409,7.3904,11.6069,13.77016,11.63983,12.09666,11.4186,0.0,9.61739,13.50574,12.33723,9.0645,9.37556,8.7751,14.45487,12.01974,11.29102,10.22993,9.55433,11.63258,13.1935,12.58523,12.05845,11.41565,8.45297,13.2145,11.86495,6.50462,14.97287,10.07592,11.15051,12.18832,12.39472,11.24142,9.65202,12.52253,9.49972,11.11781,11.98479,10.90651,10.18445,9.94903,12.98179,12.52115,12.99101,10.15223,9.68986,14.62707,11.20944,11.33394,12.39689,10.46232,11.71032,8.93394,10.209,11.20779,13.3917,13.4199,7.32394,10.42241,9.65188,10.27933,11.21095,10.67872,12.90341,12.01754,11.8614,12.33599,11.63375,10.58176,12.58405,7.74764,11.73814,9.29245,8.56781,11.86577,9.63161,9.71775,10.56402,10.7353,9.03287,11.97446,6.20529,10.04031,8.80942,10.8212,10.15458,11.29322,10.58169,11.64029,12.94423,9.42231,11.30085,14.41281,9.57495,12.62788,14.90025,11.66492,11.39438,7.31007,10.37867,9.52624,10.29326,10.00832,11.36704,12.33615,13.38454,12.18532,11.34667,8.33107,6.93812,8.64792,9.41489,8.99506,9.54034,9.00307,9.79206,8.61201,10.2168,14.21385,11.5755,10.96778,11.37842,9.86373,9.57628,12.22892,9.75971,10.99636,10.23668,10.67132,11.64485,12.28568,10.33478,8.98426,9.1027,10.87533,10.18891,11.88857,9.60164,9.83645,8.45576,9.29312,8.55983,13.546,11.14755,12.09019,9.88292,10.3659,13.05067,10.90218,9.40505,14.15858,11.27719,9.6488,11.27387,5.57484,9.87853,12.35764,9.54878,10.97823,9.23359,13.14913
mol118_neg,11.55615,10.07515,9.35336,12.57668,12.57036,11.22752,12.93628,15.8315,12.991,13.1602,11.12534,11.86613,11.62028,11.1204,14.7239,11.69038,12.82264,11.97587,9.61739,0.0,12.18873,11.22185,9.30117,9.40273,12.87031,12.81305,13.43523,11.56464,13.43778,12.1389,10.33767,12.95662,13.2321,12.30107,13.70126,9.99455,13.62506,10.81887,9.98332,13.52951,10.61821,13.77252,14.63891,10.77765,8.44728,10.59416,14.0479,10.06013,13.56251,13.26619,11.15909,10.68145,8.7361,12.22329,16.18371,13.22477,11.5261,10.24326,11.46559,13.00973,14.20146,13.50515,12.87156,9.80272,8.09993,13.5573,12.70896,12.38534,14.29682,9.15805,14.5865,15.00013,11.68778,11.42694,11.0445,12.62989,13.18283,13.66126,15.41021,11.78448,15.59183,14.00064,9.44859,12.76701,11.15327,11.16922,11.18568,9.62046,10.19605,12.91642,8.90973,11.75399,11.70069,9.55143,10.70831,10.33917,13.65739,9.36391,12.25483,9.72726,10.26711,13.61039,13.96674,10.76543,15.90688,13.83215,13.80663,14.21527,12.37867,12.51831,8.21888,8.92494,9.36316,11.8351,13.84152,12.98575,14.66236,15.86152,11.28016,13.07984,11.86867,8.49131,10.67313,10.80588,11.45653,11.39213,10.05568,12.98134,8.92366,11.03151,8.97961,12.5661,11.40373,10.9366,12.77217,11.53635,9.84792,13.0364,11.37405,10.46727,12.68538,9.93075,11.55419,11.3425,10.15328,11.54219,9.88092,7.10514,12.28305,10.71026,11.95352,8.86872,10.37775,10.37035,16.33982,13.37663,13.05455,8.87026,11.70562,14.18701,8.93743,8.86163,13.58541,13.53113,7.78249,13.13084,8.86703,12.8954,12.86996,10.00558,10.52372,7.37166,10.02327
mol119_neg,13.02416,10.50976,13.66011,13.07481,14.05984,14.28382,19.30397,14.30743,12.70645,14.53336,12.67998,13.4291,13.32667,12.37311,14.21744,13.29935,12.36129,12.93759,13.50574,12.18873,0.0,14.28524,12.29925,14.58471,13.40565,11.58312,14.36511,12.45392,15.59716,13.16474,13.03354,16.64238,14.59727,14.0904,12.69718,13.04637,15.58524,11.36853,13.64274,14.65132,13.07001,12.27048,14.71278,15.22681,15.91253,15.11624,14.72086,13.48458,14.65486,12.92069,12.4099,11.11634,11.86026,12.00757,15.47492,15.4705,11.89373,11.90831,12.24301,14.97709,14.05001,12.47226,12.27794,14.05165,13.52538,12.10345,13.70132,11.40524,15.64259,12.52806,14.79716,15.10786,12.79763,14.58821,12.93865,15.47705,14.83059,13.02363,14.29464,13.5338,16.57317,15.0631,14.47753,12.5717,10.20448,11.66251,15.82833,10.59479,10.7529,12.00341,12.51481,12.68825,15.5384,14.79727,14.54569,13.24305,13.68858,10.18079,12.4555,14.98857,10.6646,10.775,15.64079,16.37191,15.16888,15.58894,13.2542,15.20279,13.42133,15.89734,13.3074,13.67178,12.26861,11.49545,13.7318,13.18765,16.1781,16.28982,15.04977,15.68892,13.45933,11.83849,14.33814,12.34885,12.80039,8.88849,15.48836,13.10633,13.71332,13.73889,13.70191,12.50913,11.09978,11.5286,12.68855,13.14497,12.17913,15.43705,13.12871,14.91307,13.92119,12.45388,13.12428,12.62061,13.82519,12.95863,11.8194,12.40792,15.26905,12.51736,14.73864,10.49131,12.41307,10.69697,15.83471,14.55666,12.6729,9.98081,11.48655,14.50105,13.4495,9.99147,11.66288,12.53007,8.64049,16.51464,12.28639,15.63929,12.23785,13.25947,11.86544,11.17933,11.87346
mol11_neg,10.59542,9.77826,15.16278,15.3751,15.77247,12.34408,13.26676,18.05971,16.07014,15.14133,15.63973,14.9446,16.23748,9.22879,18.25989,12.57475,15.79302,14.42176,12.33723,11.22185,14.28524,0.0,10.84179,11.45231,14.37405,11.24383,11.98697,18.28445,18.97629,12.85328,11.80424,13.13889,15.81383,14.63989,15.88238,15.19341,13.23736,15.70533,14.73221,16.73766,10.4634,12.93693,18.60575,9.43355,11.59314,9.69365,16.17757,10.62058,15.33669,19.56462,8.58332,8.35678,6.86918,14.0753,17.40512,14.82215,12.24651,13.34178,10.11431,9.91984,15.02131,14.57009,18.14714,14.74027,11.49176,17.65252,17.12606,12.85364,13.08736,15.76829,19.24366,14.41937,15.31051,14.02057,12.92475,19.63924,16.32472,14.27563,15.51971,11.9467,18.17909,17.65124,14.62243,16.52233,11.21201,13.39821,13.26021,8.5486,11.49653,17.78758,12.25767,10.59061,16.98015,11.62666,18.182,13.0388,17.91999,10.5664,15.56036,12.42369,12.354,11.65272,15.79947,10.06078,19.37013,16.54314,14.12421,14.14212,13.62892,7.7533,10.35993,9.17465,9.13059,12.1331,18.27454,12.50016,18.10553,15.24728,9.86014,15.09185,11.95414,9.31889,15.66462,16.16136,10.0214,12.33137,12.21345,15.43328,13.46177,10.91078,8.18912,15.60378,15.70643,15.99985,11.68311,14.34285,8.30921,18.47492,9.64803,13.17231,12.90421,11.19826,12.6916,11.21839,15.04338,13.80747,12.8283,11.10738,13.92052,14.06527,15.20886,11.12563,10.56125,10.04179,18.13869,16.15696,10.75213,8.66809,13.14828,16.80851,9.88379,12.88263,13.62954,16.07129,8.35474,16.69306,9.93811,13.71864,16.96895,12.76304,9.88793,13.16438,8.50377
mol120_neg,12.03152,12.12475,10.60294,9.63549,9.78255,9.58621,12.2041,12.42543,11.03472,10.85068,8.91845,13.80294,10.67227,10.13539,11.82491,10.28156,12.35735,10.21636,9.0645,9.30117,12.29925,10.84179,0.0,9.54677,11.6649,13.68732,10.9962,11.29933,11.91841,11.64852,9.74008,11.6488,10.70087,9.80405,10.29206,7.40355,12.86166,10.01379,9.21135,13.14609,9.31402,12.81017,10.5578,10.3887,8.39184,8.38303,14.0209,10.1486,12.31122,11.87822,8.83836,8.88361,10.99369,12.52608,14.45541,11.04627,11.52549,11.75918,12.71102,11.69151,12.3011,10.60016,10.75627,8.97182,9.42704,11.12163,11.28545,12.82709,12.11742,11.19548,9.61298,12.81331,9.95665,10.12843,9.86679,13.28964,11.05686,13.2916,14.8734,10.79192,11.55701,9.93345,8.35645,10.99843,9.052,9.51869,9.94687,8.74905,11.98072,10.92289,11.43996,11.63828,10.64484,9.7829,10.65101,10.83161,11.39552,8.27,10.30491,9.8835,11.17794,11.11699,11.81601,10.75866,14.56959,10.91345,11.82449,14.5705,11.49173,10.71199,10.3564,10.378,10.99781,13.47687,10.28278,14.09768,13.56738,13.61291,11.11901,11.99361,10.85353,9.10626,9.18106,11.03726,10.05593,9.27137,9.87757,11.46879,10.59698,10.2081,11.91413,12.92892,11.33631,12.73796,10.02654,10.2261,11.00879,12.25975,12.59549,10.31874,14.0644,10.02884,12.72375,11.97856,9.75947,11.15982,12.95537,11.51749,11.29072,9.50865,9.06188,9.45998,10.07533,11.84491,11.81643,10.17387,10.7796,10.86981,11.03419,11.13005,10.68747,11.23099,15.1448,9.74682,11.16122,13.1739,7.10269,11.55604,13.35469,11.71604,9.72546,10.30075,14.0678
mol121_neg,11.44126,11.55868,11.52084,15.42653,11.40065,13.59201,10.52482,17.97452,14.29917,16.06749,12.93713,13.07747,14.31865,10.10678,13.60401,10.22055,14.88833,8.84891,9.37556,9.40273,14.58471,11.45231,9.54677,0.0,11.85859,12.71338,11.45898,17.30878,17.42469,12.38848,11.19395,11.64005,10.21648,10.9532,14.33987,10.16059,12.90575,12.60929,9.7582,16.33291,8.40164,15.81999,17.59385,11.02604,7.18709,9.3253,13.63079,12.00082,13.93565,17.90394,10.73095,7.87396,10.66168,14.44938,19.22691,12.85491,11.86317,11.51868,12.79956,12.61083,16.20253,12.9774,16.89838,10.87822,8.87965,16.04578,16.07364,13.3196,12.67234,11.73159,18.1117,14.63683,11.64167,11.97269,9.3031,18.42033,16.2869,12.39801,16.98305,9.73291,18.29016,18.29948,10.8381,11.54802,7.8467,10.16865,11.44518,8.8202,11.96824,12.9287,10.71217,11.07377,13.4092,8.50202,11.95874,13.4854,16.9963,10.93609,12.7451,9.19524,11.72661,9.81612,13.53598,9.79039,17.83647,16.0582,11.71929,16.04917,15.17358,11.82095,9.39671,8.77045,9.02572,13.64463,16.00965,12.71352,18.56392,15.88629,10.94421,17.05908,10.31161,8.67173,11.2822,12.3023,9.34011,11.70434,10.99718,12.55409,9.38707,11.1814,12.90417,13.42531,13.70963,11.91033,10.17058,12.43349,10.76267,19.09712,10.06843,9.12963,13.10745,11.96758,12.72748,10.73086,14.30646,14.12635,9.20084,9.40526,12.54054,13.47241,10.94858,10.51408,8.9244,11.68507,14.52023,9.99948,12.08851,11.05266,12.50604,12.54979,6.83224,11.62221,15.00701,11.52362,10.39219,16.41477,8.98699,12.75772,17.75288,9.9101,9.15837,10.57333,12.23439
mol122_neg,11.22146,12.05862,10.18819,9.36096,9.32979,13.30338,15.36304,10.16938,10.58811,9.7916,10.18954,11.47859,10.43421,13.91919,14.29136,12.90231,11.3851,11.63505,8.7751,12.87031,13.40565,14.37405,11.6649,11.85859,0.0,12.43712,10.61334,9.65152,10.14231,10.18603,11.35796,14.86833,11.25598,9.10177,7.82248,9.78133,11.65116,10.06923,9.71964,13.65968,11.4831,12.17672,11.44962,13.47772,13.99405,12.49459,12.64703,9.93831,11.96457,10.68075,12.07961,10.5196,13.22557,12.40859,13.48326,12.31211,12.38111,12.69683,14.25605,10.92453,10.66425,13.2665,9.61369,12.11475,11.19457,9.1052,10.57013,12.78584,15.4557,8.87405,9.0206,10.6274,10.1279,11.49981,10.04,10.85011,10.98982,13.89586,12.53894,12.01438,11.48494,10.63088,9.73699,11.24252,9.08579,9.07657,12.9117,10.70775,11.67657,10.45858,9.85435,11.79689,11.69407,11.18664,10.08153,11.2114,10.56366,11.66543,10.40761,11.13496,11.2054,10.76909,9.68603,14.0975,13.36079,9.31832,12.4727,13.80059,10.69676,12.80582,11.28927,13.56443,13.32149,12.02037,9.85795,12.40449,11.6306,11.52711,16.52833,11.00263,8.53491,9.33213,10.43872,7.78596,8.07464,10.61922,9.18175,11.36705,11.01174,9.75207,14.66197,10.69581,9.93867,10.43666,9.00844,11.20795,15.05327,11.47851,12.4054,12.53305,14.42677,9.94683,12.9595,11.80084,10.02022,10.22982,9.42188,10.86363,10.27099,9.58984,11.06191,9.98296,9.272,10.61789,12.307,12.12263,10.821,11.83257,9.86724,12.41067,14.51195,11.04343,13.30297,11.60798,10.26753,10.93393,10.08173,12.4697,11.72058,11.09514,13.31775,10.43421,15.57224
mol123_neg,12.46028,11.22779,13.12714,14.66764,15.41514,14.24999,15.75621,15.1896,12.56721,13.22438,13.98957,11.25777,14.15905,12.76231,17.79281,14.43348,11.12933,13.80981,14.45487,12.81305,11.58312,11.24383,13.68732,12.71338,12.43712,0.0,15.01364,14.99885,15.35662,13.26972,14.9886,15.39128,16.15307,16.41132,13.54452,14.7674,12.09379,15.43413,13.07754,15.0733,12.96748,12.02838,14.85364,14.18827,15.21349,13.43089,14.79972,11.76828,14.10649,16.518,11.66751,10.15607,11.05339,11.33166,15.26363,17.37301,10.89785,14.15706,11.12786,13.09243,12.80938,14.23567,12.15639,13.53472,13.80618,13.48864,14.55462,11.08422,13.39423,14.04946,15.75161,14.8422,14.21882,15.17465,13.55832,15.33412,15.21524,14.35563,12.49327,12.68058,14.88869,15.7495,14.79617,15.1306,12.20274,13.02612,14.88494,10.27884,10.60343,15.5466,11.39191,13.06483,16.22699,14.51791,15.94018,12.87634,15.79077,12.65074,14.97903,15.01996,10.0832,12.87895,13.73552,15.79405,16.91122,13.44164,14.64996,12.15244,10.53915,12.67092,11.95333,14.41815,13.11147,10.29282,14.32127,11.18531,13.81487,13.29467,14.10976,12.79405,11.24646,10.68382,15.70811,12.16181,11.38676,12.44414,13.27717,15.21829,14.51946,11.38239,10.98014,12.54691,12.0617,12.37581,12.92289,12.87786,12.0047,13.93207,11.61765,13.25786,10.21374,12.50055,11.83957,13.20995,13.49801,11.67614,10.90424,12.54424,14.3161,12.17969,16.31939,12.06364,11.50936,11.0993,18.32783,16.65151,13.47547,9.72659,13.11565,18.36034,11.22334,11.24091,11.10595,15.8194,10.29712,14.82778,13.26377,13.35978,14.44971,12.16992,10.21806,13.11738,10.59026
mol124_neg,9.60201,13.77941,11.55075,13.50462,12.99122,13.82823,12.38461,13.42365,12.74517,11.66587,14.81,15.66776,12.75177,14.46359,15.41521,14.6791,13.66678,13.65077,12.01974,13.43523,14.36511,11.98697,10.9962,11.45898,10.61334,15.01364,0.0,12.27325,12.91958,12.0153,10.22039,16.23941,14.61841,12.64063,12.68788,11.16781,12.24608,10.28829,10.65265,17.27189,12.23261,13.71847,14.85983,15.7948,14.67981,12.59226,13.93058,10.94355,13.71482,15.06234,8.10112,9.21392,13.09593,15.11588,14.62257,14.91787,13.76118,15.17931,16.20479,13.42834,13.37178,14.47376,12.86584,15.15716,13.72707,13.39977,14.75117,14.62932,15.15452,12.41592,11.88781,13.93908,13.23313,14.7416,11.20483,11.59245,11.88178,15.27904,14.29177,14.09134,13.39977,15.07632,12.63,13.64029,10.55139,11.89299,14.87902,12.01553,13.7266,13.95502,10.58013,11.85611,15.81279,11.62952,12.44368,12.40458,12.81519,9.57479,11.9966,14.64398,13.10527,13.42433,11.7348,14.96384,13.30025,13.91762,15.2621,17.68651,13.52726,11.0297,13.73338,13.35178,12.67679,13.78717,13.60343,14.941,13.06987,13.02862,14.46519,13.6435,9.39988,9.02235,14.43085,11.71141,7.58307,12.32329,13.65375,13.48008,12.76311,8.95482,14.87942,12.13182,12.30387,13.84846,9.58234,12.57443,15.57381,14.00701,11.95385,13.25946,15.75175,14.96886,15.60378,12.86827,13.43227,13.1336,12.99789,15.29129,11.87042,14.22121,14.30285,11.18739,10.90433,9.69643,15.75947,14.38909,9.91669,11.80007,13.16098,15.10459,12.94012,13.2453,15.83892,15.17803,11.42622,14.08097,10.87992,13.44567,13.55171,13.47586,11.60615,14.00858,15.25632
mol125_neg,12.41605,9.73373,11.59427,13.66817,10.56664,14.91609,17.49698,17.86824,15.74814,13.20595,19.06783,14.83713,12.33031,15.84921,12.46486,19.71112,10.64314,11.64863,11.29102,11.56464,12.45392,18.28445,11.29933,17.30878,9.65152,14.99885,12.27325,0.0,14.21534,9.81865,15.53385,16.53021,18.91778,11.21252,11.96834,12.5862,20.67809,13.64284,12.61283,14.71822,17.02562,19.1163,18.27384,13.09265,14.62418,17.59803,14.81539,14.65673,10.54636,15.26884,11.16002,11.06406,13.22176,10.80084,20.19178,14.69681,10.91665,9.3806,14.25737,15.44603,18.57976,19.33795,14.11237,12.90218,11.91618,14.06021,9.97619,16.25551,27.7016,11.03737,15.44889,13.69784,18.26094,20.12589,13.03955,16.35396,13.32957,11.8782,20.76029,13.45931,19.13617,15.73607,12.37141,19.85391,9.27275,12.47877,13.22709,11.82003,10.70263,16.19422,11.08014,13.23632,16.8305,9.94864,10.56827,16.98869,17.64958,10.76328,18.87619,18.24637,16.20632,13.16937,11.35877,12.92664,15.34091,16.39512,12.62062,17.1685,12.58024,14.4675,10.18846,11.35626,10.58001,12.28225,12.66748,10.15246,12.12856,11.68359,14.43565,18.92081,8.66975,12.07635,13.53009,11.66341,10.08719,8.53624,12.50662,9.83336,10.43838,11.39889,16.62132,13.91106,12.54266,11.63429,11.20951,8.56622,14.04715,14.63229,11.37281,13.58272,10.89227,14.28956,10.34608,10.71842,14.47575,10.23354,9.40379,8.79823,11.47493,12.3761,10.55969,9.8993,12.47357,10.12168,16.31955,13.23926,11.73838,9.26963,12.67433,13.71099,12.82872,12.0437,13.14952,13.44919,8.91239,16.9742,9.95181,12.1699,16.5346,9.86956,12.15215,9.04026,13.58011
mol126_neg,11.7723,9.84265,13.85653,17.71963,9.82629,17.28416,16.86295,15.45141,17.34663,15.34723,19.57298,14.79001,11.4768,16.33447,13.24223,19.97856,11.69621,11.7951,10.22993,13.43778,15.59716,18.97629,11.91841,17.42469,10.14231,15.35662,12.91958,14.21534,0.0,9.33859,13.32051,16.46522,18.31614,11.65847,11.66268,12.10099,20.33948,11.98221,12.69603,16.3511,18.12566,15.76423,17.1162,13.20015,15.43468,18.1992,13.33668,15.21241,9.55263,17.37216,10.26945,10.88548,13.58071,11.67914,16.95577,14.65546,10.13649,11.61094,12.26734,17.55337,16.95775,18.57176,14.15705,14.13883,13.22014,13.31379,11.92438,14.50974,23.5767,10.92294,13.79262,11.93807,14.23192,19.47825,13.13903,15.83998,14.59857,11.85629,15.36719,12.78587,15.81901,14.95214,11.65235,17.59401,10.19254,10.55543,15.06031,12.47911,10.89089,15.16105,11.73149,12.90115,14.34655,9.60793,9.3377,20.21483,18.86221,11.12468,18.03374,18.25417,17.36071,14.1796,11.65781,14.01676,15.23137,17.35065,11.011,15.02242,13.96427,14.70492,10.85755,11.93023,12.58951,12.62523,13.69719,8.48749,12.78874,13.21453,14.00002,15.88202,8.78751,10.9674,13.06129,10.24913,8.94542,11.45937,13.21393,11.5447,8.18803,12.11114,18.23495,12.95708,15.58324,12.48312,12.56643,11.279,13.2053,14.20655,12.55464,13.07168,9.8765,15.47552,9.39978,10.29571,15.14556,10.70807,10.93494,9.4219,13.06359,13.22816,10.21942,9.08353,12.05334,9.19095,14.52535,13.02851,13.69213,12.24523,14.15605,12.42032,10.86866,11.99178,12.75762,12.34174,10.95753,13.32714,8.91665,11.12537,16.05977,10.51208,12.64146,10.87992,12.4183
mol127_neg,12.08604,7.70639,10.36784,9.67238,11.38411,10.13377,15.98762,11.22253,9.59195,7.09371,10.87643,14.01803,10.33018,13.44532,13.65508,12.48413,8.04367,11.84829,9.55433,12.1389,13.16474,12.85328,11.64852,12.38848,10.18603,13.26972,12.0153,9.81865,9.33859,0.0,15.53508,15.22556,12.60728,13.25328,10.0999,9.49135,10.36292,12.17414,10.70836,14.70607,11.15914,11.24471,11.70555,12.74377,13.16728,11.69996,13.92216,10.82427,11.59024,12.17427,11.38747,10.80217,11.034,10.37444,12.54201,13.02165,10.9173,11.44572,11.14684,10.41529,9.71461,13.58032,9.9489,12.54368,10.82252,10.38097,10.2793,11.08468,14.85205,10.13188,10.10599,12.0445,9.96838,12.72812,9.97166,11.64808,8.74655,12.22774,12.3238,12.82026,12.37369,10.70149,10.21388,10.53267,9.29774,8.22262,12.85508,10.49722,6.50234,10.69821,10.18659,11.45566,12.8388,8.63076,10.76217,9.21463,10.48734,11.00411,10.5678,12.24831,10.49231,12.80227,9.98732,14.20645,12.91982,9.80812,13.15093,14.48198,8.19178,12.14643,8.49579,12.24879,11.92491,10.59276,9.48647,10.42643,10.50994,10.90058,14.85134,10.78238,8.63897,9.17786,11.49711,8.94393,8.14773,9.52068,10.36631,11.74397,9.7767,9.80103,12.55741,11.27882,10.24568,11.57872,9.99618,10.6288,11.52773,11.30075,11.06994,12.46295,11.23688,11.63908,10.03887,11.65379,8.90909,7.20763,9.45425,8.40123,12.15623,8.91873,11.71197,8.6969,9.1706,6.05873,14.19437,11.59761,11.98256,8.87246,10.32175,13.19643,13.00461,7.24859,11.09875,13.35173,8.55237,11.71247,8.28124,12.47805,10.31365,10.98086,12.18065,8.03506,10.42914
mol128_neg,11.97853,12.76944,15.532,15.64795,12.86358,12.5742,14.00828,14.97343,14.76764,14.69104,14.44883,18.62323,12.45803,13.16705,16.51969,13.49525,15.25713,14.3984,11.63258,10.33767,13.03354,11.80424,9.74008,11.19395,11.35796,14.9886,10.22039,15.53385,13.32051,15.53508,0.0,16.32162,13.55689,13.31585,12.70567,11.76307,15.01162,10.71545,12.34343,18.36403,10.28999,14.76773,14.81466,12.45785,12.67905,13.74462,16.65391,9.27111,15.97883,16.88584,8.90052,8.35792,9.95696,13.92723,17.2795,14.35316,12.16207,14.24639,13.73107,13.77468,14.56608,15.00828,15.09306,14.14267,13.20504,12.95277,15.68703,15.87166,14.71329,14.81685,14.07565,14.24671,11.27876,13.10745,12.57077,16.54877,14.37023,15.47574,16.19821,15.00058,15.43982,14.08604,12.69572,13.4476,10.48948,11.13943,15.09697,10.24871,12.64203,14.40178,11.91725,10.25664,15.26498,12.8343,12.66113,12.83921,14.16985,8.32867,12.12862,13.64034,14.62172,14.44572,14.22598,14.28591,17.90514,16.40448,13.80148,16.99572,15.41069,12.41551,13.76579,10.21116,12.08059,12.74083,13.35224,15.60109,15.84747,16.96224,11.21604,15.35319,10.55409,7.69303,13.39809,15.27422,10.97092,12.46212,15.65509,14.06305,11.04529,11.11508,11.56307,16.47446,14.01847,17.49227,10.43846,13.8875,12.58731,16.27098,13.10505,13.51135,13.81882,14.42681,16.24316,11.1242,14.07553,14.18833,16.28713,13.10655,14.93213,13.70788,13.55987,9.39498,11.06245,11.67761,16.57369,14.56647,10.52485,10.77141,11.42101,15.29613,10.88856,10.75099,15.91571,13.38653,10.15756,13.68889,11.66229,13.21003,15.31665,12.62465,10.81633,13.33928,11.99682
mol129_neg,12.11085,13.02204,11.35242,16.22893,16.19738,18.2754,12.4144,15.32923,14.75941,15.88197,14.8249,13.20709,13.10133,10.49893,12.44371,10.26035,17.40202,13.45621,13.1935,12.95662,16.64238,13.13889,11.6488,11.64005,14.86833,15.39128,16.23941,16.53021,16.46522,15.22556,16.32162,0.0,13.74506,15.72861,17.31767,16.05762,16.45089,17.09667,12.49563,14.89225,11.75238,14.46619,15.84397,10.63571,9.70312,12.30634,10.38771,14.23432,15.39903,17.26537,12.28879,10.90988,11.8084,15.90318,12.89526,8.77611,9.75171,12.67277,11.53466,11.90095,14.07165,9.22043,17.7857,10.99019,11.38947,16.71976,15.44652,13.00405,7.91546,12.72627,16.43225,13.18996,12.21266,9.95597,13.1481,18.60228,14.58568,13.06447,13.09944,11.77801,16.15127,17.56222,12.58614,13.81853,12.49764,13.93142,8.34288,8.88813,14.20412,15.89363,14.90867,9.84402,14.59797,9.79129,13.50745,15.92374,15.96323,13.35583,11.15893,9.08096,15.681,11.13557,15.34262,8.6208,14.8867,18.02029,12.75913,15.98445,17.04981,13.59321,10.97198,8.49031,9.09206,14.85736,14.14107,13.34249,18.55324,16.78877,9.50623,16.42643,13.25996,13.05732,13.52684,12.3517,11.1654,12.20764,11.72644,11.73405,11.67642,14.36081,14.24974,10.08391,11.9666,13.60774,13.90384,13.84336,8.84901,17.01093,10.08163,9.55894,10.13792,12.70401,9.00661,9.29728,14.27746,16.28092,11.74518,10.87154,14.41363,14.94412,13.33658,11.59402,12.43561,14.74021,8.3341,10.87124,13.63329,14.11602,15.72271,12.90217,9.94087,14.76455,11.68134,10.25011,11.09498,13.65233,12.67504,12.99311,17.98657,11.55754,7.36545,11.74703,13.33919
mol12_neg,13.59095,10.57555,12.69204,16.53856,11.41142,17.12109,14.80254,15.23329,15.43517,15.94103,13.45227,15.47804,11.66212,13.15355,10.96472,12.97407,13.3807,8.6603,12.58523,13.2321,14.59727,15.81383,10.70087,10.21648,11.25598,16.15307,14.61841,18.91778,18.31614,12.60728,13.55689,13.74506,0.0,13.07524,13.05761,12.82602,17.01514,11.87801,12.28134,17.36624,12.25686,17.03395,15.23485,11.48916,11.96583,11.57963,14.16182,13.74741,13.23032,18.77247,11.75484,9.69849,13.10203,12.65459,19.47188,10.66083,10.73152,9.53764,13.01992,14.88712,14.43125,11.33665,17.17247,11.03128,11.90236,16.46553,15.63438,13.47656,15.05326,12.75837,17.46347,13.14175,12.0196,10.29072,10.77239,20.32095,14.96415,10.87495,19.20533,9.16166,19.13099,13.71821,8.67524,10.77467,9.66423,10.94906,10.37943,9.76942,13.07082,14.46479,12.75467,12.58536,10.40309,11.19143,12.4121,15.99166,12.35698,10.90505,11.21273,12.45404,16.03131,10.42321,13.58562,11.64454,16.78133,18.77202,10.11193,16.20542,14.94185,15.68803,11.96455,9.96728,10.3477,12.80463,12.97969,11.4605,18.73347,14.24797,14.01009,18.47709,9.79833,11.81027,9.01653,11.14711,12.72795,9.948,10.57806,11.62055,9.73994,14.41407,17.24667,14.00253,15.47603,12.00262,11.55516,10.33075,14.49824,20.29988,10.24214,10.83404,12.53285,13.08491,12.95159,9.85945,12.43358,11.43995,9.03631,11.18303,12.43836,11.74988,10.01867,9.51854,9.58002,11.87943,12.99312,7.79095,12.95162,12.60887,12.60124,11.07664,8.7727,12.26261,14.02062,9.34496,10.15209,13.44006,11.03437,14.55874,16.29874,11.75695,11.24796,10.21696,14.38824
mol130_neg,12.29634,13.02528,12.78663,11.05964,9.75973,13.58326,17.93997,13.34436,12.31008,13.15144,12.05775,15.61409,11.79649,13.93992,14.74029,13.03063,14.72821,11.85309,12.05845,12.30107,14.0904,14.63989,9.80405,10.9532,9.10177,16.41132,12.64063,11.21252,11.65847,13.25328,13.31585,15.72861,13.07524,0.0,10.08264,8.84735,14.51084,9.61246,12.13652,14.86254,11.36854,15.01702,13.1306,13.98314,12.70437,12.36488,13.3707,11.80939,11.72534,12.01306,11.23017,9.1478,14.19951,16.16377,15.41188,13.96162,12.16625,13.1945,16.92175,12.12087,14.23062,14.42979,12.26459,13.27664,13.18303,12.77226,10.95684,16.50163,17.03527,12.61563,10.28824,13.21367,10.45231,12.91616,9.29083,12.50987,11.43886,11.75654,15.35522,9.75309,14.79221,12.4306,8.77665,12.23862,7.63056,9.4048,12.88168,9.93434,14.0111,11.27844,11.40281,13.51352,11.66168,12.96177,11.38756,11.13942,12.82095,9.72209,12.44383,11.15271,11.87882,12.06066,9.40267,14.03435,14.54913,13.3312,11.45504,17.16556,12.67934,12.28422,13.38223,12.56389,12.38951,13.79552,13.37718,13.82783,14.10809,15.97763,15.43378,13.60417,10.88089,11.15945,10.92287,12.47827,10.17276,10.79833,12.99543,13.75873,11.43179,10.98929,15.80339,14.58591,11.98563,13.33813,11.05125,11.74369,16.73919,13.63427,13.08506,13.71239,14.99555,13.4194,15.32012,11.73333,9.67732,12.25807,13.56781,11.93306,11.8801,11.75758,11.83192,9.46071,10.35279,11.84038,16.52485,12.76281,11.94745,12.18891,10.873,13.33821,13.09126,13.30813,17.86597,14.04579,10.28221,12.80416,10.44209,11.50885,15.63098,10.66461,12.7089,12.71458,16.13928
mol131_neg,11.80692,11.39189,13.33011,11.61551,9.8564,13.85486,18.77721,12.85983,12.38881,10.16837,12.04242,14.11914,11.64448,14.0072,13.00186,13.32105,10.77523,12.9723,11.41565,13.70126,12.69718,15.88238,10.29206,14.33987,7.82248,13.54452,12.68788,11.96834,11.66268,10.0999,12.70567,17.31767,13.05761,10.08264,0.0,9.01374,14.43107,10.32341,11.8569,16.01658,12.91096,13.39017,11.24078,13.45234,15.0022,13.35248,15.60582,9.62356,12.19356,13.27822,10.6922,9.22182,13.07796,10.0928,14.35367,13.07981,11.07669,11.06147,12.76338,12.25211,10.63153,13.58231,10.51703,13.89958,13.20067,12.1821,11.75995,15.46915,17.50963,13.14951,11.32543,11.48859,10.84808,12.56956,10.9579,14.67209,11.16385,11.91207,13.56421,13.08873,14.24509,11.03226,12.63161,11.51855,8.57088,10.58407,13.54554,10.48398,12.23171,12.5663,11.21191,11.46514,12.6727,11.666,9.74374,11.10364,12.73915,9.45264,11.09576,13.32571,13.18962,12.16311,12.24215,14.7357,14.25376,14.05664,9.87584,14.99865,10.75515,13.18358,11.09663,11.25137,11.73436,11.29071,10.65829,11.9084,14.03176,15.0581,15.02163,12.59969,9.08028,10.11915,13.22025,9.82088,8.83139,8.70131,12.05209,12.85296,9.92663,10.27342,15.18612,12.75024,10.76276,12.85991,10.28586,7.9813,14.90605,13.18366,12.79916,13.48342,12.95476,13.48273,11.49122,10.62633,12.51241,12.02616,11.89585,10.1893,12.27722,10.87142,13.0429,8.05452,11.48009,10.03969,16.03427,14.41228,11.41444,12.62219,11.37594,13.77761,13.2165,11.68554,12.55529,14.27585,9.48907,10.65433,9.41322,12.27636,13.10518,10.40566,13.23845,12.51563,13.25515
mol132_neg,11.44948,10.35529,12.00088,11.85746,8.17645,13.46669,16.71629,13.57965,11.12791,10.09397,11.24845,15.72252,9.03056,11.8861,13.15667,10.9459,11.41629,9.50039,8.45297,9.99455,13.04637,15.19341,7.40355,10.16059,9.78133,14.7674,11.16781,12.5862,12.10099,9.49135,11.76307,16.05762,12.82602,8.84735,9.01374,0.0,14.47837,7.34475,9.93207,15.44639,10.51797,13.57787,11.89228,11.89293,11.6156,11.56197,17.45605,13.03689,10.31884,13.68926,10.4755,9.16128,12.792,13.24422,15.83194,12.27079,10.29323,11.71785,13.85333,13.72149,12.56437,12.75704,12.43524,11.75074,10.09271,9.98505,12.52012,14.97811,15.10247,12.17483,10.95165,11.24974,9.22134,12.44691,6.31473,14.74065,10.05251,11.88819,15.00587,11.35782,12.09266,10.18555,8.11862,9.75973,7.75509,8.51603,13.55589,7.91983,11.33234,11.16741,9.86989,11.64377,12.47187,8.13507,8.61612,9.70179,11.30963,8.62928,9.4322,11.3984,11.68353,10.52787,11.18823,12.95965,16.38686,13.10204,10.70805,16.94869,12.57901,11.33973,9.87617,10.12836,11.71484,12.75875,12.62102,10.98414,13.8796,14.7161,12.42143,11.83013,9.34171,9.88247,10.64476,12.34931,8.72935,6.47135,11.72286,10.22545,9.24819,9.27751,14.81689,13.3777,10.69984,14.22742,9.26165,8.8447,13.40013,13.16823,11.24739,10.81621,11.64523,13.96825,12.49002,10.93115,9.2259,10.51392,11.62675,10.98724,10.90252,11.06276,8.30599,5.59251,8.96893,10.04304,14.73794,12.49749,11.57651,11.97045,11.49904,12.16508,11.65409,11.24213,13.43553,11.03834,9.91852,12.49237,6.7859,10.36187,14.58991,9.51633,10.18768,9.23157,13.72091
mol133_neg,11.67128,8.51079,13.53208,17.74035,13.99003,14.63584,17.54125,13.51194,22.00816,18.69344,19.41748,13.63566,14.56541,11.97558,11.38628,14.65012,10.46658,12.73393,13.2145,13.62506,15.58524,13.23736,12.86166,12.90575,11.65116,12.09379,12.24608,20.67809,20.33948,10.36292,15.01162,16.45089,17.01514,14.51084,14.43107,14.47837,0.0,13.33779,13.99478,17.01151,10.88188,17.51619,14.74755,11.93547,12.4698,13.86138,16.76579,12.89757,11.33508,27.59238,11.24524,12.01776,10.22888,12.45413,18.34423,14.62552,12.6853,12.36546,9.49153,9.45768,13.75938,16.69298,18.49833,15.00464,12.12614,23.36475,22.04802,12.80227,18.15264,13.60106,24.94899,13.11298,19.14138,17.16884,12.57424,18.60246,23.37381,11.71075,14.58893,11.8145,23.84164,15.68633,15.16742,18.1775,11.69219,13.03556,15.40408,11.98842,8.24976,19.08445,11.83654,11.43908,15.17018,10.84038,14.36919,14.01194,24.11098,11.39697,20.01028,15.2293,12.61219,13.99352,10.53827,13.87769,14.4142,14.72083,10.7899,13.58103,9.12893,13.22587,8.78985,13.33361,12.09182,12.77151,19.06138,9.3027,12.77053,11.19141,13.81489,15.96875,8.95413,10.77972,15.13404,14.47446,10.59819,11.14489,12.65028,11.36549,11.35421,12.15904,10.92264,14.47242,19.68461,12.81974,11.84841,10.07403,10.78953,19.53221,10.81256,12.948,12.00561,10.99122,10.27476,11.00339,17.05619,9.98961,12.02387,10.36057,14.35819,11.54969,14.03377,10.3862,12.81478,9.34522,19.55179,14.7554,13.74242,9.36902,11.95132,15.5363,12.42627,11.48735,14.62728,15.43238,10.2807,16.75157,11.85666,10.69212,16.6567,11.56427,12.53332,11.73537,10.61569
mol134_neg,11.88582,11.21863,13.89201,13.21541,10.14515,15.00185,17.52414,12.25179,13.09151,10.52669,12.1189,16.25005,10.67078,11.87826,12.98943,11.93103,14.09074,9.18581,11.86495,10.81887,11.36853,15.70533,10.01379,12.60929,10.06923,15.43413,10.28829,13.64284,11.98221,12.17414,10.71545,17.09667,11.87801,9.61246,10.32341,7.34475,13.33779,0.0,11.17732,14.1745,10.98883,15.25931,13.29175,13.47715,14.05651,13.50359,17.10615,12.55981,13.16872,13.82887,10.02383,10.34238,13.81324,14.09669,15.73055,13.62062,11.61108,12.56655,14.91799,13.76182,13.00221,13.41815,11.9587,12.97873,13.37645,11.68363,12.99862,16.66343,16.53745,13.17244,11.60899,12.9424,9.02145,12.84186,8.713,14.01406,10.43342,12.03831,15.25587,12.04797,14.79109,12.02109,10.70312,9.41287,8.12194,8.64202,14.45084,8.75267,12.79979,10.92728,9.23613,12.31054,12.13985,11.34097,10.09266,9.46044,12.92013,7.9083,9.81364,12.15138,12.19448,10.58512,12.27584,14.68379,15.13976,14.2423,9.57536,17.53623,13.74733,12.1398,12.57115,11.26427,12.58394,12.71767,11.49947,12.62327,14.20277,14.19642,14.65263,13.24532,8.59864,10.71531,12.28413,13.84931,9.72886,8.05451,14.24797,11.69313,8.45731,10.59478,15.21735,15.34285,13.06813,15.60124,10.10561,10.43862,14.81558,14.12828,12.2632,12.7888,14.10777,13.59382,13.64414,12.24594,10.9751,11.97327,13.51786,12.87146,12.29508,12.54579,12.09625,6.47015,9.41596,11.11545,16.57569,13.14529,11.19936,11.2107,10.01976,12.32324,11.59184,11.95501,15.08348,13.37062,10.26665,12.96269,9.74208,12.40898,14.61891,10.74105,12.30912,12.88427,14.62348
mol135_neg,10.0992,9.9384,9.72537,12.44416,9.22668,13.22693,12.8829,13.57844,12.06196,13.05565,9.17126,15.1169,10.88254,11.69421,12.49726,11.32846,14.04752,10.33346,6.50462,9.98332,13.64274,14.73221,9.21135,9.7582,9.71964,13.07754,10.65265,12.61283,12.69603,10.70836,12.34343,12.49563,12.28134,12.13652,11.8569,9.93207,13.99478,11.17732,0.0,15.14982,11.3307,12.19591,16.62125,13.0282,11.58956,10.43018,12.88032,9.55534,11.99201,13.1728,10.04085,9.33769,11.48851,12.85304,15.57695,13.62829,10.31149,11.69138,14.3712,12.4022,13.19332,12.996,13.02208,13.17192,8.7158,11.99044,11.27893,13.34471,13.10729,9.29075,14.34059,10.50488,11.49852,14.00181,10.63637,14.28522,14.03123,11.32015,14.94182,9.39399,11.91217,16.07731,10.19372,11.90181,8.92425,9.74072,13.19094,10.54792,11.52111,9.58408,9.80526,10.09672,12.58204,7.229,10.72168,10.26228,13.56234,10.64741,12.57074,12.0121,11.80449,10.64462,8.43483,12.15177,17.14852,12.58354,11.91867,17.97674,12.84638,11.24865,8.04208,10.86828,9.49305,11.41305,13.37245,11.47774,14.2411,14.21923,12.68566,13.27973,7.87391,7.1332,9.8311,11.04197,7.3139,10.70837,9.48309,9.49946,8.17361,9.35458,15.42972,11.60601,10.84043,11.05213,9.49316,10.12095,12.8444,12.58691,11.93796,8.96822,10.48883,14.00229,12.85196,10.57809,11.53234,11.53554,10.02236,9.8872,10.65084,12.94513,9.73298,9.1091,9.96156,9.71296,16.0798,10.28573,11.96493,11.27806,12.7156,12.4843,8.76435,12.0673,14.20418,10.69958,10.31827,14.23157,7.16836,10.31113,15.63799,9.19539,10.40921,10.54925,12.61904
mol136_neg,14.40901,14.28616,12.28263,15.67506,14.75569,18.58856,18.75822,19.29207,16.8679,15.58438,13.56301,14.85603,15.96537,14.51048,14.04588,13.91714,17.15632,14.90361,14.97287,13.52951,14.65132,16.73766,13.14609,16.33291,13.65968,15.0733,17.27189,14.71822,16.3511,14.70607,18.36403,14.89225,17.36624,14.86254,16.01658,15.44639,17.01151,14.1745,15.14982,0.0,17.67421,16.85445,17.70213,11.62352,14.1554,16.21206,15.71253,13.80736,12.35397,14.32878,14.50819,13.55054,14.03039,15.56342,17.49034,13.2228,10.09189,11.94899,14.04771,15.22231,17.38712,14.1437,13.64593,14.59411,11.43326,15.46749,14.76746,15.467,16.61906,14.1225,17.06423,16.52577,14.69258,14.17899,14.1228,18.07622,16.43093,13.71362,19.59365,15.66683,18.74869,16.92192,15.11271,15.59242,11.89182,14.03639,15.98829,13.0406,15.2566,13.43486,13.16625,15.67002,16.66621,13.56716,14.20904,15.68931,17.62523,11.83275,14.63502,14.87769,13.32825,13.59944,16.44239,13.6569,18.41729,17.63624,14.16386,19.77334,16.22734,15.86622,9.2283,11.5847,9.81409,15.30026,15.31217,14.63455,18.43685,18.89508,15.82835,16.48698,14.69526,13.86888,15.76573,15.11359,13.39622,12.14913,11.09583,13.74151,11.37995,13.90632,14.98173,14.91353,13.7555,14.85252,15.88842,12.10888,12.1466,17.31423,13.27907,11.1638,12.39236,14.34134,12.72847,11.85611,13.89208,16.35153,13.70258,12.7306,11.05119,15.2329,13.43533,11.1545,13.84229,12.35404,14.93153,15.95047,13.84885,14.29544,16.71677,12.6671,11.64752,15.96153,14.57541,13.63268,10.21181,16.46616,12.695,14.08645,18.87929,12.16532,13.49403,13.61992,14.80359
mol137_neg,10.51141,8.14758,11.0482,14.00042,11.76148,11.49174,12.02017,15.42246,13.17395,13.64918,12.49936,13.38456,11.82028,9.67631,14.75026,10.08314,11.85799,9.7756,10.07592,10.61821,13.07001,10.4634,9.31402,8.40164,11.4831,12.96748,12.23261,17.02562,18.12566,11.15914,10.28999,11.75238,12.25686,11.36854,12.91096,10.51797,10.88188,10.98883,11.3307,17.67421,0.0,12.20157,15.70399,10.52821,9.3483,8.02877,15.30505,9.34713,12.45636,19.11128,9.5353,7.89558,9.01515,11.80495,16.6788,12.55551,11.1265,11.53306,10.30513,9.58806,11.17263,12.38935,15.22417,11.10399,9.5951,15.93952,15.53398,10.89627,12.54333,12.23465,18.21615,10.82578,10.98149,11.62059,6.78659,18.43712,14.07889,12.82904,14.76327,8.82961,16.2346,16.54325,11.17356,12.41967,7.90819,8.82453,9.9055,7.3469,8.52492,14.88947,11.02597,8.1991,14.47923,7.53319,12.39612,10.35992,15.96907,9.59372,12.66678,9.29962,10.07765,10.68566,10.80517,11.20014,16.60403,15.9502,10.38678,13.66482,9.9129,10.60319,9.8544,10.14302,10.63944,11.61283,15.54839,10.34363,17.04438,12.73759,11.00999,14.17143,10.65478,8.57649,11.09758,13.63056,9.55922,9.71349,11.05103,12.14331,11.19494,10.76713,11.29596,13.92394,13.04413,12.61807,8.47054,10.9548,10.46586,18.41914,9.94376,9.76505,11.32985,9.45672,11.2604,9.50168,13.23067,11.4951,11.26542,9.28114,13.31979,10.62575,11.71265,8.71053,8.35193,10.83868,16.12122,12.19488,9.68257,8.69365,9.98731,12.23727,10.80803,8.88366,13.83101,11.39464,7.74952,13.92132,8.52103,11.59215,14.39413,11.44263,8.29652,11.06421,11.63987
mol138_neg,12.20315,7.58734,13.26487,17.00091,13.18176,16.17698,17.01498,13.55946,20.27712,15.00386,22.6292,12.51333,9.63577,11.35813,11.86888,12.31856,10.6495,11.51416,11.15051,13.77252,12.27048,12.93693,12.81017,15.81999,12.17672,12.02838,13.71847,19.1163,15.76423,11.24471,14.76773,14.46619,17.03395,15.01702,13.39017,13.57787,17.51619,15.25931,12.19591,16.85445,12.20157,0.0,14.31299,12.25718,15.29589,16.00904,11.9798,11.47834,11.00988,21.01248,10.59542,11.29462,9.75051,10.821,13.97118,13.26372,9.71265,11.98896,8.21423,12.95108,9.20971,12.04222,15.34245,13.37176,11.22634,18.89317,16.47881,7.73563,16.36312,13.26688,20.3586,9.83018,22.61133,17.92233,12.24025,15.82099,22.69787,10.7722,10.19896,10.95297,17.98669,14.05825,13.43345,15.81661,11.11415,10.92104,12.02567,11.1573,9.46517,17.35792,13.30571,10.03321,14.49843,9.2977,11.22224,16.43865,25.24136,13.32276,17.67107,15.67061,10.46283,13.87924,10.76204,13.64942,14.38949,16.06857,9.37749,11.40949,10.43821,12.94449,9.64619,12.59444,11.15585,12.91918,13.69333,7.76122,12.93026,13.20267,13.1468,12.25353,9.85069,10.07341,13.27836,8.71255,9.54659,11.21,12.63181,11.0203,11.99114,11.86848,12.69117,9.31122,12.12644,11.21982,10.645,11.0056,8.95692,17.24348,10.4238,10.44878,8.21384,10.87974,9.91488,9.82721,15.03644,10.29088,9.08838,9.80081,14.28697,11.57225,11.95439,9.67344,11.90295,10.74989,16.18551,13.96531,12.67887,11.48349,12.48804,15.26141,13.22194,9.85231,10.24976,12.33276,9.81083,12.09324,9.85663,11.64759,12.73736,10.62986,11.74179,10.71737,10.30321
mol139_neg,15.30843,9.33531,16.59494,19.77853,11.71788,17.73485,19.90635,12.62508,16.18569,16.67394,16.53871,14.83269,11.86118,14.6948,9.87394,16.32438,11.08839,11.89242,12.18832,14.63891,14.71278,18.60575,10.5578,17.59385,11.44962,14.85364,14.85983,18.27384,17.1162,11.70555,14.81466,15.84397,15.23485,13.1306,11.24078,11.89228,14.74755,13.29175,16.62125,17.70213,15.70399,14.31299,0.0,12.71579,14.73357,18.7145,15.48344,15.26239,12.23468,19.13606,12.85602,10.3071,13.61314,12.41092,15.65185,11.61226,11.46555,12.33396,11.48315,14.37851,9.97257,16.79426,15.81633,14.21157,13.53079,13.37701,15.68355,12.52856,22.06232,15.64159,14.61871,11.36131,13.18812,17.41984,13.09269,19.24839,15.51234,12.10564,17.12765,12.70298,15.78218,10.45379,13.36116,12.69563,9.67914,13.09115,13.67349,11.83833,11.32377,17.10288,13.9411,12.33509,13.30331,12.37211,11.40966,18.53603,15.51658,12.15997,14.54585,16.33558,17.00191,13.71611,12.67514,14.62283,14.18586,14.83521,8.12769,13.06529,10.68629,16.27801,9.98748,11.28445,12.20578,11.77128,14.616,10.90228,15.47064,13.202,14.91567,14.03594,9.35527,12.88182,13.69202,13.50454,11.84303,10.69264,13.9072,11.65403,10.45044,13.44337,15.55463,15.18323,14.16907,13.40888,11.52392,10.77435,12.55321,17.39703,13.53227,13.85668,11.01435,13.50563,11.8909,10.53559,16.02229,11.38179,11.68821,11.00811,13.87306,13.61463,11.99795,9.38068,12.40842,12.85978,13.01389,12.13512,12.52314,13.24614,14.1525,12.77673,12.26989,13.6497,13.65917,11.9979,10.46474,11.95064,10.74417,11.73999,14.57566,11.03102,12.93251,11.89694,12.60177
mol13_neg,12.83407,11.19424,10.66731,11.38258,12.80919,12.8124,14.36175,14.21144,11.2537,13.67136,11.34069,12.63627,9.93877,8.51627,12.00527,9.07007,13.15539,10.72868,12.39472,10.77765,15.22681,9.43355,10.3887,11.02604,13.47772,14.18827,15.7948,13.09265,13.20015,12.74377,12.45785,10.63571,11.48916,13.98314,13.45234,11.89293,11.93547,13.47715,13.0282,11.62352,10.52821,12.25718,12.71579,0.0,7.68024,10.19149,8.82915,10.28018,13.11255,14.62729,11.47478,11.06457,10.16369,12.89076,13.77797,8.71316,10.78664,12.45783,9.6558,11.28607,12.46654,9.66864,13.16867,10.03813,10.58143,13.35479,13.26822,13.0562,10.69176,11.49546,13.10135,15.07087,9.85596,7.17548,10.75852,16.08862,12.9535,11.01626,13.00461,10.29519,14.06258,13.62544,10.39123,11.65671,11.6765,11.31264,8.59817,9.39229,10.59342,13.59392,12.75708,12.06473,13.63932,10.05846,10.84609,11.48665,13.24618,12.69962,9.30248,10.12055,12.31112,11.29421,13.086,12.2114,15.0896,13.94381,11.58353,14.02898,11.38749,12.32558,9.34936,9.69172,10.41866,13.80787,12.08485,12.18899,13.84649,14.00504,9.68718,12.411,11.10168,11.99463,10.6017,10.16962,10.7349,11.22054,9.44229,12.7978,12.77338,14.67362,11.28296,10.69203,10.58683,12.02748,13.605,11.51611,7.70112,14.33289,7.83762,12.15321,11.23704,8.74445,9.34524,8.34735,11.60681,11.92043,11.39281,8.62399,12.95939,9.16208,12.35399,9.83849,9.63252,11.41689,11.91628,11.24319,13.73251,12.27724,12.60321,11.33323,10.13639,11.11807,12.65519,10.28913,8.08853,9.40509,10.18869,13.86644,14.89732,12.10492,10.47409,9.97224,10.16712
mol140_neg,12.99175,12.03216,11.25459,12.86196,13.78417,13.57742,11.90238,16.05593,13.43696,14.45061,11.47369,11.96944,12.66765,9.89016,12.3008,9.46254,15.29481,10.66283,11.24142,8.44728,15.91253,11.59314,8.39184,7.18709,13.99405,15.21349,14.67981,14.62418,15.43468,13.16728,12.67905,9.70312,11.96583,12.70437,15.0022,11.6156,12.4698,14.05651,11.58956,14.1554,9.3483,15.29589,14.73357,7.68024,0.0,9.40171,12.04243,11.20757,12.99909,16.19184,11.99836,9.69889,10.12631,15.15086,16.73635,9.78993,11.2483,11.92578,12.10119,10.74108,14.55198,9.97886,14.38778,9.82083,8.45213,14.65547,14.90846,13.33694,12.27234,11.82443,14.812,14.96654,10.69308,8.68757,10.93071,15.21331,13.33769,12.10402,16.53679,11.57099,16.52054,15.05478,9.48715,11.80207,9.74193,12.81241,9.02834,8.49589,12.79351,12.77323,10.91047,12.5806,11.53909,9.43918,12.93399,11.0157,14.05135,10.45402,11.09829,8.10023,12.07519,10.07098,13.79446,8.92398,15.33858,15.87255,12.28354,14.44574,13.62164,12.20611,9.31182,6.05029,8.76747,14.31864,12.69963,14.16001,16.75761,16.48243,10.75698,15.11546,12.33137,10.51584,9.73603,12.73766,11.88767,11.05269,10.21771,12.78568,9.30841,12.57763,11.32317,13.36041,12.10192,12.2689,11.88979,12.18488,10.48436,15.91471,10.96175,10.45064,12.5187,9.32598,11.9963,9.63932,10.897,12.34132,11.72104,9.75653,12.56375,11.28431,10.61727,10.33158,11.45322,12.5068,12.78837,11.99666,13.34043,12.64121,13.56434,11.48163,8.10567,12.2217,14.89005,11.53431,10.51765,12.46145,10.12673,12.82822,14.85119,9.84488,10.39394,10.08469,12.90476
mol141_neg,9.83392,11.211,11.08668,14.39934,12.30717,13.5694,13.70268,18.7832,14.78043,14.41419,10.45299,13.49419,16.44386,9.94401,14.65994,9.6928,13.89145,10.59706,9.65202,10.59416,15.11624,9.69365,8.38303,9.3253,12.49459,13.43089,12.59226,17.59803,18.1992,11.69996,13.74462,12.30634,11.57963,12.36488,13.35248,11.56197,13.86138,13.50359,10.43018,16.21206,8.02877,16.00904,18.7145,10.19149,9.40171,0.0,15.07429,10.21485,13.57679,17.96371,9.9412,9.47897,10.31034,13.04483,19.40208,11.96656,10.84686,11.42005,12.2236,10.60806,16.01955,12.89501,15.60699,12.2694,8.80013,15.61921,15.92944,13.0304,12.4602,13.57007,19.42242,12.48419,11.97386,10.34714,11.20381,19.59145,16.41826,12.71746,16.97369,9.95175,16.9469,18.53622,10.83569,13.51069,9.47086,10.4811,11.00004,9.18221,11.79219,13.86504,12.41521,10.14954,13.96021,9.30112,13.66902,12.56515,16.10579,10.53572,14.02696,10.22554,11.68685,10.29678,12.61397,9.75282,18.41732,15.6664,10.89736,16.33634,13.99619,10.04388,8.53668,9.73597,8.09206,12.24933,16.3944,12.82889,18.96945,14.38214,11.20029,15.67445,10.51636,9.98633,10.13445,13.93334,10.17085,10.6741,9.50202,11.79042,10.93421,10.50521,12.94229,14.68363,15.12361,12.96997,10.40573,10.22988,10.84968,16.41029,11.57925,10.21185,11.82055,10.61281,12.9274,10.31609,13.29669,12.38184,11.83418,10.89212,12.387,12.99372,11.1225,10.56459,9.47684,11.18888,15.72903,11.41616,11.27414,10.37412,13.01357,13.26794,9.53153,13.11371,14.93941,12.86055,9.50506,16.09575,8.29562,10.95917,17.8234,10.18071,9.77252,11.2892,11.46305
mol142_neg,9.74054,11.58513,11.98681,15.80871,13.90958,17.42407,14.26548,14.07413,13.82508,14.25743,15.92968,15.46973,12.30841,14.04286,10.32121,13.33169,13.168,12.88684,12.52253,14.0479,14.72086,16.17757,14.0209,13.63079,12.64703,14.79972,13.93058,14.81539,13.33668,13.92216,16.65391,10.38771,14.16182,13.3707,15.60582,17.45605,16.76579,17.10615,12.88032,15.71253,15.30505,11.9798,15.48344,8.82915,12.04243,15.07429,0.0,13.30564,11.74648,15.18426,9.31457,10.72891,13.90833,13.97845,10.72106,8.5303,9.61736,11.1102,12.25417,14.84884,12.66977,12.38336,13.65441,9.92248,13.01796,14.1105,12.26471,14.32526,12.07289,11.73667,14.51538,13.5512,13.38958,9.65481,14.93867,12.64543,14.59866,9.70396,13.86084,10.76824,14.90014,17.14025,13.43565,14.08518,11.56829,12.65036,10.40039,12.52363,11.66578,15.57122,13.21454,12.56833,14.96369,9.56595,12.0873,15.30025,17.00699,13.62806,12.58863,13.86988,15.00124,11.3764,13.16502,11.29705,13.15953,17.01417,12.47745,16.39585,14.29655,13.66238,10.75507,11.90358,10.67922,14.59427,13.47669,9.51438,13.33764,14.36709,12.75196,13.52909,10.07416,13.60283,13.09748,10.28036,7.94592,12.99234,11.52245,12.69278,10.04365,12.14153,16.86765,9.90556,12.813,11.02196,14.91963,12.42621,10.81953,15.28242,9.15699,12.48425,9.52245,14.39994,9.37715,6.97401,14.28008,15.30419,9.45216,8.92442,13.54694,14.01399,14.15221,11.65004,12.26185,11.98386,11.17182,13.49782,14.72714,12.56253,15.31688,16.46647,11.72934,11.73415,11.55773,11.76908,9.64086,10.03206,12.17956,12.37409,15.48848,8.86179,11.39206,9.02473,12.58045
mol143_neg,9.75543,9.80346,12.5164,12.91086,11.62356,10.54241,15.18993,14.53624,13.30226,12.81127,12.65061,15.72293,13.85744,10.11036,14.19695,11.78443,12.71253,14.21527,9.49972,10.06013,13.48458,10.62058,10.1486,12.00082,9.93831,11.76828,10.94355,14.65673,15.21241,10.82427,9.27111,14.23432,13.74741,11.80939,9.62356,13.03689,12.89757,12.55981,9.55534,13.80736,9.34713,11.47834,15.26239,10.28018,11.20757,10.21485,13.30564,0.0,12.76245,15.32405,8.4916,7.6313,8.96575,10.56629,14.80598,14.58199,10.34211,11.66042,10.93844,9.02535,10.82946,14.88859,12.70072,11.10117,10.35424,13.35569,13.7413,12.87448,13.28912,14.08161,15.84696,10.79323,12.50655,12.88232,10.46747,16.02295,15.5004,11.65395,13.4366,12.68584,14.37698,14.19142,12.32139,12.79407,8.43854,10.61235,12.47882,8.7521,10.64301,14.40102,10.32254,8.82812,15.98076,10.6703,14.94304,10.86365,14.65838,9.33168,14.04762,12.79494,12.2602,11.45972,12.65024,10.67266,18.03608,13.76391,12.12633,15.22865,10.31925,9.13475,7.37884,9.86356,9.22001,8.94353,13.94141,11.88125,14.35083,14.55768,11.45674,12.3921,7.76695,7.17914,12.03985,10.99536,8.1992,10.61284,9.62845,12.25924,12.05905,8.51461,9.08027,13.0263,11.00595,14.21341,7.69653,10.34253,10.61996,14.82083,11.90365,11.02035,12.27611,12.25822,12.95484,10.23155,13.14913,11.87286,11.44517,9.12646,12.34601,10.34412,11.54945,9.11756,9.71776,8.60119,17.49136,13.72049,9.9406,10.0632,10.88622,15.80532,9.99003,9.0224,12.52566,14.2312,7.40407,14.46323,8.56746,10.65666,13.22324,10.37309,9.58509,10.00275,9.91285
mol144_neg,10.92863,11.44248,11.34681,10.24239,11.99136,13.0709,16.27212,11.92154,10.54835,10.79676,11.21763,14.07911,9.40885,14.5031,12.37611,12.48139,11.07738,11.50816,11.11781,13.56251,14.65486,15.33669,12.31122,13.93565,11.96457,14.10649,13.71482,10.54636,9.55263,11.59024,15.97883,15.39903,13.23032,11.72534,12.19356,10.31884,11.33508,13.16872,11.99201,12.35397,12.45636,11.00988,12.23468,13.11255,12.99909,13.57679,11.74648,12.76245,0.0,13.91025,11.39304,11.63408,12.11502,11.50497,9.40286,13.93599,10.7943,9.7629,11.64113,14.24573,11.86718,13.57767,9.6665,10.1428,10.25875,11.41028,11.5037,13.5585,15.14411,8.21788,11.49506,11.94401,10.52639,12.13696,8.41533,7.86581,10.4552,8.8109,9.91697,11.08028,11.96175,13.30056,9.83513,10.35793,10.31706,9.40129,11.54158,10.06551,11.27073,12.07325,10.50039,12.80866,11.0982,11.09416,10.95752,9.27012,11.28498,11.25362,12.06868,11.19897,9.34526,13.02713,9.90768,10.99542,10.27382,11.53598,8.906,12.97208,10.89766,14.36556,9.95246,12.04432,11.84009,13.34554,9.99501,9.85875,9.79295,13.14941,15.38797,8.39158,8.11512,10.61742,10.08457,11.97637,10.6893,10.04824,8.73577,12.51265,10.92764,9.78405,16.0211,12.30971,10.11379,12.46309,10.91623,10.07647,14.67519,11.17883,10.58867,14.0734,10.2147,10.88738,12.4121,11.70374,7.45219,10.54676,12.29959,10.18395,12.56743,9.50037,13.36549,6.93824,11.75255,9.26045,16.64335,13.39139,12.55683,10.01025,13.22818,15.14476,15.08431,11.95635,15.04941,14.45837,9.05539,8.68975,9.92315,11.55201,13.05071,9.22016,12.22261,11.45618,14.30129
mol145_neg,13.41379,10.6197,15.29216,15.08004,10.61893,16.34974,20.70771,13.89448,16.85427,19.08935,21.45909,16.51393,12.84893,17.57561,13.54497,19.6914,12.71886,13.63949,11.98479,13.26619,12.92069,19.56462,11.87822,17.90394,10.68075,16.518,15.06234,15.26884,17.37216,12.17427,16.88584,17.26537,18.77247,12.01306,13.27822,13.68926,27.59238,13.82887,13.1728,14.32878,19.11128,21.01248,19.13606,14.62729,16.19184,17.96371,15.18426,15.32405,13.91025,0.0,12.52334,11.59894,13.28264,12.56667,25.73997,14.46344,9.25813,10.71027,16.2188,17.55639,16.35332,17.66232,17.29193,16.36285,13.11477,16.45772,14.92569,15.69267,27.42877,12.7033,19.51971,13.88637,22.3123,20.4638,13.85219,18.85615,19.04704,12.52191,21.71707,14.86116,24.18111,14.15695,13.23562,19.05802,10.86619,13.3322,17.75681,12.90045,12.50759,14.83301,12.30686,14.16869,15.73239,12.92852,11.67016,21.85798,16.57382,11.81998,18.02902,20.18131,18.32854,13.65964,12.81687,14.2154,17.46791,18.32172,12.45381,14.38772,15.49139,15.02881,11.36311,11.44259,10.99632,11.40149,18.23153,12.70823,16.61386,15.70358,15.84345,25.56543,12.0928,13.03027,11.8119,12.4792,11.5832,11.29358,13.97224,12.46403,10.10445,13.61652,19.34028,13.93002,15.84296,11.01088,12.59417,11.73118,15.22173,17.33505,12.89931,13.51241,10.29905,14.99677,12.98774,10.20612,16.63021,11.23208,11.15049,9.81164,12.79305,11.99174,9.43782,10.5416,13.33343,10.83346,14.02202,12.90911,12.02083,12.98026,10.04502,14.50771,11.84001,12.11149,13.27916,11.08182,10.2849,18.84877,8.90139,12.65955,14.2038,11.84253,13.40571,8.05298,13.86071
mol146_neg,8.90544,11.06322,10.09453,10.75601,11.23876,11.78198,10.85437,12.57518,10.53695,9.63143,12.24274,13.59606,10.39284,10.49281,11.99345,11.18432,11.50308,11.21284,10.90651,11.15909,12.4099,8.58332,8.83836,10.73095,12.07961,11.66751,8.10112,11.16002,10.26945,11.38747,8.90052,12.28879,11.75484,11.23017,10.6922,10.4755,11.24524,10.02383,10.04085,14.50819,9.5353,10.59542,12.85602,11.47478,11.99836,9.9412,9.31457,8.4916,11.39304,12.52334,0.0,7.25315,10.38306,9.76816,8.773,10.7915,12.39191,12.01737,10.46229,10.73695,10.74799,9.20706,12.49812,11.91979,12.29394,11.26782,11.36253,11.38443,11.19076,11.59001,10.73171,10.75323,10.76254,11.05379,10.69573,12.63399,10.46868,12.18774,10.4927,9.30138,11.22548,12.36149,10.99649,11.32541,10.02366,10.1428,10.99967,10.25813,10.36859,13.11633,11.89429,9.74457,12.86394,9.73985,10.49451,10.30651,12.32202,9.11811,9.83731,11.74379,10.9266,11.14734,12.23769,11.99474,13.47145,11.82333,11.79201,13.94712,10.58341,9.23843,11.44859,11.65166,10.87176,12.40239,9.43728,10.92708,11.39894,10.83732,10.80393,10.68192,8.8946,9.25787,11.97955,9.71326,7.19377,10.16149,11.52496,10.2831,11.63472,10.30134,11.71767,9.5675,10.14633,11.77214,10.33941,11.61694,11.92971,11.20233,11.02314,10.63051,13.03214,11.68006,11.55743,11.48768,11.84558,10.54024,11.78228,11.44341,13.72124,10.92806,12.31458,9.717,9.23001,10.28827,11.34056,11.06956,11.10086,10.30076,11.5495,12.19309,9.85443,10.95528,11.49212,11.13491,9.77071,10.55897,9.31713,13.50548,11.70537,13.41425,9.09374,11.50204,11.78643
mol147_neg,9.66464,11.33452,10.09441,9.7987,9.40477,11.64853,11.33566,12.00563,9.2657,10.67931,9.88234,13.03277,10.56953,9.86771,11.60581,9.52125,11.12761,8.98439,10.18445,10.68145,11.11634,8.35678,8.88361,7.87396,10.5196,10.15607,9.21392,11.06406,10.88548,10.80217,8.35792,10.90988,9.69849,9.1478,9.22182,9.16128,12.01776,10.34238,9.33769,13.55054,7.89558,11.29462,10.3071,11.06457,9.69889,9.47897,10.72891,7.6313,11.63408,11.59894,7.25315,0.0,9.31079,10.46064,12.29583,11.34023,11.49781,11.45662,11.91247,9.45288,11.17678,10.72905,11.05179,9.50469,10.40869,10.64369,10.61004,11.94055,10.87073,10.78868,10.29304,10.74641,8.73087,9.18075,9.13869,12.50597,10.76854,10.95949,12.63734,9.27564,10.85953,10.58382,8.07953,9.37504,6.96359,7.80796,9.00358,7.21648,10.70963,10.05355,10.44491,9.97238,10.30622,9.19065,9.0222,10.05851,11.01699,8.28797,9.69987,9.04769,10.35154,9.1806,10.80553,11.35666,13.45436,12.04826,10.72546,12.88598,10.31507,10.10432,10.66847,10.11842,10.44321,10.84077,10.93503,11.51496,11.5862,12.06535,9.56252,11.80382,10.37207,8.93584,9.60174,9.22585,8.81575,9.87579,9.52438,11.63642,11.09317,10.46525,10.22369,10.82236,10.21013,11.0855,9.34728,10.86313,11.04927,11.82275,9.911,10.08154,13.47361,9.62944,12.59929,12.1201,9.64625,10.85004,10.0128,11.03424,11.77552,9.06202,10.28903,9.33984,7.06365,10.47897,11.03683,8.30634,9.11277,8.99537,9.20982,11.99854,8.28304,9.41268,12.24053,11.18569,7.94037,10.84863,9.08152,11.75761,10.78402,11.76625,8.37928,10.35887,11.14605
mol148_neg,12.56603,8.17657,11.65266,11.63841,13.18177,9.82649,12.8487,13.14551,10.26602,11.54224,11.78218,10.63393,12.02736,7.82509,14.5208,11.62964,11.79278,12.24332,9.94903,8.7361,11.86026,6.86918,10.99369,10.66168,13.22557,11.05339,13.09593,13.22176,13.58071,11.034,9.95696,11.8084,13.10203,14.19951,13.07796,12.792,10.22888,13.81324,11.48851,14.03039,9.01515,9.75051,13.61314,10.16369,10.12631,10.31034,13.90833,8.96575,12.11502,13.28264,10.38306,9.31079,0.0,11.21589,13.32832,13.81605,11.12671,10.73036,8.49476,8.94683,10.87669,11.89168,11.58531,12.80218,8.72408,11.94,11.59722,9.25479,11.60427,11.06214,14.09203,12.9185,11.45478,11.47997,10.58021,15.36419,13.22296,13.3997,11.35911,12.49371,12.58568,12.12857,12.03159,10.92587,11.5699,11.56401,11.6061,7.94417,8.21668,13.19393,10.81575,9.43686,13.89446,10.81692,13.68301,10.9191,12.66176,11.23509,12.00657,10.80602,8.82767,11.39318,11.40707,10.8012,15.01148,11.4795,14.29293,10.25392,9.64172,10.68195,8.97351,9.41682,9.46237,10.07663,12.37282,10.67293,14.02429,12.76631,10.84108,11.59828,12.57752,7.31608,12.09575,11.95333,11.47143,11.61581,10.11089,14.98851,13.28128,11.79778,6.7933,11.4623,11.51847,12.29611,10.59385,13.79946,7.85324,13.00598,10.99873,10.41377,11.79268,7.53342,10.94424,11.3587,11.96571,10.63966,11.25539,8.67647,13.3919,9.56859,13.2489,10.55202,11.62091,9.00923,15.13214,13.10191,10.88369,9.11028,9.34221,14.5756,9.82306,7.57165,11.11088,13.37208,7.74997,13.23214,10.00878,12.35445,10.71334,12.3196,10.38406,10.53671,8.22915
mol149_neg,13.79597,9.6554,11.73123,11.60191,12.00563,13.70247,17.36294,12.96779,12.19533,10.05414,12.34848,12.63254,11.04711,13.5494,11.83304,12.95451,8.30688,12.82541,12.98179,12.22329,12.00757,14.0753,12.52608,14.44938,12.40859,11.33166,15.11588,10.80084,11.67914,10.37444,13.92723,15.90318,12.65459,16.16377,10.0928,13.24422,12.45413,14.09669,12.85304,15.56342,11.80495,10.821,12.41092,12.89076,15.15086,13.04483,13.97845,10.56629,11.50497,12.56667,9.76816,10.46064,11.21589,0.0,10.14382,13.78614,11.66508,11.7391,7.89564,12.8787,10.48586,11.01249,11.61195,13.42983,13.34119,12.13321,11.68608,9.99607,14.37675,12.46868,12.56392,13.13733,12.1139,12.70288,13.16057,13.05364,11.95798,14.0886,10.39346,13.8534,13.88899,11.11947,13.18962,11.22693,12.14449,12.42803,12.68203,11.27296,8.6932,13.71197,11.42323,13.64715,13.5868,12.42745,10.87618,11.95302,12.29908,12.99031,11.24802,13.44137,12.33124,15.21283,14.12152,15.36597,13.22006,12.27232,11.30788,11.22618,9.66588,16.46173,11.9996,13.16402,12.38028,10.85932,8.11695,7.81667,10.82202,12.87791,14.83238,10.08404,9.65126,11.65673,13.7379,8.64248,11.65549,11.05245,12.62895,12.65923,10.90543,14.54311,11.60747,11.05305,11.38994,13.04438,13.6821,11.75953,11.47075,13.07314,12.68357,14.80083,10.47603,12.50874,11.24957,10.68624,13.26845,11.14168,9.52464,10.46345,15.87104,9.45938,14.64773,11.29284,10.78566,10.60474,14.75149,14.00451,13.85502,10.3569,8.46673,13.18005,13.61837,6.33007,9.34971,13.59862,8.39593,10.64622,12.04622,14.18376,8.41227,13.44028,11.76779,10.04781,8.80529
mol14_neg,10.33772,10.01987,15.14188,20.35152,13.90061,16.88494,17.01175,13.78669,21.25596,19.19132,27.22964,15.43124,10.77163,15.5293,10.053,18.20223,10.95829,12.7816,12.52115,16.18371,15.47492,17.40512,14.45541,19.22691,13.48326,15.26363,14.62257,20.19178,16.95577,12.54201,17.2795,12.89526,19.47188,15.41188,14.35367,15.83194,18.34423,15.73055,15.57695,17.49034,16.6788,13.97118,15.65185,13.77797,16.73635,19.40208,10.72106,14.80598,9.40286,25.73997,8.773,12.29583,13.32832,10.14382,0.0,12.61543,10.36915,11.86544,9.19011,14.41622,12.87274,15.44708,18.55073,12.12888,13.58877,19.41676,19.50035,11.80471,21.15242,13.76139,21.23502,10.42787,18.89456,19.4751,13.57984,15.6346,20.84075,12.69659,12.50372,13.7959,18.76104,17.10386,15.8015,19.10262,12.75155,12.37171,11.91107,11.9658,9.96522,20.27568,13.6357,11.24273,16.54265,9.71262,12.35778,21.20891,21.3965,13.74633,19.33854,15.64763,16.65627,13.9821,11.54702,12.82301,12.66113,15.80527,10.91161,11.57332,11.3835,16.25675,11.81349,14.06414,11.96306,12.97231,14.53023,8.30604,10.91284,12.28971,14.8302,12.80653,9.55343,12.02839,14.91315,12.23661,9.97835,9.95994,13.50375,9.71755,11.06824,11.1103,15.2154,13.11319,18.10926,13.61006,13.96578,11.22182,11.82258,16.16977,10.96912,12.19995,9.27648,15.21307,9.07095,9.43738,17.50728,11.68022,11.32474,11.04495,14.20041,12.89452,14.68262,9.01657,12.12567,10.93242,13.22895,14.68696,13.35731,12.02333,12.78527,16.17212,14.05984,11.83797,11.96003,14.71257,11.41209,12.2014,11.59866,13.23502,13.10472,11.63266,11.78254,11.6357,11.57329
mol150_neg,12.78663,9.70922,11.75213,14.40095,13.05233,17.83244,15.01445,10.81271,13.15056,12.40198,13.4805,14.72309,11.8603,12.09492,10.64088,9.45679,13.00079,11.88406,12.99101,13.22477,15.4705,14.82215,11.04627,12.85491,12.31211,17.37301,14.91787,14.69681,14.65546,13.02165,14.35316,8.77611,10.66083,13.96162,13.07981,12.27079,14.62552,13.62062,13.62829,13.2228,12.55551,13.26372,11.61226,8.71316,9.78993,11.96656,8.5303,14.58199,13.93599,14.46344,10.7915,11.34023,13.81605,13.78614,12.61543,0.0,10.72288,11.73461,12.00906,14.50541,11.12381,9.11987,13.80612,9.90715,12.6155,12.17313,12.18289,14.16548,11.43002,13.80768,10.74852,11.5445,9.38401,8.72163,13.79796,16.03501,12.05261,10.3575,15.32352,11.80042,12.48567,10.14103,11.57823,10.71369,12.19285,12.59247,8.34087,10.53004,11.96889,14.42842,14.70994,13.16948,11.08043,11.69517,11.76836,14.21202,13.34335,11.29554,8.74687,9.95059,16.45653,8.80836,13.72597,9.65274,12.75912,13.36745,10.8666,18.29657,14.09789,15.83368,11.23947,8.50902,8.31444,12.97044,11.43395,12.67933,16.29797,13.96706,11.60078,14.77752,12.28674,12.44069,13.17188,12.44136,11.41496,9.90029,10.32146,8.3804,10.58719,12.76328,15.92872,11.88543,12.30769,11.86737,13.24152,11.65816,10.8691,14.791,9.98398,12.3089,12.37818,14.46951,10.32319,8.46381,11.52111,12.34366,11.83385,9.80883,12.94232,14.83417,12.19734,8.74,12.82139,11.96969,8.51787,9.40464,14.71818,13.36826,15.80082,10.76696,9.23718,14.06642,12.17696,9.37705,10.93299,10.61833,11.15697,13.75083,13.40842,11.98342,10.88508,11.68039,14.04574
mol151_neg,10.7371,11.20464,8.86252,8.60593,10.34191,11.56751,10.37764,10.93583,9.55636,9.50156,9.34421,9.73188,9.65996,10.48717,11.38742,10.40101,10.35471,10.07798,10.15223,11.5261,11.89373,12.24651,11.52549,11.86317,12.38111,10.89785,13.76118,10.91665,10.13649,10.9173,12.16207,9.75171,10.73152,12.16625,11.07669,10.29323,12.6853,11.61108,10.31149,10.09189,11.1265,9.71265,11.46555,10.78664,11.2483,10.84686,9.61736,10.34211,10.7943,9.25813,12.39191,11.49781,11.12671,11.66508,10.36915,10.72288,0.0,9.04023,10.83894,11.71997,10.20555,7.84365,9.60708,10.85915,9.83577,9.97647,8.70392,10.89543,9.83984,9.30794,10.92675,10.22526,9.40248,9.96925,10.9627,12.48917,11.37107,9.39492,9.58955,11.12095,8.61096,11.68408,9.39681,9.20399,8.97413,9.19305,11.89616,11.17794,9.47629,10.50839,11.30689,10.63938,11.23525,8.61004,8.69038,9.85264,9.76846,12.46236,9.74273,11.79058,10.67821,10.66745,11.44096,13.63178,12.87257,10.83357,11.33923,11.91894,9.89318,13.66642,8.86101,12.62889,10.41332,10.97595,10.6584,10.64921,12.20448,11.39079,14.84783,11.26164,11.47694,9.92494,9.48713,8.77651,10.35691,9.693,9.78344,11.60399,10.43894,11.75023,13.47324,7.45575,8.94068,9.65969,10.44417,10.98074,10.29262,9.96448,10.62569,8.56153,5.39889,9.74262,7.86523,7.53554,8.75539,8.82841,10.20202,9.36495,13.18467,8.30179,9.2295,9.72977,11.38697,10.2366,9.20917,10.47318,13.04891,11.1978,8.73422,11.93382,10.7496,9.90861,8.04271,8.94958,10.79219,10.97113,8.01057,11.64796,10.32648,10.73711,12.44838,8.59701,10.80585
mol152_neg,11.59806,10.68189,8.6388,9.75268,11.13641,12.1689,14.3584,11.20064,10.30696,9.39772,11.75842,11.62436,9.81507,11.99023,11.28771,11.39693,11.31565,9.764,9.68986,10.24326,11.90831,13.34178,11.75918,11.51868,12.69683,14.15706,15.17931,9.3806,11.61094,11.44572,14.24639,12.67277,9.53764,13.1945,11.06147,11.71785,12.36546,12.56655,11.69138,11.94899,11.53306,11.98896,12.33396,12.45783,11.92578,11.42005,11.1102,11.66042,9.7629,10.71027,12.01737,11.45662,10.73036,11.7391,11.86544,11.73461,9.04023,0.0,12.96462,12.25755,11.12428,11.39689,8.83676,9.26577,8.20662,11.11393,10.14443,13.39073,13.76275,7.81906,10.38366,13.01781,9.96267,10.29973,10.93135,10.41266,10.69863,10.33261,13.37479,11.25416,12.28036,12.95143,8.50503,9.94499,10.65972,9.87917,9.30892,11.37799,10.04321,11.39194,12.15941,10.59105,10.56127,8.74061,9.61104,10.57154,10.50055,11.87095,9.51428,10.2705,10.93462,12.23886,10.75562,9.57642,12.04834,11.06126,11.77675,13.5471,10.38707,14.95954,8.22407,10.97629,9.68716,12.11683,10.85718,12.75412,12.52592,12.60294,14.2356,11.75499,12.79228,11.26339,8.90161,10.09649,11.66459,9.91611,7.39314,10.87094,9.66276,12.66316,13.40507,11.60734,9.31306,11.48679,12.08566,10.79546,12.22823,11.10075,9.51095,11.25704,10.0859,9.99785,12.7018,10.63554,8.59444,11.57873,6.73271,8.47852,11.08853,8.51438,10.46473,10.31781,8.87075,10.78516,13.27406,11.25735,13.8077,9.9196,11.36355,12.63044,11.62631,9.37399,12.63522,9.79171,9.29073,10.27372,9.62023,11.89154,11.97239,9.64395,11.50038,7.42239,12.80396
mol153_neg,13.87642,7.70954,12.52842,14.03913,14.91737,13.84707,16.08456,12.42328,12.25481,10.76558,13.99899,10.07567,12.21646,9.36093,11.90747,10.56576,9.48603,12.78223,14.62707,11.46559,12.24301,10.11431,12.71102,12.79956,14.25605,11.12786,16.20479,14.25737,12.26734,11.14684,13.73107,11.53466,13.01992,16.92175,12.76338,13.85333,9.49153,14.91799,14.3712,14.04771,10.30513,8.21423,11.48315,9.6558,12.10119,12.2236,12.25417,10.93844,11.64113,16.2188,10.46229,11.91247,8.49476,7.89564,9.19011,12.00906,10.83894,12.96462,0.0,10.92372,8.69556,10.32685,12.75901,12.73899,12.08456,13.1571,13.6987,7.20031,11.03014,13.66085,14.92411,10.93567,11.91605,12.06941,13.24723,12.45971,11.86085,12.6304,7.79201,13.13114,11.67544,11.84558,13.43561,10.51745,12.85814,12.93038,12.97868,10.03305,7.80716,15.12182,12.05473,10.68013,12.62873,11.5381,12.89798,12.61645,12.83922,13.49376,11.07518,13.01585,10.7717,13.17212,12.79322,13.52746,13.08572,12.61444,9.96991,8.49602,7.91887,14.21951,9.21204,12.38572,11.15292,11.74299,11.26084,6.29321,10.37642,12.93035,11.64202,8.60473,10.06449,11.59061,14.65504,10.24862,11.77926,11.91847,10.63799,14.09329,12.43611,14.59094,8.05953,9.45327,10.07942,11.88616,14.54209,11.40729,6.46559,13.88616,11.53378,12.75133,8.24372,9.78654,7.19616,11.29275,12.4275,10.92143,10.93439,8.33742,13.46427,10.73712,15.39816,11.17861,12.877,10.79835,14.72038,13.91704,14.57903,10.33773,10.73515,15.48892,12.11087,8.98718,10.30376,13.43785,8.12597,10.56858,12.92496,11.8056,11.97234,12.87416,11.71442,10.66254,7.48961
mol15_neg,12.0068,9.51354,13.67562,13.8178,13.15467,11.55801,16.54474,14.98293,13.14467,13.41376,13.9745,15.06324,13.59454,10.16084,14.46656,11.56436,12.45482,13.47134,11.20944,13.00973,14.97709,9.91984,11.69151,12.61083,10.92453,13.09243,13.42834,15.44603,17.55337,10.41529,13.77468,11.90095,14.88712,12.12087,12.25211,13.72149,9.45768,13.76182,12.4022,15.22231,9.58806,12.95108,14.37851,11.28607,10.74108,10.60806,14.84884,9.02535,14.24573,17.55639,10.73695,9.45288,8.94683,12.8787,14.41622,14.50541,11.71997,12.25755,10.92372,0.0,11.77672,13.97064,14.87469,13.76691,11.86317,15.6775,15.21412,12.70361,13.2397,15.07713,16.79117,12.45949,14.70626,12.64492,10.98786,17.91005,14.99795,12.97646,14.19083,12.407,15.95923,15.11835,13.06359,14.23113,8.38191,12.37916,12.64903,9.06102,9.85414,15.72036,12.12886,8.77173,17.17085,9.31249,14.89898,12.29782,14.40615,10.30181,14.69483,11.85171,11.90314,12.39067,11.56982,9.52123,17.45389,13.15502,11.94415,14.00951,10.79016,10.18449,9.15334,10.55991,10.65461,11.10318,15.65172,11.79614,15.66501,13.59718,12.12844,12.27162,9.37043,10.24484,12.58134,15.23121,9.51482,10.86441,11.89038,12.10125,12.64317,10.89353,10.5086,14.22369,13.80092,14.34848,9.26759,10.94165,10.87861,15.35939,11.46727,13.40881,12.81838,10.24098,12.41883,10.98631,14.08172,12.41698,12.33023,10.92893,13.37915,11.66079,13.74981,10.13877,10.12151,10.14584,17.71306,15.62676,11.29811,10.1093,11.82617,15.3553,11.50565,12.12103,15.17601,15.04838,9.40141,14.79921,10.50511,11.01157,15.29111,11.75848,11.80788,12.27789,12.34336
mol16_neg,12.96879,6.12108,14.60708,15.43777,12.6987,15.32694,18.74427,9.19288,11.02387,14.33514,16.89477,12.77785,9.51173,13.17365,10.48905,15.48254,9.07643,11.04199,11.33394,14.20146,14.05001,15.02131,12.3011,16.20253,10.66425,12.80938,13.37178,18.57976,16.95775,9.71461,14.56608,14.07165,14.43125,14.23062,10.63153,12.56437,13.75938,13.00221,13.19332,17.38712,11.17263,9.20971,9.97257,12.46654,14.55198,16.01955,12.66977,10.82946,11.86718,16.35332,10.74799,11.17678,10.87669,10.48586,12.87274,11.12381,10.20555,11.12428,8.69556,11.77672,0.0,14.56097,10.19007,13.30749,11.70547,12.55113,14.85355,8.23991,19.85806,13.08013,16.10451,10.12683,12.86012,17.01623,11.03047,16.53977,15.76713,10.72917,12.86921,11.52022,16.07501,9.86052,12.33825,11.40568,10.24014,10.52332,13.15332,10.80888,8.18811,17.23556,12.59301,10.77117,11.88171,10.70911,10.61236,13.21881,12.52836,11.96228,11.23496,16.14445,12.64845,12.78608,10.90363,14.07971,13.6183,14.94972,8.54285,11.82224,8.55114,13.61417,8.92122,11.8639,11.51621,11.58993,13.69185,8.3081,13.88073,12.0118,13.53866,14.21444,9.11713,9.99908,11.59064,10.86003,10.44026,10.51378,12.53735,9.46545,11.42374,12.32866,13.63427,12.72429,11.75631,9.8056,10.11414,10.42064,10.75837,16.57519,11.30994,13.40461,9.16595,10.9346,10.71148,9.48075,14.90932,8.23762,9.71074,8.79975,14.85747,10.53966,11.96047,8.90428,12.06155,9.0232,14.75585,11.8998,12.80093,10.93371,11.744,13.20047,11.67052,10.138,10.64466,10.76517,9.69841,10.934,9.32924,11.8623,10.98309,10.13011,11.48473,10.13917,10.91475
mol17_neg,11.75679,10.46453,10.69193,17.03464,12.89976,17.30023,14.20609,16.46387,14.59289,16.27498,14.9613,11.64979,11.78591,10.11604,11.36344,9.07413,13.45525,9.34629,12.39689,13.50515,12.47226,14.57009,10.60016,12.9774,13.2665,14.23567,14.47376,19.33795,18.57176,13.58032,15.00828,9.22043,11.33665,14.42979,13.58231,12.75704,16.69298,13.41815,12.996,14.1437,12.38935,12.04222,16.79426,9.66864,9.97886,12.89501,12.38336,14.88859,13.57767,17.66232,9.20706,10.72905,11.89168,11.01249,15.44708,9.11987,7.84365,11.39689,10.32685,13.97064,14.56097,0.0,17.86723,11.3815,10.66489,18.08254,17.02058,11.24645,10.42803,13.10164,19.28182,11.53622,15.20415,12.32656,12.26641,22.11911,18.06835,10.97906,13.14386,10.30634,16.37278,15.09729,12.11633,13.16921,9.99905,11.98872,10.20024,8.60809,11.8448,15.54816,13.76576,11.47464,14.07743,8.57228,10.99198,17.63353,15.13135,11.91416,9.60709,11.00048,12.9725,9.64945,14.04943,12.29643,16.6722,16.38155,10.2552,15.01822,13.41251,15.61002,9.85311,9.20498,8.57195,13.14546,16.15723,10.95643,15.49082,14.08555,11.30364,15.55708,12.33289,11.96157,11.59681,9.66136,10.30298,8.01818,11.26012,8.82261,11.53335,13.64204,14.5835,8.01188,12.11865,11.06748,12.42254,9.88416,8.71943,18.62971,9.73771,8.9276,8.95922,10.60971,8.6425,8.03142,17.54985,12.51936,9.99006,10.03914,12.08405,11.13643,12.06586,9.37356,10.51802,12.52221,10.05137,9.413,12.57875,13.2268,11.93821,10.157,9.16493,11.6433,10.21307,8.5484,10.34432,15.74295,10.14998,14.49573,14.71889,11.46814,7.57885,10.08918,12.54736
mol18_neg,12.40014,9.08666,13.45138,15.6589,10.16781,14.45368,18.42836,14.30778,11.89641,14.16847,18.35756,11.91308,11.72974,15.09883,12.56292,16.85348,10.40761,11.2043,10.46232,12.87156,12.27794,18.14714,10.75627,16.89838,9.61369,12.15639,12.86584,14.11237,14.15705,9.9489,15.09306,17.7857,17.17247,12.26459,10.51703,12.43524,18.49833,11.9587,13.02208,13.64593,15.22417,15.34245,15.81633,13.16867,14.38778,15.60699,13.65441,12.70072,9.6665,17.29193,12.49812,11.05179,11.58531,11.61195,18.55073,13.80612,9.60708,8.83676,12.75901,14.87469,10.19007,17.86723,0.0,13.89539,10.30764,10.4493,12.1067,12.97625,25.71028,9.34365,17.3718,12.65389,17.01519,20.15272,10.05743,15.65575,15.8252,10.20612,18.75981,13.32735,17.29863,14.81812,11.68503,15.79172,9.91167,10.34701,15.82588,10.81069,10.72632,13.08684,9.90883,12.15159,14.01445,10.77738,9.81278,14.36666,14.45422,10.2829,16.08518,16.28024,12.36816,12.87739,10.29629,11.92501,15.23567,15.98465,11.92097,14.03548,10.53146,13.7526,7.18597,10.75434,10.75418,10.90366,16.65675,10.60019,13.77563,14.20978,15.2198,18.13699,10.76249,10.03666,10.92761,11.26964,10.53317,9.38657,9.16656,10.39191,10.1638,10.95033,15.18629,13.59368,13.00271,8.72568,9.97058,8.63974,13.09393,15.09547,12.10913,13.41984,9.8953,11.46728,11.2853,10.39488,13.58005,9.24504,9.58699,8.17719,10.58107,10.76879,9.17792,8.30945,11.80794,9.44259,15.15065,11.86767,11.98293,10.74356,10.8056,14.32012,11.92534,10.76923,12.01433,12.36223,8.61995,15.80845,9.3481,9.53544,13.87927,9.32226,12.53282,8.92264,11.20144
mol19_neg,11.73886,11.39269,12.3111,13.09176,12.74304,14.42128,15.35374,14.38628,12.82541,11.80612,13.96773,13.21062,10.6043,10.82293,7.50172,10.66222,13.50831,9.05733,11.71032,9.80272,14.05165,14.74027,8.97182,10.87822,12.11475,13.53472,15.15716,12.90218,14.13883,12.54368,14.14267,10.99019,11.03128,13.27664,13.89958,11.75074,15.00464,12.97873,13.17192,14.59411,11.10399,13.37176,14.21157,10.03813,9.82083,12.2694,9.92248,11.10117,10.1428,16.36285,11.91979,9.50469,12.80218,13.42983,12.12888,9.90715,10.85915,9.26577,12.73899,13.76691,13.30749,11.3815,13.89539,0.0,9.19794,13.70357,14.02209,14.31415,13.10163,11.87718,13.00917,12.9974,10.40726,10.01857,9.80832,12.11797,11.22158,11.83691,13.89588,11.24499,13.40878,14.78777,8.44412,10.95091,10.56487,12.40904,6.456,7.72491,11.7594,14.80843,11.74241,12.24718,10.34822,10.40366,11.05052,12.36626,14.21375,11.31098,11.49335,8.21646,13.64259,10.86847,13.05512,8.33144,13.00761,15.39805,11.23193,16.23042,13.99368,13.02554,9.97469,9.22077,9.77219,13.45345,11.41006,10.5751,13.38096,15.34111,11.18025,13.02335,11.57694,11.94821,9.68641,10.98957,11.98569,8.37855,9.40795,12.30196,9.91365,12.72694,12.77004,12.86676,10.32594,12.77883,12.24955,10.48854,10.85523,13.57301,10.28509,11.64243,12.52698,13.10221,11.03495,9.69007,8.95421,12.90682,9.07766,9.23362,12.59385,11.75361,11.9886,6.78358,11.42477,12.41906,14.04132,12.12042,11.89518,11.80341,12.94169,13.47565,9.52878,12.01952,13.36665,12.82856,9.25905,8.74595,10.87357,13.74899,16.94177,8.35463,9.49692,9.21028,13.69672
mol1_neg,12.79969,10.05751,8.47225,10.15451,12.06126,11.08832,12.97133,12.99566,10.21445,10.12291,9.5235,10.26422,10.82329,9.97029,12.47646,9.42432,12.23416,9.30742,8.93394,8.09993,13.52538,11.49176,9.42704,8.87965,11.19457,13.80618,13.72707,11.91618,13.22014,10.82252,13.20504,11.38947,11.90236,13.18303,13.20067,10.09271,12.12614,13.37645,8.7158,11.43326,9.5951,11.22634,13.53079,10.58143,8.45213,8.80013,13.01796,10.35424,10.25875,13.11477,12.29394,10.40869,8.72408,13.34119,13.58877,12.6155,9.83577,8.20662,12.08456,11.86317,11.70547,10.66489,10.30764,9.19794,0.0,10.66512,11.47676,10.67274,12.54146,7.75773,13.24452,13.65956,9.85497,10.36391,9.82592,12.36212,11.13988,11.91736,14.55269,10.31895,13.82526,12.24451,8.4557,10.24601,9.91186,10.99248,9.38433,9.028,9.51225,11.43705,9.93009,10.84901,11.1488,7.69143,11.4845,10.17146,12.43204,11.1984,11.56161,8.16582,8.30844,11.16119,11.86823,10.05278,13.642,11.57602,11.21638,14.54527,11.13129,13.18165,6.93134,9.17006,8.17922,11.00115,12.30492,12.46442,14.74208,13.40872,12.11248,12.72463,11.871,7.97479,8.5423,10.34571,11.09171,10.81907,6.0867,11.38624,9.767,11.03885,12.26914,11.18391,8.47244,10.02158,10.2192,11.35247,10.47445,12.65853,9.37214,9.18479,11.20189,7.87663,10.83892,10.59183,8.37319,10.49461,8.87705,8.16044,11.09813,8.91837,11.00409,9.62331,11.42236,10.41544,14.47541,9.71739,11.86572,10.2977,10.5681,12.73346,10.62116,9.81948,14.00131,11.25439,8.83982,12.09275,8.87006,12.18589,12.64639,7.80703,11.34641,7.23302,12.84668
mol20_neg,12.09395,9.91138,13.70202,15.5188,10.93442,15.13286,18.44979,13.04121,16.13611,14.14086,21.35602,14.24425,10.58356,15.92192,13.17317,18.22502,11.7148,11.64644,10.209,13.5573,12.10345,17.65252,11.12163,16.04578,9.1052,13.48864,13.39977,14.06021,13.31379,10.38097,12.95277,16.71976,16.46553,12.77226,12.1821,9.98505,23.36475,11.68363,11.99044,15.46749,15.93952,18.89317,13.37701,13.35479,14.65547,15.61921,14.1105,13.35569,11.41028,16.45772,11.26782,10.64369,11.94,12.13321,19.41676,12.17313,9.97647,11.11393,13.1571,15.6775,12.55113,18.08254,10.4493,13.70357,10.66512,0.0,9.12758,11.03462,26.26003,10.87612,13.75691,11.23151,20.67005,18.41191,12.45134,14.09132,14.92539,10.47579,17.53024,11.55832,16.43676,13.08827,12.03395,14.59589,9.54636,9.31027,14.39859,11.04521,10.6962,12.80438,11.23765,11.70358,14.13695,10.32377,10.01808,16.76315,23.5394,11.02356,18.66012,17.6051,11.67162,13.30909,11.51151,14.082,16.45143,13.81755,10.48881,13.06179,13.25384,14.25623,8.85206,10.3109,11.82159,10.98334,15.94888,9.94265,13.15238,13.45759,14.04656,20.11849,9.90884,10.32928,11.91787,9.55877,10.1586,10.4824,12.56509,10.56993,9.33569,11.34814,16.37927,13.59954,15.34436,11.10101,10.0575,10.55902,13.34793,12.70329,12.85632,12.13624,10.09715,13.24078,11.6391,10.50744,14.6369,8.93656,10.08776,10.00302,13.3469,11.36097,8.95425,9.5004,10.76329,10.22332,12.41776,12.34185,12.603,12.4503,11.99258,14.0976,10.87432,9.6748,12.07838,10.65863,10.79162,16.04122,7.84137,9.64672,12.52929,8.49703,12.48099,9.75589,12.89312
mol21_neg,11.60891,10.50518,12.40044,14.32673,8.40661,14.01126,16.72436,15.09307,12.29574,13.59976,17.72692,14.20282,10.79074,16.17829,12.58548,18.24139,9.84501,11.00094,11.20779,12.70896,13.70132,17.12606,11.28545,16.07364,10.57013,14.55462,14.75117,9.97619,11.92438,10.2793,15.68703,15.44652,15.63438,10.95684,11.75995,12.52012,22.04802,12.99862,11.27893,14.76746,15.53398,16.47881,15.68355,13.26822,14.90846,15.92944,12.26471,13.7413,11.5037,14.92569,11.36253,10.61004,11.59722,11.68608,19.50035,12.18289,8.70392,10.14443,13.6987,15.21412,14.85355,17.02058,12.1067,14.02209,11.47676,9.12758,0.0,12.21203,25.70566,9.17117,13.08171,10.70141,15.70359,18.75816,12.32914,17.41931,12.97158,9.32583,19.21079,10.53461,16.13013,13.87237,11.22622,15.23779,9.06188,10.69472,13.55678,11.49271,10.11375,14.64237,11.78664,12.08806,13.34088,9.99545,9.78479,16.69477,14.42962,10.66287,15.04545,17.35212,15.09464,12.66036,11.20008,13.26633,15.60401,15.80609,9.83248,13.3335,11.82937,13.23789,10.38757,11.07383,10.50738,10.85439,13.77408,9.71089,14.13044,13.17388,14.29348,18.35173,10.8724,11.67183,11.93549,10.34939,9.92267,10.83722,11.7596,11.79394,8.52882,11.71513,16.84844,13.78407,14.54604,10.86185,12.09633,10.63312,13.83499,14.25234,12.10799,12.43591,9.58352,13.0498,10.74685,8.96536,13.29085,10.07682,10.2013,8.99652,13.36329,11.53918,9.67522,9.86582,11.59848,8.87727,14.87014,11.36679,12.37364,11.09399,10.74085,13.87646,11.5646,10.90769,11.79935,11.01225,9.29579,15.45353,8.8572,11.42958,12.33424,11.15861,12.38428,8.41537,11.98237
mol22_neg,13.57628,7.96137,11.99038,14.28268,15.99945,13.71125,15.53101,10.47493,11.98659,13.2722,15.56678,11.49407,10.27858,10.87066,14.07864,12.29891,11.48133,13.88415,13.3917,12.38534,11.40524,12.85364,12.82709,13.3196,12.78584,11.08422,14.62932,16.25551,14.50974,11.08468,15.87166,13.00405,13.47656,16.50163,15.46915,14.97811,12.80227,16.66343,13.34471,15.467,10.89627,7.73563,12.52856,13.0562,13.33694,13.0304,14.32526,12.87448,13.5585,15.69267,11.38443,11.94055,9.25479,9.99607,11.80471,14.16548,10.89543,13.39073,7.20031,12.70361,8.23991,11.24645,12.97625,14.31415,10.67274,11.03462,12.21203,0.0,11.83811,13.08027,13.72358,9.96349,12.1356,14.66351,14.1265,14.39065,13.53118,13.32117,8.36993,12.95499,11.42989,11.7166,13.60537,11.80922,12.74092,12.77646,12.68155,11.29985,10.5076,15.37603,12.25046,10.51902,14.68176,10.6272,14.75278,13.69572,12.09525,12.92427,11.37886,14.49648,8.61947,12.46342,13.18485,13.17052,13.56187,13.77857,11.68987,8.5866,11.70775,13.23423,9.55456,13.43588,11.04454,12.24002,12.1146,8.13546,13.2271,14.18696,13.70084,12.03032,11.93376,10.20378,13.78009,10.32951,10.74092,12.41874,12.01917,12.12403,13.26821,12.83023,11.91144,10.15151,11.29489,11.07139,13.2246,13.27741,8.482,13.80521,11.7805,11.34504,8.25193,11.27902,10.35364,12.03497,13.807,10.69725,9.94023,10.30563,13.12953,12.92865,14.58049,10.69627,13.17213,10.1974,16.43533,14.78512,13.24992,10.72274,12.118,16.09898,13.00276,10.60183,9.21995,14.35346,8.09993,11.23976,12.13163,12.19773,10.14538,9.63402,11.91867,12.31876,10.51315
mol23_neg,12.11562,12.15039,12.48248,22.99491,16.33972,18.26475,11.69454,20.52676,23.46882,23.62408,20.87623,14.69377,15.1035,10.69186,14.99517,11.85543,15.71387,12.43903,13.4199,14.29682,15.64259,13.08736,12.11742,12.67234,15.4557,13.39423,15.15452,27.7016,23.5767,14.85205,14.71329,7.91546,15.05326,17.03527,17.50963,15.10247,18.15264,16.53745,13.10729,16.61906,12.54333,16.36312,22.06232,10.69176,12.27234,12.4602,12.07289,13.28912,15.14411,27.42877,11.19076,10.87073,11.60427,14.37675,21.15242,11.43002,9.83984,13.76275,11.03014,13.2397,19.85806,10.42803,25.71028,13.10163,12.54146,26.26003,25.70566,11.83811,0.0,15.37062,26.82635,12.94174,20.19714,11.7644,14.11794,24.91112,25.96059,13.6003,13.11429,11.13614,18.51355,19.55001,14.24209,19.88092,12.59622,13.95001,12.15343,10.01949,12.86178,20.43908,14.71391,10.43131,18.87322,9.5743,14.78807,21.22068,23.93501,14.99016,15.06619,13.58443,14.50008,11.50388,14.16057,12.96172,19.90868,20.06483,12.85389,15.64017,15.62465,14.71361,11.06252,11.14596,9.94198,15.38984,21.05378,11.79365,17.49753,16.17445,8.40968,17.13222,11.69548,13.07077,13.93749,12.7076,10.60683,12.17922,13.65925,12.2735,12.66699,13.69196,13.68922,11.79964,19.66114,14.88832,14.48268,12.8299,7.325,23.67266,9.57491,8.51199,9.09247,13.76025,9.24924,8.70482,21.35002,16.01216,12.20979,11.8857,15.03771,13.74646,14.96706,11.95112,11.95225,14.23398,10.74028,13.1894,14.07505,14.1193,14.36358,14.59522,10.319,13.18712,10.7277,10.54879,11.8241,19.67577,13.29564,12.5873,18.95238,12.78043,7.41399,11.68697,11.47097
mol24_neg,10.40791,9.1757,8.31198,11.76551,11.1177,12.13132,15.59117,13.4012,11.31424,10.69745,11.9566,12.77571,9.58284,14.20403,12.87744,13.55778,11.50279,11.45543,7.32394,9.15805,12.52806,15.76829,11.19548,11.73159,8.87405,14.04946,12.41592,11.03737,10.92294,10.13188,14.81685,12.72627,12.75837,12.61563,13.14951,12.17483,13.60106,13.17244,9.29075,14.1225,12.23465,13.26688,15.64159,11.49546,11.82443,13.57007,11.73667,14.08161,8.21788,12.7033,11.59001,10.78868,11.06214,12.46868,13.76139,13.80768,9.30794,7.81906,13.66085,15.07713,13.08013,13.10164,9.34365,11.87718,7.75773,10.87612,9.17117,13.08027,15.37062,0.0,11.6462,12.46581,10.64968,11.68107,10.74099,10.6803,9.38659,9.9476,15.56563,11.41694,13.00237,15.35791,8.09588,11.67016,9.18707,10.91635,11.48156,10.54122,8.92934,10.90293,7.69728,11.57872,12.39186,6.73754,10.55703,12.15882,12.52619,10.15173,11.9254,11.81726,10.35938,12.60173,10.78388,11.7017,14.09986,11.86443,12.23614,15.39636,11.95609,13.53786,7.04963,10.72339,10.21559,12.34715,12.72712,11.53604,13.9418,14.29246,13.75928,13.18292,10.27089,9.09944,9.87799,10.06384,8.76423,11.35639,7.95001,10.46342,9.53885,10.27317,15.65657,11.14714,10.91771,10.01016,11.11664,9.63064,12.25987,11.23734,9.54152,11.40368,10.19087,12.60375,9.78244,10.45308,8.30008,11.1091,7.89874,6.67784,10.08235,10.47192,10.52024,8.68958,10.35355,8.13463,16.13948,11.78156,12.85406,10.59185,12.28853,14.78065,12.32894,8.28676,12.51714,11.39628,8.26278,12.12774,8.20011,11.86722,12.41703,7.30847,12.65059,6.65487,12.48792
mol25_neg,11.21412,9.6484,13.90482,16.42858,11.34083,15.76978,18.61171,12.63534,15.55422,14.23885,20.95375,16.52111,10.41008,15.93728,12.52876,16.87614,10.90126,12.32261,10.42241,14.5865,14.79716,19.24366,9.61298,18.1117,9.0206,15.75161,11.88781,15.44889,13.79262,10.10599,14.07565,16.43225,17.46347,10.28824,11.32543,10.95165,24.94899,11.60899,14.34059,17.06423,18.21615,20.3586,14.61871,13.10135,14.812,19.42242,14.51538,15.84696,11.49506,19.51971,10.73171,10.29304,14.09203,12.56392,21.23502,10.74852,10.92675,10.38366,14.92411,16.79117,16.10451,19.28182,17.3718,13.00917,13.24452,13.75691,13.08171,13.72358,26.82635,11.6462,0.0,11.47398,16.3877,17.65035,12.37107,14.48617,12.07981,11.77718,19.70899,13.883,16.83011,12.75805,11.47013,17.94067,10.04895,12.77725,13.0975,11.58822,10.79634,17.69023,11.91423,13.54279,14.7315,10.99154,8.61686,20.03299,16.63117,11.51091,15.29205,16.03671,17.84066,13.52501,11.0354,12.7461,14.93134,11.52205,11.84121,15.98925,14.09423,14.57814,12.38052,11.188,12.15697,11.27214,13.60366,10.9942,14.64347,12.98546,14.37903,19.53473,9.35484,11.64456,12.79228,12.46707,9.4144,10.54121,12.26206,9.71649,9.0305,10.57707,18.46614,15.9026,18.06119,11.53111,11.09772,10.18662,15.52597,14.79154,12.04414,15.22428,11.64009,16.11161,10.74784,11.32472,14.12003,11.80083,11.527,9.76159,11.79616,15.12988,11.31906,9.09042,13.2709,10.51029,12.18268,13.17255,12.87413,10.37151,14.21669,11.97216,12.27675,12.19325,11.64466,12.11316,9.83777,15.96601,10.0711,12.59836,12.43678,9.48299,12.87083,11.73671,13.87487
mol26_neg,10.96102,11.85687,12.34934,12.9672,12.31201,12.131,13.47906,10.98749,11.94227,10.8751,12.84529,13.24467,9.87656,13.49968,13.12637,13.24964,12.18134,12.87188,9.65188,15.00013,15.10786,14.41937,12.81331,14.63683,10.6274,14.8422,13.93908,13.69784,11.93807,12.0445,14.24671,13.18996,13.14175,13.21367,11.48859,11.24974,13.11298,12.9424,10.50488,16.52577,10.82578,9.83018,11.36131,15.07087,14.96654,12.48419,13.5512,10.79323,11.94401,13.88637,10.75323,10.74641,12.9185,13.13733,10.42787,11.5445,10.22526,13.01781,10.93567,12.45949,10.12683,11.53622,12.65389,12.9974,13.65956,11.23151,10.70141,9.96349,12.94174,12.46581,11.47398,0.0,11.51401,12.53019,11.27665,13.48993,11.91128,12.68985,10.59285,12.37116,8.55921,10.91263,11.9221,11.01555,10.53676,9.34721,12.87332,11.41234,11.3831,13.3331,12.10878,9.43806,12.70205,11.36172,12.5048,10.71595,11.70344,12.10491,10.10355,13.89207,12.29914,11.90047,9.6721,15.45262,13.45699,12.16917,10.44396,11.64313,10.9112,13.55018,12.01431,13.96806,13.24029,11.00226,12.39827,11.7418,13.13054,13.5224,14.32508,10.94227,10.98918,11.0984,12.68763,12.21734,9.35689,10.54813,12.90232,10.33962,11.45425,11.74447,14.78227,10.85552,12.62826,14.20371,11.95922,11.20881,13.3721,11.8846,11.15247,11.06242,9.33894,13.72448,13.17529,9.4828,11.86424,10.07222,14.53126,13.64568,12.96255,12.90126,10.94567,9.87765,11.63013,9.80789,11.79651,12.92364,13.52271,12.68857,12.92837,15.17711,15.226,12.30513,13.28447,12.57512,11.52083,10.72612,9.51683,10.3219,11.04971,10.62109,11.68854,13.74086,14.63138
mol27_neg,10.51081,8.72201,10.17598,14.14731,9.98523,15.06754,16.01971,13.45638,21.53608,14.21616,11.81272,13.59722,9.04088,11.05378,11.21596,10.44648,11.12208,7.19051,10.27933,11.68778,12.79763,15.31051,9.95665,11.64167,10.1279,14.21882,13.23313,18.26094,14.23192,9.96838,11.27876,12.21266,12.0196,10.45231,10.84808,9.22134,19.14138,9.02145,11.49852,14.69258,10.98149,22.61133,13.18812,9.85596,10.69308,11.97386,13.38958,12.50655,10.52639,22.3123,10.76254,8.73087,11.45478,12.1139,18.89456,9.38401,9.40248,9.96267,11.91605,14.70626,12.86012,15.20415,17.01519,10.40726,9.85497,20.67005,15.70359,12.1356,20.19714,10.64968,16.3877,11.51401,0.0,10.57075,8.35446,18.52923,17.97576,10.48859,16.53103,8.23972,24.26973,10.90488,8.46837,9.91583,8.71699,6.31893,9.65836,8.31175,9.3717,11.87471,11.28845,10.95843,11.25828,8.8599,8.58026,11.74266,22.13434,10.12832,11.99655,9.50097,13.51551,9.34733,10.51112,10.58343,14.24408,16.81438,8.16447,15.471,11.50887,13.64316,9.85485,9.88166,9.37291,11.34046,12.80931,8.02699,13.21228,13.03704,11.93744,21.60097,9.83361,9.8971,9.26591,10.1017,9.79927,8.34588,9.67737,10.9726,8.59257,10.97283,14.74256,13.51262,14.8252,9.99669,10.51104,9.58825,12.14655,17.77808,9.58283,9.74981,10.45707,11.65419,10.84879,9.16101,10.24258,9.5628,8.73111,8.08157,12.48295,10.2548,9.78767,6.46611,9.72394,10.51024,13.54877,9.18989,11.56054,9.69977,10.89373,9.38378,8.68991,8.97919,11.54116,10.35136,8.68763,11.75625,7.75255,11.62204,14.29093,10.43112,10.29144,8.78953,12.30108
mol28_neg,11.50023,10.24955,11.661,17.96273,12.14559,16.12684,15.21047,17.91309,18.00104,17.93748,15.36668,14.04541,10.99212,10.55574,11.89083,12.05993,13.46257,9.98791,11.21095,11.42694,14.58821,14.02057,10.12843,11.97269,11.49981,15.17465,14.7416,20.12589,19.47825,12.72812,13.10745,9.95597,10.29072,12.91616,12.56956,12.44691,17.16884,12.84186,14.00181,14.17899,11.62059,17.92233,17.41984,7.17548,8.68757,10.34714,9.65481,12.88232,12.13696,20.4638,11.05379,9.18075,11.47997,12.70288,19.4751,8.72163,9.96925,10.29973,12.06941,12.64492,17.01623,12.32656,20.15272,10.01857,10.36391,18.41191,18.75816,14.66351,11.7644,11.68107,17.65035,12.53019,10.57075,0.0,10.89453,23.39011,18.16672,11.6629,16.27659,9.56975,20.77125,13.97747,7.95757,15.60068,10.45908,10.55582,8.66992,8.6015,11.24031,17.69775,12.89036,12.76582,12.98912,10.47659,11.28617,18.60163,18.1817,11.97399,10.94965,10.31078,15.74958,10.89145,14.33326,10.33758,17.14188,19.90743,9.74348,17.35177,14.50596,13.38719,8.97717,9.13083,9.58027,13.11672,14.17249,10.37354,17.88064,15.69089,9.97105,17.78057,11.34718,11.45829,9.01212,10.95891,10.31859,9.39677,8.8592,11.6243,11.3465,13.39629,14.59066,12.04289,15.15855,11.30494,13.37841,11.02972,10.16773,22.41522,8.90913,10.4467,11.38676,11.47002,10.55146,7.79362,13.88074,12.4954,10.11338,8.06256,12.62596,10.28855,11.40174,9.01649,9.73119,11.66014,11.0856,10.31704,13.78968,12.73907,12.67031,10.86267,9.14263,11.14365,12.60541,10.28901,8.78522,13.59723,9.35212,13.88923,16.06411,10.56119,9.86791,7.48162,10.89325
mol29_neg,9.68837,9.40388,11.80946,10.47289,9.48151,12.90948,15.67752,12.27127,10.98125,9.92842,10.94404,14.09461,10.13348,11.22734,13.56692,9.74973,12.95563,10.00427,10.67872,11.0445,12.93865,12.92475,9.86679,9.3031,10.04,13.55832,11.20483,13.03955,13.13903,9.97166,12.57077,13.1481,10.77239,9.29083,10.9579,6.31473,12.57424,8.713,10.63637,14.1228,6.78659,12.24025,13.09269,10.75852,10.93071,11.20381,14.93867,10.46747,8.41533,13.85219,10.69573,9.13869,10.58021,13.16057,13.57984,13.79796,10.9627,10.93135,13.24723,10.98786,11.03047,12.26641,10.05743,9.80832,9.82592,12.45134,12.32914,14.1265,14.11794,10.74099,12.37107,11.27665,8.35446,10.89453,0.0,11.6491,9.99754,10.60319,13.26272,9.11006,13.26569,13.38813,9.09728,8.44558,7.39096,7.60174,9.75559,5.94603,11.01995,11.14275,9.18947,10.7608,11.64955,9.62429,10.07845,7.71393,9.97588,9.22665,10.24684,8.60874,8.60556,9.73569,10.14947,10.59379,12.32934,13.74901,9.83369,16.3338,11.28836,11.82878,10.84913,9.89183,10.11368,11.77989,11.82891,10.80096,13.35376,14.49436,12.81778,10.7472,8.55166,9.88702,8.50658,12.09912,8.31055,7.82633,9.99556,10.96206,9.89333,8.85333,13.19059,14.0364,10.08911,14.05973,7.83672,9.0979,13.05133,13.0242,9.1623,10.99183,12.50979,8.79214,11.21689,10.64777,8.37665,10.70079,11.39632,10.31392,9.92517,9.64926,10.50509,5.20543,8.22561,9.90611,16.58246,13.04014,10.81257,10.85434,12.06043,13.16723,11.9769,10.51534,13.72957,12.22637,7.99525,9.45537,8.53113,11.43718,14.09155,10.10522,9.49472,10.93457,13.1444
mol2_neg,10.93019,10.20715,13.8131,16.63239,13.3621,15.81489,18.72161,15.52984,16.9737,17.65273,20.65501,16.22404,14.06505,18.18846,12.63612,22.2297,12.28096,13.67639,12.90341,12.62989,15.47705,19.63924,13.28964,18.42033,10.85011,15.33412,11.59245,16.35396,15.83998,11.64808,16.54877,18.60228,20.32095,12.50987,14.67209,14.74065,18.60246,14.01406,14.28522,18.07622,18.43712,15.82099,19.24839,16.08862,15.21331,19.59145,12.64543,16.02295,7.86581,18.85615,12.63399,12.50597,15.36419,13.05364,15.6346,16.03501,12.48917,10.41266,12.45971,17.91005,16.53977,22.11911,15.65575,12.11797,12.36212,14.09132,17.41931,14.39065,24.91112,10.6803,14.48617,13.48993,18.52923,23.39011,11.6491,0.0,16.06451,11.12843,16.42984,13.20125,16.32142,16.4324,13.48929,17.13547,11.64958,12.9957,13.77709,12.12167,12.53821,18.03808,10.85429,14.40234,14.10896,10.75469,13.16787,17.81097,16.63562,10.93537,18.81111,17.20774,15.66617,14.56322,11.59836,11.27261,12.67229,15.43154,11.69463,15.80032,13.59994,14.30287,11.55975,12.72422,12.93928,14.28271,16.41372,9.92266,10.7373,15.42701,16.04489,12.35047,10.27519,12.73769,13.5313,13.9549,10.56824,11.26675,12.70632,10.12444,11.23623,10.04831,18.56994,16.89658,16.1224,10.06257,11.58551,11.1218,15.12483,18.25714,11.8884,16.83141,12.13062,14.5048,12.48638,12.49006,14.15387,12.34882,10.4665,9.80657,10.32172,13.9702,12.20364,8.94238,13.10858,10.76525,17.81474,16.07908,13.05898,10.99745,15.9602,15.79294,14.80473,12.70891,14.31046,13.84549,9.69655,14.1722,11.77518,12.78001,17.38945,8.51161,13.85043,10.90293,14.59957
mol30_neg,11.08983,8.53791,13.09269,15.1276,9.76745,15.13411,16.72866,15.78907,15.33681,10.16923,19.62625,14.51641,11.65935,15.33664,11.87982,16.18659,10.02147,9.07144,12.01754,13.18283,14.83059,16.32472,11.05686,16.2869,10.98982,15.21524,11.88178,13.32957,14.59857,8.74655,14.37023,14.58568,14.96415,11.43886,11.16385,10.05251,23.37381,10.43342,14.03123,16.43093,14.07889,22.69787,15.51234,12.9535,13.33769,16.41826,14.59866,15.5004,10.4552,19.04704,10.46868,10.76854,13.22296,11.95798,20.84075,12.05261,11.37107,10.69863,11.86085,14.99795,15.76713,18.06835,15.8252,11.22158,11.13988,14.92539,12.97158,13.53118,25.96059,9.38659,12.07981,11.91128,17.97576,18.16672,9.99754,16.06451,0.0,12.2106,17.63787,11.93467,19.94929,13.24158,11.33033,14.97953,9.71225,10.95823,11.92975,9.69764,9.00037,15.85444,10.72013,12.08071,12.52938,8.99261,7.85069,16.60217,21.14465,9.86319,16.7972,12.39407,15.16825,11.52662,11.43347,11.67959,14.01167,13.15646,11.08194,15.93024,11.73117,13.64003,11.07853,10.18812,10.12584,13.03402,13.47267,9.03637,13.68513,12.56198,13.84762,18.90623,9.47465,11.50115,11.93878,11.97603,9.54945,8.60088,11.35932,11.28685,9.06351,10.04575,16.60132,14.58862,14.30924,12.72994,10.3189,8.87648,14.04345,15.63795,10.47408,12.93073,11.90153,14.67847,8.85373,11.18862,11.93453,9.46615,10.66514,9.83947,11.18742,13.03645,10.2618,7.42101,10.85566,9.07208,14.89612,10.65435,11.91226,10.57542,13.83786,12.6251,10.78628,11.20569,12.67668,12.34676,9.55708,15.41193,9.12381,13.45118,13.80591,9.52166,11.18232,11.75256,13.23567
mol31_neg,10.29424,12.21666,9.38918,9.75134,12.23908,12.4903,14.27804,12.60568,9.86561,10.94017,12.20529,14.34193,10.40221,12.26416,11.16153,12.27828,12.31336,10.06007,11.8614,13.66126,13.02363,14.27563,13.2916,12.39801,13.89586,14.35563,15.27904,11.8782,11.85629,12.22774,15.47574,13.06447,10.87495,11.75654,11.91207,11.88819,11.71075,12.03831,11.32015,13.71362,12.82904,10.7722,12.10564,11.01626,12.10402,12.71746,9.70396,11.65395,8.8109,12.52191,12.18774,10.95949,13.3997,14.0886,12.69659,10.3575,9.39492,10.33261,12.6304,12.97646,10.72917,10.97906,10.20612,11.83691,11.91736,10.47579,9.32583,13.32117,13.6003,9.9476,11.77718,12.68985,10.48859,11.6629,10.60319,11.12843,12.2106,0.0,12.72099,7.74704,12.38345,11.94424,11.08753,8.67104,10.40879,9.11691,11.30726,11.85385,12.2257,12.59082,11.9436,12.69748,10.34895,10.5023,12.02705,10.54081,12.25932,11.30397,10.87328,12.11777,10.94688,10.23183,10.88181,14.18766,13.58784,11.12785,9.62584,13.58704,11.24887,15.07191,12.24258,13.14041,10.95742,13.51845,11.51872,12.42087,12.95561,13.25601,15.67256,11.37008,12.56371,12.54667,12.84282,11.78092,11.48569,9.10786,9.40882,11.58941,11.50148,12.51542,15.09106,12.42331,12.02436,9.3405,13.1387,11.56818,14.71068,12.51243,9.72681,13.64564,11.48,11.23709,11.95691,10.69302,10.56056,10.11536,12.33409,10.68379,13.70816,10.39393,11.80645,9.79073,10.73054,11.05512,13.77074,9.93561,13.3933,11.35001,12.34641,12.98638,11.98695,12.43611,14.18705,12.40167,10.71539,10.45025,10.83056,10.70441,13.67638,11.91324,13.66206,11.47266,14.37216
mol32_neg,13.48307,9.01174,14.48984,19.73708,13.80675,17.16466,16.05543,14.30435,19.25465,15.78293,23.9642,13.43371,11.63634,13.36566,12.84406,17.80238,10.0787,13.37933,12.33599,15.41021,14.29464,15.51971,14.8734,16.98305,12.53894,12.49327,14.29177,20.76029,15.36719,12.3238,16.19821,13.09944,19.20533,15.35522,13.56421,15.00587,14.58893,15.25587,14.94182,19.59365,14.76327,10.19896,17.12765,13.00461,16.53679,16.97369,13.86084,13.4366,9.91697,21.71707,10.4927,12.63734,11.35911,10.39346,12.50372,15.32352,9.58955,13.37479,7.79201,14.19083,12.86921,13.14386,18.75981,13.89588,14.55269,17.53024,19.21079,8.36993,13.11429,15.56563,19.70899,10.59285,16.53103,16.27659,13.26272,16.42984,17.63787,12.72099,0.0,13.02814,11.92018,16.24997,14.35899,17.84843,13.06829,13.84792,14.60353,12.5985,9.94367,22.19513,14.32401,10.22334,15.37193,10.7999,11.78636,19.54022,19.59526,14.47377,17.41547,18.04985,13.9246,15.14337,12.29114,14.60591,15.1863,17.35127,10.27311,10.91376,12.66914,15.39267,12.35405,14.33908,14.12248,13.70177,16.15819,7.2592,11.29578,13.13494,13.78155,11.96995,7.67455,12.295,14.98087,10.21446,9.72676,12.48518,14.53494,13.69567,11.20861,13.34227,14.01096,10.37218,16.22457,13.08485,13.9879,12.72254,9.80568,19.10138,12.26858,12.70867,7.87929,13.29047,8.19329,11.19945,17.16694,12.04296,11.20369,10.79069,15.65317,12.43089,13.84397,9.29665,12.64612,12.2774,16.15413,16.00097,15.43027,11.93995,12.18922,17.5923,14.9643,10.19946,8.87991,14.01243,11.1446,13.34673,11.9481,10.04412,12.10646,13.35221,11.47823,11.68321,10.15735
mol33_neg,9.8878,10.6325,9.61663,11.27206,10.53516,14.28322,13.52936,13.15692,10.84376,11.3143,10.50931,13.60087,9.55997,9.32679,12.29299,9.27683,14.64724,7.3026,11.63375,11.78448,13.5338,11.9467,10.79192,9.73291,12.01438,12.68058,14.09134,13.45931,12.78587,12.82026,15.00058,11.77801,9.16166,9.75309,13.08873,11.35782,11.8145,12.04797,9.39399,15.66683,8.82961,10.95297,12.70298,10.29519,11.57099,9.95175,10.76824,12.68584,11.08028,14.86116,9.30138,9.27564,12.49371,13.8534,13.7959,11.80042,11.12095,11.25416,13.13114,12.407,11.52022,10.30634,13.32735,11.24499,10.31895,11.55832,10.53461,12.95499,11.13614,11.41694,13.883,12.37116,8.23972,9.56975,9.11006,13.20125,11.93467,7.74704,13.02814,0.0,12.63415,13.34346,9.027,8.8317,9.37053,8.4497,10.29227,9.4613,11.61506,12.61923,12.10713,10.80957,10.29699,8.94298,10.99709,10.39234,12.87731,11.64051,10.36566,9.40508,10.15523,9.5935,11.77099,12.42004,14.39591,13.54634,8.24459,16.58546,12.05938,12.34788,11.39479,12.19547,10.69712,12.84478,10.11908,9.92084,14.97474,13.84589,13.29525,12.6091,11.17551,10.92406,11.49476,10.80717,9.16286,9.74136,11.24189,12.11244,11.1324,11.58359,15.25149,11.41896,10.24085,9.96987,11.82413,10.59547,12.5468,13.74053,8.6911,11.0014,10.78775,10.21547,11.08044,9.03248,10.16189,11.2264,10.22243,9.83474,13.02599,9.65586,12.06023,9.39222,9.13078,11.94486,14.17199,10.55542,13.23947,10.49391,13.6731,12.13138,9.83829,12.16041,14.2322,10.82276,9.04786,10.83072,9.63124,13.0687,14.76063,11.05741,10.3873,10.4378,13.29908
mol34_neg,11.33217,10.1138,14.53825,16.74108,12.07857,14.93211,16.02247,15.49986,24.44538,18.20414,25.63389,15.20947,11.65707,16.23075,13.64672,19.63627,12.86069,13.12923,10.58176,15.59183,16.57317,18.17909,11.55701,18.29016,11.48494,14.88869,13.39977,19.13617,15.81901,12.37369,15.43982,16.15127,19.13099,14.79221,14.24509,12.09266,23.84164,14.79109,11.91217,18.74869,16.2346,17.98669,15.78218,14.06258,16.52054,16.9469,14.90014,14.37698,11.96175,24.18111,11.22548,10.85953,12.58568,13.88899,18.76104,12.48567,8.61096,12.28036,11.67544,15.95923,16.07501,16.37278,17.29863,13.40878,13.82526,16.43676,16.13013,11.42989,18.51355,13.00237,16.83011,8.55921,24.26973,20.77125,13.26569,16.32142,19.94929,12.38345,11.92018,12.63415,0.0,15.76989,14.11567,18.92504,10.88218,12.00696,15.12685,12.01683,10.91421,17.56367,12.79341,10.3457,16.96135,10.50334,12.16789,20.03961,25.03998,13.45279,21.57078,18.33169,15.68775,14.30239,12.40964,15.36675,17.01818,12.94825,11.81514,12.26155,13.14861,13.872,10.38425,12.88799,13.21247,11.41394,17.17358,10.6778,14.1649,14.33002,14.67069,17.1147,10.6526,10.69504,14.26496,13.26366,10.46946,11.22221,13.76457,10.66233,11.13132,11.06792,16.67963,12.55853,19.67828,14.33354,12.94035,9.99259,11.16425,13.7137,12.68638,12.51684,7.49706,14.96602,9.13989,10.8847,17.18996,11.12397,12.71506,10.71276,13.95647,13.43127,11.29504,9.76832,12.39348,11.53048,14.36553,14.92775,14.49099,12.72401,14.26824,15.49404,13.55677,12.23879,10.91639,13.24043,11.71038,17.32081,8.48635,9.36783,15.59332,11.72126,12.52158,11.84489,11.05022
mol35_neg,14.08508,9.78857,17.10643,15.2914,11.19745,14.58641,20.93438,12.14474,13.08147,13.77707,14.1037,16.13681,14.3625,15.75301,11.95995,14.79979,11.23543,12.08785,12.58405,14.00064,15.0631,17.65124,9.93345,18.29948,10.63088,15.7495,15.07632,15.73607,14.95214,10.70149,14.08604,17.56222,13.71821,12.4306,11.03226,10.18555,15.68633,12.02109,16.07731,16.92192,16.54325,14.05825,10.45379,13.62544,15.05478,18.53622,17.14025,14.19142,13.30056,14.15695,12.36149,10.58382,12.12857,11.11947,17.10386,10.14103,11.68408,12.95143,11.84558,15.11835,9.86052,15.09729,14.81812,14.78777,12.24451,13.08827,13.87237,11.7166,19.55001,15.35791,12.75805,10.91263,10.90488,13.97747,13.38813,16.4324,13.24158,11.94424,16.24997,13.34346,15.76989,0.0,11.75729,11.38832,10.42464,12.89357,14.4411,12.63798,11.19008,14.65589,13.02415,12.82018,12.64562,12.33966,10.76274,14.91002,11.58183,11.63866,11.62652,14.8262,15.50268,13.73309,12.38402,14.48528,14.47182,12.08891,10.21582,15.36846,13.40755,14.52024,10.34844,11.06243,12.18026,10.78958,13.43992,11.4349,17.52625,13.79843,15.0965,14.53843,10.15852,12.33251,13.76931,15.60951,11.7961,9.86563,12.76421,11.36064,10.06667,12.6388,16.40167,17.67637,14.24283,13.25525,12.49317,11.02716,14.39278,16.4632,13.6912,15.30755,12.95577,14.46093,13.11348,11.7812,12.65203,10.33485,12.56255,11.60424,13.10384,13.81587,10.81868,8.90342,13.70074,11.30074,13.80893,12.90894,12.89776,12.03042,13.10244,11.75544,12.06836,11.67865,12.6249,11.91737,10.53667,11.17866,10.88937,12.03914,12.38784,11.24255,13.13891,12.05475,13.24968
mol36_neg,11.41786,9.19853,10.78922,11.0572,9.0531,12.82382,16.56946,12.39788,11.69213,11.3702,10.23548,13.97599,10.4503,11.79017,10.41769,9.83602,12.34347,8.36726,7.74764,9.44859,14.47753,14.62243,8.35645,10.8381,9.73699,14.79617,12.63,12.37141,11.65235,10.21388,12.69572,12.58614,8.67524,8.77665,12.63161,8.11862,15.16742,10.70312,10.19372,15.11271,11.17356,13.43345,13.36116,10.39123,9.48715,10.83569,13.43565,12.32139,9.83513,13.23562,10.99649,8.07953,12.03159,13.18962,15.8015,11.57823,9.39681,8.50503,13.43561,13.06359,12.33825,12.11633,11.68503,8.44412,8.4557,12.03395,11.22622,13.60537,14.24209,8.09588,11.47013,11.9221,8.46837,7.95757,9.09728,13.48929,11.33033,11.08753,14.35899,9.027,14.11567,11.75729,0.0,9.47314,7.77631,8.53795,9.46896,7.5608,10.78051,10.90412,10.65795,11.66969,8.69643,8.05702,8.70983,10.16787,10.39858,9.64129,9.72248,9.50463,13.03201,11.42407,10.94635,9.48454,15.50459,13.79857,10.04839,16.62433,12.24434,13.1701,8.1618,8.7108,9.22586,12.35648,12.47375,10.24212,15.10327,14.39148,11.74847,12.95896,10.53373,10.38685,6.25227,10.48537,10.14697,9.42133,7.8462,10.31164,8.02641,11.18493,14.95694,13.20824,10.23046,11.00817,9.88598,10.19733,12.60516,13.80181,10.54495,9.17614,11.68356,12.03628,11.52396,10.54019,5.91878,9.70933,8.5935,8.49153,11.86109,9.62375,7.54111,7.33236,8.81261,10.58628,15.03062,10.35296,12.25261,11.28075,10.56814,12.73019,9.5077,10.54281,13.21974,10.03235,8.89738,9.92298,6.92687,11.21593,15.21856,8.57664,10.69174,7.21287,12.63419
mol37_neg,10.91639,8.60465,9.73698,15.42251,10.09144,15.34912,15.34376,11.3551,14.17876,12.66276,11.95615,14.67838,11.44992,12.19423,10.87144,11.86236,10.3927,6.47448,11.73814,12.76701,12.5717,16.52233,10.99843,11.54802,11.24252,15.1306,13.64029,19.85391,17.59401,10.53267,13.4476,13.81853,10.77467,12.23862,11.51855,9.75973,18.1775,9.41287,11.90181,15.59242,12.41967,15.81661,12.69563,11.65671,11.80207,13.51069,14.08518,12.79407,10.35793,19.05802,11.32541,9.37504,10.92587,11.22693,19.10262,10.71369,9.20399,9.94499,10.51745,14.23113,11.40568,13.16921,15.79172,10.95091,10.24601,14.59589,15.23779,11.80922,19.88092,11.67016,17.94067,11.01555,9.91583,15.60068,8.44558,17.13547,14.97953,8.67104,17.84843,8.8317,18.92504,11.38832,9.47314,0.0,7.47345,7.03528,12.03349,9.01283,10.50583,10.95704,11.58703,11.07147,9.6872,9.0905,9.11791,13.3799,14.16691,10.78196,9.48306,11.18724,13.37806,8.45355,9.6992,11.51441,14.04214,16.59329,8.02432,14.55988,10.94014,13.10628,10.01832,9.97312,9.40896,12.13024,14.62709,8.53954,16.35867,12.01528,13.27735,17.93797,10.81828,9.8193,11.30106,12.57733,10.91279,6.85577,9.59959,10.30381,9.19265,10.94365,16.09604,13.80538,13.77442,10.09779,11.11883,10.23338,13.50662,19.64752,10.11522,10.87483,11.46478,12.90692,11.71837,10.22642,12.50493,9.60527,9.4323,9.05348,13.27807,11.51371,9.84992,6.37087,10.09598,9.71496,14.28939,9.11816,11.60171,10.84242,12.53679,10.78647,9.01256,10.83189,12.09501,10.48988,9.78563,13.8547,9.35019,10.95774,10.69802,10.97372,11.127,9.99873,12.88526
mol38_neg,9.41902,10.46886,9.22589,8.78802,8.42968,11.18799,12.47205,10.92393,8.68627,9.65388,7.21063,12.60663,9.55859,10.25372,12.27397,9.43256,10.3561,7.92254,9.29245,11.15327,10.20448,11.21201,9.052,7.8467,9.08579,12.20274,10.55139,9.27275,10.19254,9.29774,10.48948,12.49764,9.66423,7.63056,8.57088,7.75509,11.69219,8.12194,8.92425,11.89182,7.90819,11.11415,9.67914,11.6765,9.74193,9.47086,11.56829,8.43854,10.31706,10.86619,10.02366,6.96359,11.5699,12.14449,12.75155,12.19285,8.97413,10.65972,12.85814,8.38191,10.24014,9.99905,9.91167,10.56487,9.91186,9.54636,9.06188,12.74092,12.59622,9.18707,10.04895,10.53676,8.71699,10.45908,7.39096,11.64958,9.71225,10.40879,13.06829,9.37053,10.88218,10.42464,7.77631,7.47345,0.0,6.08219,10.709,7.17617,10.14982,7.72762,9.8798,10.36461,10.05122,8.29415,8.71069,8.70192,9.35622,8.76341,8.59146,9.65864,9.40927,7.89817,9.67774,13.08851,13.15617,10.83293,9.77806,13.1532,8.77209,11.30385,10.6977,9.97931,10.63161,10.63504,9.79573,12.40643,11.63396,11.04388,13.79759,9.82296,8.76667,8.21677,9.69589,8.77811,6.67283,8.01243,10.45715,10.85766,10.17944,8.81024,12.60902,9.6927,9.13465,10.67288,7.29156,10.24576,13.48555,10.94283,9.65941,9.13908,12.14446,9.20465,12.52554,9.37032,8.50631,9.21195,8.67879,10.56291,12.38046,9.26484,9.31182,7.18003,7.72273,9.49818,12.66548,9.28733,9.76804,9.68344,9.89449,11.90953,11.18087,10.3284,13.47623,8.95996,7.96256,11.07722,7.49919,11.42784,11.14902,11.22244,10.06861,10.61929,13.55548
mol39_neg,8.71961,9.55107,9.5258,8.9355,8.88858,11.83375,15.99799,11.57021,8.89422,10.11887,9.3448,14.82959,7.66159,11.86464,13.99238,10.06158,11.85557,9.33812,8.56781,11.16922,11.66251,13.39821,9.51869,10.16865,9.07657,13.02612,11.89299,12.47877,10.55543,8.22262,11.13943,13.93142,10.94906,9.4048,10.58407,8.51603,13.03556,8.64202,9.74072,14.03639,8.82453,10.92104,13.09115,11.31264,12.81241,10.4811,12.65036,10.61235,9.40129,13.3322,10.1428,7.80796,11.56401,12.42803,12.37171,12.59247,9.19305,9.87917,12.93038,12.37916,10.52332,11.98872,10.34701,12.40904,10.99248,9.31027,10.69472,12.77646,13.95001,10.91635,12.77725,9.34721,6.31893,10.55582,7.60174,12.9957,10.95823,9.11691,13.84792,8.4497,12.00696,12.89357,8.53795,7.03528,6.08219,0.0,12.64439,7.73696,9.34631,9.93062,10.69689,9.5834,11.36788,8.15683,9.55359,7.31116,12.08177,9.28888,9.60887,11.22333,10.37138,7.85482,9.40184,12.56809,13.29473,12.15808,8.91544,15.82122,11.50558,11.99082,9.85699,11.19473,9.39392,11.01398,10.25917,8.91709,13.24727,12.17539,12.5023,12.28619,9.44115,9.91307,11.47021,9.46357,8.04399,8.02308,10.52762,10.34758,8.08825,9.48819,14.10514,11.55183,10.08467,11.1942,8.7779,8.55512,13.42005,13.14833,8.54596,9.14883,10.16068,12.619,10.83357,9.31806,9.2946,10.80465,8.64442,9.41216,11.53081,10.35479,7.9881,6.50725,6.74246,9.51283,15.44894,9.5056,9.63175,7.59498,9.9313,12.64372,10.14823,9.64239,12.33436,8.5315,8.22476,11.46063,5.95539,9.68259,13.34772,9.87635,9.94724,10.03116,12.26897
mol3_neg,11.64694,10.98236,12.26746,14.59684,13.3478,16.49714,14.87249,13.52968,13.95999,12.7709,13.36729,12.18946,11.98752,10.91264,9.57854,10.48833,12.95162,9.98064,11.86577,11.18568,15.82833,13.26021,9.94687,11.44518,12.9117,14.88494,14.87902,13.22709,15.06031,12.85508,15.09697,8.34288,10.37943,12.88168,13.54554,13.55589,15.40408,14.45084,13.19094,15.98829,9.9055,12.02567,13.67349,8.59817,9.02834,11.00004,10.40039,12.47882,11.54158,17.75681,10.99967,9.00358,11.6061,12.68203,11.91107,8.34087,11.89616,9.30892,12.97868,12.64903,13.15332,10.20024,15.82588,6.456,9.38433,14.39859,13.55678,12.68155,12.15343,11.48156,13.0975,12.87332,9.65836,8.66992,9.75559,13.77709,11.92975,11.30726,14.60353,10.29227,15.12685,14.4411,9.46896,12.03349,10.709,12.64439,0.0,6.11715,12.80416,15.56715,12.54615,10.53701,10.80837,10.39832,12.10186,12.47832,14.46273,11.31904,11.45227,6.36328,13.88636,10.42277,12.27022,6.92282,12.60117,16.50685,9.92169,14.50818,13.88023,12.7431,10.57057,8.61177,8.694,14.25043,10.21552,9.93168,15.01885,14.70204,10.32534,13.27399,11.77667,11.15105,11.16447,12.78268,11.70751,10.55968,8.1252,10.38658,10.86262,12.94334,13.35311,12.44654,11.82842,11.67394,11.71491,11.56716,10.88587,15.89689,9.09608,11.14415,12.35262,10.89226,9.63006,9.59672,10.8781,13.76829,9.90942,8.79488,11.59501,13.86876,12.57414,8.39454,10.38741,12.57304,12.2143,11.67211,12.3319,12.14744,14.21158,12.08807,9.85658,12.40452,12.11514,12.68159,8.58802,9.02177,11.149,13.76246,15.88941,9.3751,9.45898,10.26782,13.46204
mol40_neg,9.60078,10.32087,9.43141,9.72136,10.17545,11.56517,12.63123,11.5377,10.29846,9.43043,9.84397,10.97912,9.80246,7.2869,11.3145,7.97547,11.51405,8.92179,9.63161,9.62046,10.59479,8.5486,8.74905,8.8202,10.70775,10.27884,12.01553,11.82003,12.47911,10.49722,10.24871,8.88813,9.76942,9.93434,10.48398,7.91983,11.98842,8.75267,10.54792,13.0406,7.3469,11.1573,11.83833,9.39229,8.49589,9.18221,12.52363,8.7521,10.06551,12.90045,10.25813,7.21648,7.94417,11.27296,11.9658,10.53004,11.17794,11.37799,10.03305,9.06102,10.80888,8.60809,10.81069,7.72491,9.028,11.04521,11.49271,11.29985,10.01949,10.54122,11.58822,11.41234,8.31175,8.6015,5.94603,12.12167,9.69764,11.85385,12.5985,9.4613,12.01683,12.63798,7.5608,9.01283,7.17617,7.73696,6.11715,0.0,9.74454,10.96168,9.21165,9.04404,9.76516,9.23475,9.64213,8.43186,11.15759,8.79904,9.27273,5.4775,8.60591,8.21222,10.53607,9.97834,11.63864,13.09153,9.71005,10.99171,10.58524,10.97294,10.86924,9.57312,10.24432,10.59315,10.42484,11.93501,12.82248,12.62468,9.88185,10.99563,10.46352,9.37621,8.58836,10.62029,8.89399,8.05378,8.76208,11.62349,10.35339,9.48421,8.90479,10.861,9.41329,11.7223,7.82446,9.9969,9.20455,12.90641,9.11317,8.56753,12.66601,6.68247,10.77558,10.63693,8.54216,10.3084,10.87676,11.35782,10.19163,8.63748,10.71851,6.99374,6.00243,10.51198,12.52156,10.57696,10.16399,9.96114,9.56873,11.57504,10.83895,9.1996,9.46798,11.25015,6.43778,9.67284,8.78433,11.33381,12.37328,10.56565,7.26536,10.7111,10.03574
mol41_neg,11.12554,4.77262,9.35318,10.48264,11.6314,10.02997,16.25798,9.13348,8.38044,8.22091,10.91694,12.80723,9.01105,10.735,12.9687,11.22181,5.72072,11.27219,9.71775,10.19605,10.7529,11.49653,11.98072,11.96824,11.67657,10.60343,13.7266,10.70263,10.89089,6.50234,12.64203,14.20412,13.07082,14.0111,12.23171,11.33234,8.24976,12.79979,11.52111,15.2566,8.52492,9.46517,11.32377,10.59342,12.79351,11.79219,11.66578,10.64301,11.27073,12.50759,10.36859,10.70963,8.21668,8.6932,9.96522,11.96889,9.47629,10.04321,7.80716,9.85414,8.18811,11.8448,10.72632,11.7594,9.51225,10.6962,10.11375,10.5076,12.86178,8.92934,10.79634,11.3831,9.3717,11.24031,11.01995,12.53821,9.00037,12.2257,9.94367,11.61506,10.91421,11.19008,10.78051,10.50583,10.14982,9.34631,12.80416,9.74454,0.0,12.13228,9.73772,10.35478,12.41136,8.05566,10.58689,9.03723,11.15414,11.57029,9.52085,12.67191,10.753,13.69734,10.41727,14.60625,12.65839,10.34859,11.48979,10.6553,5.15276,12.44514,8.92013,12.30705,12.28476,11.11187,10.0223,7.40993,9.9463,9.08128,12.80288,9.24169,7.8374,8.45504,11.00206,7.9874,9.14412,10.20204,9.54695,11.61869,11.02741,11.6652,10.39195,10.28925,9.10899,10.55868,10.11406,10.14758,9.3577,10.91482,10.21917,11.40884,9.154,10.28482,8.06221,9.89674,9.67139,7.71993,8.44076,5.90458,14.26611,6.64227,11.26432,9.55358,9.77062,8.2953,15.29824,11.92282,12.51999,5.98904,8.0945,14.29673,12.01094,5.48119,9.18962,11.78887,7.37423,9.96044,8.13902,12.03097,8.58202,11.53568,9.80514,6.43109,8.58513
mol42_neg,13.79805,10.8173,11.56187,12.88395,9.68048,14.4131,16.39005,17.46106,12.28128,15.2919,9.38429,15.41407,13.57568,14.68318,12.73293,14.32931,13.19569,9.77607,10.56402,12.91642,12.00341,17.78758,10.92289,12.9287,10.45858,15.5466,13.95502,16.19422,15.16105,10.69821,14.40178,15.89363,14.46479,11.27844,12.5663,11.16741,19.08445,10.92728,9.58408,13.43486,14.88947,17.35792,17.10288,13.59392,12.77323,13.86504,15.57122,14.40102,12.07325,14.83301,13.11633,10.05355,13.19393,13.71197,20.27568,14.42842,10.50839,11.39194,15.12182,15.72036,17.23556,15.54816,13.08684,14.80843,11.43705,12.80438,14.64237,15.37603,20.43908,10.90293,17.69023,13.3331,11.87471,17.69775,11.14275,18.03808,15.85444,12.59082,22.19513,12.61923,17.56367,14.65589,10.90412,10.95704,7.72762,9.93062,15.56715,10.96168,12.13228,0.0,11.39417,12.69724,13.34052,9.86591,8.86816,15.50107,14.29576,10.89335,12.74608,14.80655,14.97291,10.50607,12.35662,13.43186,16.57688,16.81669,10.14452,16.04448,14.25915,14.63861,9.78748,9.6834,9.58457,11.41442,16.2083,12.45927,16.02393,13.28297,14.82617,17.11716,11.08528,10.963,10.56141,12.15233,10.95256,10.67744,10.88503,10.81314,8.8637,12.30681,17.99598,15.11984,13.01995,11.78457,11.71306,9.82677,14.83014,17.3249,13.09082,11.57135,12.21896,14.49236,13.00132,11.28787,11.07938,11.13418,9.53909,10.32651,12.32622,12.83419,8.35775,9.90083,11.4622,11.86907,14.85112,10.36314,11.22332,11.50831,11.77552,9.58768,10.01898,11.34665,14.79157,10.21795,10.1174,18.25845,8.26018,13.17406,15.53396,10.16374,11.77132,10.91634,13.41609
mol43_neg,11.2572,11.13313,9.19207,11.28698,11.44668,9.93005,13.94339,13.5785,11.33536,10.71512,11.33412,10.51262,10.81296,12.68345,13.33858,13.04183,10.34024,11.72319,10.7353,8.90973,12.51481,12.25767,11.43996,10.71217,9.85435,11.39191,10.58013,11.08014,11.73149,10.18659,11.91725,14.90867,12.75467,11.40281,11.21191,9.86989,11.83654,9.23613,9.80526,13.16625,11.02597,13.30571,13.9411,12.75708,10.91047,12.41521,13.21454,10.32254,10.50039,12.30686,11.89429,10.44491,10.81575,11.42323,13.6357,14.70994,11.30689,12.15941,12.05473,12.12886,12.59301,13.76576,9.90883,11.74241,9.93009,11.23765,11.78664,12.25046,14.71391,7.69728,11.91423,12.10878,11.28845,12.89036,9.18947,10.85429,10.72013,11.9436,14.32401,12.10713,12.79341,13.02415,10.65795,11.58703,9.8798,10.69689,12.54615,9.21165,9.73772,11.39417,0.0,11.43684,12.37579,8.90067,10.82627,10.60632,11.6485,8.67226,11.98798,11.16222,9.40858,11.36538,9.91715,14.2095,12.23091,11.24475,12.62316,12.75597,10.47642,12.21494,10.42716,13.04322,12.87395,10.13253,12.02271,11.35883,12.14127,12.40864,14.58233,11.52847,8.65694,9.57967,12.17089,10.89482,8.95913,10.10568,9.50035,13.72662,10.70666,10.67299,11.49434,11.99488,11.26268,10.19549,10.28257,10.4495,13.72011,11.01024,10.98531,11.94187,12.3395,10.3757,12.47271,12.12964,10.25654,10.80159,10.37345,10.52952,9.41544,10.39941,12.89096,8.70782,11.09134,8.75623,15.51605,12.78513,12.37426,9.9182,11.02158,14.42078,13.82734,9.29663,13.22896,14.34867,9.27477,12.11667,10.6793,13.16468,11.30302,10.52698,12.88584,9.31725,13.08337
mol44_neg,8.79176,7.98523,10.10924,11.65124,11.11987,10.81362,9.69763,12.38442,10.528,11.0801,11.88925,12.41893,10.50083,9.51103,13.62988,10.98631,12.36961,11.97275,9.03287,11.75399,12.68825,10.59061,11.63828,11.07377,11.79689,13.06483,11.85611,13.23632,12.90115,11.45566,10.25664,9.84402,12.58536,13.51352,11.46514,11.64377,11.43908,12.31054,10.09672,15.67002,8.1991,10.03321,12.33509,12.06473,12.5806,10.14954,12.56833,8.82812,12.80866,14.16869,9.74457,9.97238,9.43686,13.64715,11.24273,13.16948,10.63938,10.59105,10.68013,8.77173,10.77117,11.47464,12.15159,12.24718,10.84901,11.70358,12.08806,10.51902,10.43131,11.57872,13.54279,9.43806,10.95843,12.76582,10.7608,14.40234,12.08071,12.69748,10.22334,10.80957,10.3457,12.82018,11.66969,11.07147,10.36461,9.5834,10.53701,9.04404,10.35478,12.69724,11.43684,0.0,12.98919,7.98226,11.72384,10.4539,11.38238,10.4163,11.63863,11.76249,11.40761,11.92813,10.09773,11.21718,13.5855,12.14525,10.9104,12.28211,9.2645,9.86314,10.77509,12.02827,10.49082,10.36867,11.3604,11.26488,12.21872,12.40842,11.78376,9.84369,10.22624,8.79769,11.7404,12.67273,9.28288,11.37717,11.0858,12.55345,11.15973,8.83627,11.91942,11.46817,10.5629,14.91949,9.06862,10.8341,10.39649,12.74239,11.03746,9.20643,11.02742,11.91697,11.76346,10.87144,11.41333,9.75825,12.51368,11.67744,12.30483,11.05439,11.03786,10.33655,9.92757,10.86887,13.72976,12.06384,10.20219,9.59472,11.24918,14.03031,11.3405,9.80286,12.62577,13.71707,9.48938,11.77749,9.15253,10.62689,13.16487,11.18944,9.32034,12.75602,11.96994
mol45_neg,12.83902,9.79213,12.72484,14.93076,11.46453,17.37485,16.95076,12.63135,14.07264,13.47943,13.92724,16.7911,13.72504,13.76557,10.20938,13.3676,13.2957,10.24724,11.97446,11.70069,15.5384,16.98015,10.64484,13.4092,11.69407,16.22699,15.81279,16.8305,14.34655,12.8388,15.26498,14.59797,10.40309,11.66168,12.6727,12.47187,15.17018,12.13985,12.58204,16.66621,14.47923,14.49843,13.30331,13.63932,11.53909,13.96021,14.96369,15.98076,11.0982,15.73239,12.86394,10.30622,13.89446,13.5868,16.54265,11.08043,11.23525,10.56127,12.62873,17.17085,11.88171,14.07743,14.01445,10.34822,11.1488,14.13695,13.34088,14.68176,18.87322,12.39186,14.7315,12.70205,11.25828,12.98912,11.64955,14.10896,12.52938,10.34895,15.37193,10.29699,16.96135,12.64562,8.69643,9.6872,10.05122,11.36788,10.80837,9.76516,12.41136,13.34052,12.37579,12.98919,0.0,10.59846,10.57122,13.91222,14.86555,10.45593,13.11446,11.06453,16.65273,10.9504,11.77824,10.84417,14.21498,17.04841,8.80521,16.75024,13.77589,15.09193,10.89102,9.17655,9.18707,12.75364,12.87015,9.48802,17.54018,13.79268,13.39275,14.83736,11.59077,12.54826,10.66901,14.30614,12.4128,10.67189,10.24419,11.40433,8.05218,13.13359,17.46609,16.78339,14.24434,11.99946,12.89573,10.88529,15.06486,17.17101,12.24794,12.37371,13.24641,14.78346,12.75619,11.64978,10.4046,12.68658,11.20663,10.67387,13.42489,13.72289,9.65291,9.30256,11.56595,12.14998,15.41426,9.48093,12.19643,12.59088,14.11901,11.04048,10.0327,13.50296,14.92004,11.74629,10.10277,12.61945,10.08473,12.30216,16.11284,10.18072,11.66873,10.11725,14.54035
mol46_neg,10.24274,7.91259,5.72561,9.0991,9.87831,10.73407,10.60287,11.31066,8.38179,8.02464,9.20562,12.3537,6.66118,9.95017,11.87408,8.53918,9.39847,7.90776,6.20529,9.55143,14.79727,11.62666,9.7829,8.50202,11.18664,14.51791,11.62952,9.94864,9.60793,8.63076,12.8343,9.79129,11.19143,12.96177,11.666,8.13507,10.84038,11.34097,7.229,13.56716,7.53319,9.2977,12.37211,10.05846,9.43918,9.30112,9.56595,10.6703,11.09416,12.92852,9.73985,9.19065,10.81692,12.42745,9.71262,11.69517,8.61004,8.74061,11.5381,9.31249,10.70911,8.57228,10.77738,10.40366,7.69143,10.32377,9.99545,10.6272,9.5743,6.73754,10.99154,11.36172,8.8599,10.47659,9.62429,10.75469,8.99261,10.5023,10.7999,8.94298,10.50334,12.33966,8.05702,9.0905,8.29415,8.15683,10.39832,9.23475,8.05566,9.86591,8.90067,7.98226,10.59846,0.0,8.23358,8.69315,10.9485,11.81016,8.79733,9.49321,9.56363,11.24208,9.25551,12.27557,11.39315,9.47577,11.94326,14.46401,8.76658,12.42316,7.04894,10.38571,10.00015,11.84835,9.3875,9.48455,9.87639,10.15896,11.22436,9.36248,9.08471,8.4865,9.66001,8.46863,8.57415,10.23942,7.03466,9.10634,8.50169,11.11567,13.51705,8.76345,8.81428,11.03589,9.37301,7.63396,9.57506,9.50529,8.43183,8.79144,8.87957,10.54685,8.80275,9.03274,7.87926,7.95718,8.92045,8.27099,11.5566,8.67398,9.10324,8.08904,8.35813,9.52799,12.749,7.77911,12.48482,9.1349,11.16003,11.31911,9.74788,8.32236,12.68057,10.10624,8.35627,9.24863,6.58623,11.1917,12.0114,10.07042,9.93932,8.3229,11.67606
mol47_neg,12.16428,9.74726,10.20432,10.1018,7.78907,14.47036,15.07061,12.10797,9.1712,7.86656,10.6057,12.26192,8.33295,13.47118,12.80152,10.60945,10.1689,8.40703,10.04031,10.70831,14.54569,18.182,10.65101,11.95874,10.08153,15.94018,12.44368,10.56827,9.3377,10.76217,12.66113,13.50745,12.4121,11.38756,9.74374,8.61612,14.36919,10.09266,10.72168,14.20904,12.39612,11.22224,11.40966,10.84609,12.93399,13.66902,12.0873,14.94304,10.95752,11.67016,10.49451,9.0222,13.68301,10.87618,12.35778,11.76836,8.69038,9.61104,12.89798,14.89898,10.61236,10.99198,9.81278,11.05052,11.4845,10.01808,9.78479,14.75278,14.78807,10.55703,8.61686,12.5048,8.58026,11.28617,10.07845,13.16787,7.85069,12.02705,11.78636,10.99709,12.16789,10.76274,8.70983,9.11791,8.71069,9.55359,12.10186,9.64213,10.58689,8.86816,10.82627,11.72384,10.57122,8.23358,0.0,11.62601,10.38985,10.53874,8.07804,10.81076,13.60731,11.78001,12.35787,12.72613,12.42632,13.59803,9.78598,17.02965,11.74254,14.35702,11.23511,10.05264,9.60055,12.87563,9.32666,10.2804,12.59869,13.61068,13.00141,12.25643,10.18004,11.31466,10.89047,8.93939,8.88635,9.10111,10.83256,10.23595,6.15201,11.06794,17.12778,9.87951,8.23728,11.02332,11.04567,9.12943,14.00344,12.11899,11.2766,11.20894,8.91207,13.72269,9.73809,10.26345,8.73438,11.04664,8.67254,10.12027,13.39825,12.15467,8.39801,6.92144,10.65259,11.44802,14.97405,10.92687,12.02877,11.42147,13.17778,11.98929,9.95938,10.94109,11.03191,10.02265,9.32702,9.40788,8.90262,12.66428,10.29264,9.79375,11.16345,10.56786,13.67536
mol48_neg,9.88835,9.11493,13.13204,12.59593,11.03923,12.21567,16.95418,15.84782,15.08182,12.30123,14.75706,15.86997,10.43249,12.15738,13.84057,14.3198,11.92718,9.70066,8.80942,10.33917,13.24305,13.0388,10.83161,13.4854,11.2114,12.87634,12.40458,16.98869,20.21483,9.21463,12.83921,15.92374,15.99166,11.13942,11.10364,9.70179,14.01194,9.46044,10.26228,15.68931,10.35992,16.43865,18.53603,11.48665,11.0157,12.56515,15.30025,10.86365,9.27012,21.85798,10.30651,10.05851,10.9191,11.95302,21.20891,14.21202,9.85264,10.57154,12.61645,12.29782,13.21881,17.63353,14.36666,12.36626,10.17146,16.76315,16.69477,13.69572,21.22068,12.15882,20.03299,10.71595,11.74266,18.60163,7.71393,17.81097,16.60217,10.54081,19.54022,10.39234,20.03961,14.91002,10.16787,13.3799,8.70192,7.31116,12.47832,8.43186,9.03723,15.50107,10.60632,10.4539,13.91222,8.69315,11.62601,0.0,16.64714,9.89113,16.42129,14.6836,13.10631,11.30379,10.18557,11.83492,15.93714,15.09764,10.66035,15.81304,10.69109,12.12896,9.33732,11.26426,11.30715,11.24917,18.53157,9.29601,16.39607,10.08438,12.3749,17.1325,10.33705,8.37085,11.18633,13.01726,8.5542,8.32071,10.18203,11.30991,8.87434,9.63278,12.61915,15.77499,15.37296,11.43404,8.48892,9.58817,12.90728,19.04623,9.53297,10.84247,11.48989,11.295,11.28213,10.369,13.40882,9.99117,10.69768,9.38854,12.62557,9.15467,10.79262,7.19256,8.88963,9.20207,16.92241,13.61849,12.12102,8.24936,9.69822,13.79468,12.09626,8.98922,12.49058,13.14918,8.6347,15.33424,6.59458,11.74884,13.29346,11.55409,10.98395,9.23261,11.42276
mol49_neg,13.82389,8.99433,14.79973,13.94411,10.83788,15.91494,19.04277,11.7178,20.27394,17.23796,17.76387,16.90721,11.42825,15.57266,11.92561,16.65333,12.26276,10.87871,10.8212,13.65739,13.68858,17.91999,11.39552,16.9963,10.56366,15.79077,12.81519,17.64958,18.86221,10.48734,14.16985,15.96323,12.35698,12.82095,12.73915,11.30963,24.11098,12.92013,13.56234,17.62523,15.96907,25.24136,15.51658,13.24618,14.05135,16.10579,17.00699,14.65838,11.28498,16.57382,12.32202,11.01699,12.66176,12.29908,21.3965,13.34335,9.76846,10.50055,12.83922,14.40615,12.52836,15.13135,14.45422,14.21375,12.43204,23.5394,14.42962,12.09525,23.93501,12.52619,16.63117,11.70344,22.13434,18.1817,9.97588,16.63562,21.14465,12.25932,19.59526,12.87731,25.03998,11.58183,10.39858,14.16691,9.35622,12.08177,14.46273,11.15759,11.15414,14.29576,11.6485,11.38238,14.86555,10.9485,10.38985,16.64714,0.0,10.57842,14.34378,17.453,15.27508,13.31555,11.20521,13.46569,16.08711,14.35673,11.16478,12.40197,11.7315,14.87444,10.4576,10.71797,11.43851,11.56095,17.57364,11.35223,14.70255,12.84823,14.60702,20.9653,8.94556,11.20757,9.74076,12.93822,11.71935,10.37773,11.08432,9.47386,11.30622,12.46522,16.85408,14.94935,16.18885,10.86409,9.52319,10.45308,14.16434,15.78472,12.69199,13.55667,11.05222,13.79944,11.7954,10.74152,11.51176,8.87292,9.99529,10.27399,13.6516,12.05005,9.57096,8.34622,11.89263,11.5197,13.72639,12.20348,11.81477,11.77205,11.1584,12.17951,11.90144,10.49923,13.10535,9.28628,10.33545,17.42734,8.46634,12.45397,13.00315,10.45688,12.38947,10.17713,13.62261
mol4_neg,10.06794,11.75909,11.52197,10.35408,10.79452,9.93726,12.46941,12.50316,10.93677,10.71514,10.07742,13.22539,10.75195,12.06824,12.77033,11.28127,10.73207,10.17504,10.15458,9.36391,10.18079,10.5664,8.27,10.93609,11.66543,12.65074,9.57479,10.76328,11.12468,11.00411,8.32867,13.35583,10.90505,9.72209,9.45264,8.62928,11.39697,7.9083,10.64741,11.83275,9.59372,13.32276,12.15997,12.69962,10.45402,10.53572,13.62806,9.33168,11.25362,11.81998,9.11811,8.28797,11.23509,12.99031,13.74633,11.29554,12.46236,11.87095,13.49376,10.30181,11.96228,11.91416,10.2829,11.31098,11.1984,11.02356,10.66287,12.92427,14.99016,10.15173,11.51091,12.10491,10.12832,11.97399,9.22665,10.93537,9.86319,11.30397,14.47377,11.64051,13.45279,11.63866,9.64129,10.78196,8.76341,9.28888,11.31904,8.79904,11.57029,10.89335,8.67226,10.4163,10.45593,11.81016,10.53874,9.89113,10.57842,0.0,10.48054,11.01694,10.67642,10.57282,11.11872,11.84215,13.41771,12.41227,10.88618,14.00331,11.21292,9.25326,11.9501,11.73235,10.92567,12.85562,11.52399,13.2326,12.57654,13.04978,12.96502,11.23175,9.64413,8.74727,10.61814,12.09656,9.21901,9.51696,10.90109,13.09041,11.74587,9.1161,12.3525,13.6544,10.84776,11.89415,8.21262,10.56455,13.45079,11.23168,11.91849,12.40896,16.07368,11.07873,13.9108,12.13804,9.65189,10.17431,12.60763,12.99437,12.34868,11.07387,11.94597,8.32382,8.1469,10.69172,14.57384,10.71116,9.30353,9.28742,10.18754,12.22532,12.0036,10.18858,14.76188,13.21317,7.72591,11.19194,9.71213,11.04624,12.88861,12.63308,9.38739,11.61622,12.9502
mol50_neg,12.08546,7.48133,9.48453,15.30039,10.33672,15.13344,15.52395,11.14523,17.59134,15.25503,13.75881,15.65949,10.03905,12.40987,11.15269,9.50254,9.97091,8.22507,11.29322,12.25483,12.4555,15.56036,10.30491,12.7451,10.40761,14.97903,11.9966,18.87619,18.03374,10.5678,12.12862,11.15893,11.21273,12.44383,11.09576,9.4322,20.01028,9.81364,12.57074,14.63502,12.66678,17.67107,14.54585,9.30248,11.09829,14.02696,12.58863,14.04762,12.06868,18.02902,9.83731,9.69987,12.00657,11.24802,19.33854,8.74687,9.74273,9.51428,11.07518,14.69483,11.23496,9.60709,16.08518,11.49335,11.56161,18.66012,15.04545,11.37886,15.06619,11.9254,15.29205,10.10355,11.99655,10.94965,10.24684,18.81111,16.7972,10.87328,17.41547,10.36566,21.57078,11.62652,9.72248,9.48306,8.59146,9.60887,11.45227,9.27273,9.52085,12.74608,11.98798,11.63863,13.11446,8.79733,8.07804,16.42129,14.34378,10.48054,0.0,11.78743,14.25243,9.54655,12.13472,13.06832,15.38963,16.07083,9.39817,14.61089,12.21173,14.39966,11.4665,9.46276,10.22161,13.08688,13.84875,10.02535,16.10448,12.92236,12.23271,19.05558,9.79335,10.63319,10.33333,9.83082,9.55895,7.87292,11.35092,9.64812,9.51577,11.56775,16.53914,10.17286,13.26952,12.38172,9.59195,10.66481,12.08839,18.54176,10.16264,11.56288,9.61623,13.75945,10.49156,7.88883,13.77595,9.79855,10.04787,9.66374,14.40608,10.77986,10.476,7.65448,8.77271,10.05009,10.58284,8.71771,12.04037,11.82567,11.25999,11.1049,9.4355,10.61533,9.77356,7.25737,9.6538,12.77145,8.0525,13.51924,10.13553,10.54922,9.26021,8.57681,12.62627
mol51_neg,12.63895,10.39798,10.52203,16.22234,11.25456,15.37231,14.03116,17.03175,16.2144,14.77059,13.87141,10.70386,13.11096,10.06192,10.69919,9.50236,13.45647,8.71616,10.58169,9.72726,14.98857,12.42369,9.8835,9.19524,11.13496,15.01996,14.64398,18.24637,18.25417,12.24831,13.64034,9.08096,12.45404,11.15271,13.32571,11.3984,15.2293,12.15138,12.0121,14.87769,9.29962,15.67061,16.33558,10.12055,8.10023,10.22554,13.86988,12.79494,11.19897,20.18131,11.74379,9.04769,10.80602,13.44137,15.64763,9.95059,11.79058,10.2705,13.01585,11.85171,16.14445,11.00048,16.28024,8.21646,8.16582,17.6051,17.35212,14.49648,13.58443,11.81726,16.03671,13.89207,9.50097,10.31078,8.60874,17.20774,12.39407,12.11777,18.04985,9.40508,18.33169,14.8262,9.50463,11.18724,9.65864,11.22333,6.36328,5.4775,12.67191,14.80655,11.16222,11.76249,11.06453,9.49321,10.81076,14.6836,17.453,11.01694,11.78743,0.0,13.17892,9.32733,12.56057,7.07322,14.04439,19.73707,9.77798,15.27046,14.43174,12.72247,10.00825,7.65486,8.08271,13.61093,13.40691,10.08614,18.78887,15.43457,10.07035,16.63323,12.39976,11.46541,9.35494,12.86567,11.00483,9.76713,9.54289,11.77765,9.36173,11.524,12.79869,11.83665,11.13379,11.31914,12.2649,11.7826,11.14341,20.28951,10.33034,10.9096,12.99856,8.64037,10.98741,10.76447,12.26128,13.40893,10.11837,9.50031,12.29734,12.58168,10.83812,8.16632,10.10688,11.9204,13.38329,11.06653,11.98152,11.7292,13.77036,10.65033,9.86232,12.97589,13.12402,12.48257,9.70277,13.38459,9.82912,13.5051,16.93353,9.05368,9.46897,10.25524,13.08233
mol52_neg,11.80332,9.41127,10.899,13.01503,12.39319,13.05802,16.78007,15.13627,13.71084,14.37671,13.3139,11.37856,14.85587,11.84434,15.51307,10.85951,13.33418,11.28597,11.64029,10.26711,10.6646,12.354,11.17794,11.72661,11.2054,10.0832,13.10527,16.20632,17.36071,10.49231,14.62172,15.681,16.03131,11.87882,13.18962,11.68353,12.61219,12.19448,11.80449,13.32825,10.07765,10.46283,17.00191,12.31112,12.07519,11.68685,15.00124,12.2602,9.34526,18.32854,10.9266,10.35154,8.82767,12.33124,16.65627,16.45653,10.67821,10.93462,10.7717,11.90314,12.64845,12.9725,12.36816,13.64259,8.30844,11.67162,15.09464,8.61947,14.50008,10.35938,17.84066,12.29914,13.51551,15.74958,8.60556,15.66617,15.16825,10.94688,13.9246,10.15523,15.68775,15.50268,13.03201,13.37806,9.40927,10.37138,13.88636,8.60591,10.753,14.97291,9.40858,11.40761,16.65273,9.56363,13.60731,13.10631,15.27508,10.67642,14.25243,13.17892,0.0,10.16944,12.13951,11.63089,17.11398,15.43902,10.90613,14.80653,12.15059,11.49201,7.04748,10.80528,9.70547,11.39876,16.62118,10.86325,16.22363,12.71886,13.76861,14.49581,10.56849,9.35167,12.35932,12.43056,9.43265,9.66126,9.65963,11.00206,10.83562,10.76007,12.60895,12.55525,10.93658,11.76414,9.98831,11.08444,11.27298,15.93664,11.04436,11.25496,11.80783,9.52384,10.51382,11.99143,12.13058,10.88926,9.64811,9.72649,11.24088,10.25343,12.04994,9.13434,10.5424,10.28715,18.43388,13.30821,10.75202,10.52315,12.54253,15.7748,12.40933,10.56403,11.60078,12.90518,6.72056,17.2422,9.28386,10.99612,13.75371,7.88092,10.36162,10.41936,11.96805
mol53_neg,10.56023,11.92641,9.81553,11.5059,12.57576,14.01409,11.02727,13.21596,11.45909,11.46388,10.02263,14.15591,11.38986,9.87842,13.23274,10.41719,13.9048,9.1279,12.94423,13.61039,10.775,11.65272,11.11699,9.81612,10.76909,12.87895,13.42433,13.16937,14.1796,12.80227,14.44572,11.13557,10.42321,12.06066,12.16311,10.52787,13.99352,10.58512,10.64462,13.59944,10.68566,13.87924,13.71611,11.29421,10.07098,10.29678,11.3764,11.45972,13.02713,13.65964,11.14734,9.1806,11.39318,15.21283,13.9821,8.80836,10.66745,12.23886,13.17212,12.39067,12.78608,9.64945,12.87739,10.86847,11.16119,13.30909,12.66036,12.46342,11.50388,12.60173,13.52501,11.90047,9.34733,10.89145,9.73569,14.56322,11.52662,10.23183,15.14337,9.5935,14.30239,13.73309,11.42407,8.45355,7.89817,7.85482,10.42277,8.21222,13.69734,10.50607,11.36538,11.92813,10.9504,11.24208,11.78001,11.30379,13.31555,10.57282,9.54655,9.32733,10.16944,0.0,12.62287,10.92895,14.40558,15.15279,9.35363,16.52608,12.69512,13.15034,11.90568,10.40246,8.24775,13.18532,11.81484,13.62389,16.0769,15.23597,13.81742,14.40452,12.24648,10.95339,13.34552,12.27591,10.37837,7.28696,11.04011,11.99351,10.43907,11.61897,13.5055,12.51129,11.90801,10.63786,12.51218,12.62217,11.82985,14.31033,7.97987,12.58407,13.96853,11.34894,11.96699,9.62421,10.82844,12.61586,12.42093,12.01337,10.76785,12.35166,12.6375,8.37308,9.56594,12.6914,11.45519,9.41804,11.20456,10.96864,13.10568,11.20363,8.20938,12.96954,11.99858,10.2752,9.2083,12.81264,11.34057,13.4056,14.23125,11.41926,10.19842,13.4036,14.06389
mol54_neg,11.31252,9.34391,10.69576,10.96087,10.6033,11.84886,14.25414,10.05841,9.10805,10.11871,12.11771,15.23936,9.35313,14.72454,13.64709,13.98964,11.79725,11.47091,9.42231,13.96674,15.64079,15.79947,11.81601,13.53598,9.68603,13.73552,11.7348,11.35877,11.65781,9.98732,14.22598,15.34262,13.58562,9.40267,12.24215,11.18823,10.53827,12.27584,8.43483,16.44239,10.80517,10.76204,12.67514,13.086,13.79446,12.61397,13.16502,12.65024,9.90768,12.81687,12.23769,10.80553,11.40707,14.12152,11.54702,13.72597,11.44096,10.75562,12.79322,11.56982,10.90363,14.04943,10.29629,13.05512,11.86823,11.51151,11.20008,13.18485,14.16057,10.78388,11.0354,9.6721,10.51112,14.33326,10.14947,11.59836,11.43347,10.88181,12.29114,11.77099,12.40964,12.38402,10.94635,9.6992,9.67774,9.40184,12.27022,10.53607,10.41727,12.35662,9.91715,10.09773,11.77824,9.25551,12.35787,10.18557,11.20521,11.11872,12.13472,12.56057,12.13951,12.62287,0.0,12.79998,10.53737,10.29147,10.18451,14.75075,8.90522,12.3764,10.03086,13.00126,12.14424,11.80764,10.93824,9.28072,11.07692,11.44653,15.26541,9.01302,9.81988,9.08521,11.718,12.13948,9.67888,9.86544,12.88638,10.59571,10.14846,10.59255,16.26181,12.23065,10.89645,13.71592,10.90777,8.90465,13.73058,10.94348,11.24945,13.36365,10.64981,12.60506,12.31845,10.40534,9.27674,9.28731,11.40725,9.34326,12.31971,10.13467,12.699,8.47816,10.17032,8.93061,17.28309,13.27075,11.9268,10.10496,12.44672,15.17361,13.28695,11.20878,14.65905,13.86427,9.27427,10.5436,9.56755,10.31294,13.0056,11.05358,12.77681,10.82641,14.01325
mol55_neg,12.90612,12.99006,11.89986,11.99129,14.09414,13.39952,12.20622,14.64072,12.45606,11.94865,11.93124,13.07144,12.12518,11.16814,10.36369,9.77233,13.62228,11.38347,11.30085,10.76543,16.37191,10.06078,10.75866,9.79039,14.0975,15.79405,14.96384,12.92664,14.01676,14.20645,14.28591,8.6208,11.64454,14.03435,14.7357,12.95965,13.87769,14.68379,12.15177,13.6569,11.20014,13.64942,14.62283,12.2114,8.92398,9.75282,11.29705,10.67266,10.99542,14.2154,11.99474,11.35666,10.8012,15.36597,12.82301,9.65274,13.63178,9.57642,13.52746,9.52123,14.07971,12.29643,11.92501,8.33144,10.05278,14.082,13.26633,13.17052,12.96172,11.7017,12.7461,15.45262,10.58343,10.33758,10.59379,11.27261,11.67959,14.18766,14.60591,12.42004,15.36675,14.48528,9.48454,11.51441,13.08851,12.56809,6.92282,9.97834,14.60625,13.43186,14.2095,11.21718,10.84417,12.27557,12.72613,11.83492,13.46569,11.84215,13.06832,7.07322,11.63089,10.92895,12.79998,0.0,11.069,13.68105,11.92601,15.61983,12.84551,10.71979,10.07944,7.37107,7.66734,14.6386,11.16919,13.27469,13.26193,15.09188,10.81604,12.46236,13.46994,11.56627,10.69464,13.52414,12.45445,12.9956,9.48994,13.03828,11.0867,12.53867,11.50109,13.76848,10.96535,12.28008,12.86142,13.53769,11.46434,13.17803,10.93989,12.08741,14.48643,10.23242,13.66883,11.13191,9.37543,13.17625,12.36589,10.60509,12.41827,11.44241,12.72182,10.81338,12.2405,13.18795,13.01595,12.4516,13.5206,13.00725,14.44695,13.30705,9.83835,14.49671,16.26287,14.09855,11.04881,10.22585,12.34907,12.87544,15.76474,8.83927,10.36128,12.71023,14.36701
mol56_neg,13.48612,9.88988,14.7967,16.03884,13.71898,16.7646,18.89477,14.1727,15.2644,15.7096,16.39746,14.42594,15.00725,15.74937,12.30721,16.88132,10.83076,13.08698,14.41281,15.90688,15.16888,19.37013,14.56959,17.83647,13.36079,16.91122,13.30025,15.34091,15.23137,12.91982,17.90514,14.8867,16.78133,14.54913,14.25376,16.38686,14.4142,15.13976,17.14852,18.41729,16.60403,14.38949,14.18586,15.0896,15.33858,18.41732,13.15953,18.03608,10.27382,17.46791,13.47145,13.45436,15.01148,13.22006,12.66113,12.75912,12.87257,12.04834,13.08572,17.45389,13.6183,16.6722,15.23567,13.00761,13.642,16.45143,15.60401,13.56187,19.90868,14.09986,14.93134,13.45699,14.24408,17.14188,12.32934,12.67229,14.01167,13.58784,15.1863,14.39591,17.01818,14.47182,15.50459,14.04214,13.15617,13.29473,12.60117,11.63864,12.65839,16.57688,12.23091,13.5855,14.21498,11.39315,12.42632,15.93714,16.08711,13.41771,15.38963,14.04439,17.11398,14.40558,10.53737,11.069,0.0,14.76359,11.28279,16.69723,13.6584,16.74578,13.04125,12.85095,11.55598,14.41817,12.22898,9.92252,11.9168,11.81702,16.11267,13.8758,11.67601,13.53725,13.93523,14.45083,13.44975,11.93415,13.30295,11.38985,11.77026,13.2523,17.26177,15.07646,13.21505,13.22947,14.1616,11.52741,15.55272,15.62778,13.60558,13.95298,12.1512,15.02872,12.59473,12.65567,14.24368,14.12192,12.09238,11.28188,14.81609,15.58663,12.7749,10.60434,14.1165,10.6278,17.36646,14.49338,12.05104,11.76107,15.21857,14.9591,12.63495,12.94832,14.90047,15.19417,11.85803,11.62499,13.87408,13.84953,15.67571,10.70642,13.63557,13.27457,14.93974
mol57_neg,11.82555,10.54453,12.12991,12.84184,12.1884,12.0792,17.75133,14.56636,12.5906,13.11265,16.83917,15.6618,12.24443,14.54689,13.99132,17.48416,11.84687,14.0676,9.57495,13.83215,15.58894,16.54314,10.91345,16.0582,9.31832,13.44164,13.91762,16.39512,17.35065,9.80812,16.40448,18.02029,18.77202,13.3312,14.05664,13.10204,14.72083,14.2423,12.58354,17.63624,15.9502,16.06857,14.83521,13.94381,15.87255,15.6664,17.01417,13.76391,11.53598,18.32172,11.82333,12.04826,11.4795,12.27232,15.80527,13.36745,10.83357,11.06126,12.61444,13.15502,14.94972,16.38155,15.98465,15.39805,11.57602,13.81755,15.80609,13.77857,20.06483,11.86443,11.52205,12.16917,16.81438,19.90743,13.74901,15.43154,13.15646,11.12785,17.35127,13.54634,12.94825,12.08891,13.79857,16.59329,10.83293,12.15808,16.50685,13.09153,10.34859,16.81669,11.24475,12.14525,17.04841,9.47577,13.59803,15.09764,14.35673,12.41227,16.07083,19.73707,15.43902,15.15279,10.29147,13.68105,14.76359,0.0,12.87728,16.22058,12.21064,13.24446,9.76947,12.89686,12.48555,9.79928,14.0576,11.42256,15.43275,12.53314,15.4187,13.40352,10.53199,10.35024,12.59364,13.30779,11.68615,11.86272,10.28989,9.09815,11.85253,11.73837,15.42732,14.9484,16.3566,13.84999,12.36855,8.54634,12.64634,12.22964,11.95669,12.81275,11.14823,11.2901,11.78423,10.36985,14.90075,9.59871,12.06126,11.17575,12.30001,10.07491,12.82371,10.41336,12.35552,10.3067,15.74768,15.59655,13.41976,10.66805,11.74416,14.33075,13.20278,11.22609,13.72713,14.34484,10.13394,16.49022,8.84989,12.17339,15.27489,12.12189,13.04368,10.29822,12.49705
mol58_neg,12.29843,10.45055,11.2221,11.59382,9.90348,13.82884,13.6394,10.77558,10.34882,10.70697,9.22229,12.64947,9.57403,10.42049,8.65609,8.68166,10.24746,9.78683,12.62788,13.80663,13.2542,14.12421,11.82449,11.71929,12.4727,14.64996,15.2621,12.62062,11.011,13.15093,13.80148,12.75913,10.11193,11.45504,9.87584,10.70805,10.7899,9.57536,11.91867,14.16386,10.38678,9.37749,8.12769,11.58353,12.28354,10.89736,12.47745,12.12633,8.906,12.45381,11.79201,10.72546,14.29293,11.30788,10.91161,10.8666,11.33923,11.77675,9.96991,11.94415,8.54285,10.2552,11.92097,11.23193,11.21638,10.48881,9.83248,11.68987,12.85389,12.23614,11.84121,10.44396,8.16447,9.74348,9.83369,11.69463,11.08194,9.62584,10.27311,8.24459,11.81514,10.21582,10.04839,8.02432,9.77806,8.91544,9.92169,9.71005,11.48979,10.14452,12.62316,10.9104,8.80521,11.94326,9.78598,10.66035,11.16478,10.88618,9.39817,9.77798,10.90613,9.35363,10.18451,11.92601,11.28279,12.87728,0.0,11.01136,9.03212,15.03169,12.22109,11.48774,10.82317,13.38774,9.50131,10.41894,12.05041,12.35139,14.65356,9.37915,10.66521,13.20681,11.36323,12.14114,11.83804,9.60243,10.11636,11.42724,11.47183,12.73873,13.91595,11.59562,10.1286,11.74463,11.48389,10.61974,14.07002,13.40973,11.56706,13.88737,10.72227,11.10786,12.05981,10.49449,10.1508,10.44189,12.7807,11.14153,14.19349,10.40372,11.26229,9.14381,10.19958,13.51583,14.28215,11.32483,11.48801,12.39288,12.28078,11.49631,11.54098,12.41266,14.61245,12.6675,8.69803,9.0068,11.02463,11.95016,12.47951,11.5352,11.36217,12.38621,13.56337
mol59_neg,15.65344,9.97328,17.71615,16.427,15.91335,16.7189,20.68861,13.89649,13.7164,14.88699,16.53825,12.68872,13.24927,13.00516,12.72817,16.28036,11.14979,16.83294,14.90025,14.21527,15.20279,14.14212,14.5705,16.04917,13.80059,12.15244,17.68651,17.1685,15.02242,14.48198,16.99572,15.98445,16.20542,17.16556,14.99865,16.94869,13.58103,17.53623,17.97674,19.77334,13.66482,11.40949,13.06529,14.02898,14.44574,16.33634,16.39585,15.22865,12.97208,14.38772,13.94712,12.88598,10.25392,11.22618,11.57332,18.29657,11.91894,13.5471,8.49602,14.00951,11.82224,15.01822,14.03548,16.23042,14.54527,13.06179,13.3335,8.5866,15.64017,15.39636,15.98925,11.64313,15.471,17.35177,16.3338,15.80032,15.93024,13.58704,10.91376,16.58546,12.26155,15.36846,16.62433,14.55988,13.1532,15.82122,14.50818,10.99171,10.6553,16.04448,12.75597,12.28211,16.75024,14.46401,17.02965,15.81304,12.40197,14.00331,14.61089,15.27046,14.80653,16.52608,14.75075,15.61983,16.69723,16.22058,11.01136,0.0,11.22999,16.02865,12.28455,13.18267,13.47552,13.03721,16.60003,9.11655,12.99532,16.06332,13.53828,9.81153,10.92402,13.10528,15.33952,14.08164,14.0141,14.01853,15.06105,13.9396,13.45239,15.22757,9.17733,13.4288,14.49827,14.49249,13.93562,13.78307,10.35533,14.34271,15.2441,16.42808,9.0506,12.12428,9.75165,12.07022,14.98085,12.4669,13.14655,11.41183,14.08369,14.3822,13.85163,12.0406,14.82594,11.45018,18.80919,16.84587,14.54724,10.94015,13.00548,18.32781,14.97961,12.23619,11.95392,15.19585,11.5752,13.0858,13.08156,11.69091,13.16215,12.45394,13.51986,13.73395,10.11606
mol5_neg,11.17048,6.80955,12.38292,11.64217,10.9303,12.6269,17.5542,11.39066,9.63322,10.26579,12.45967,12.45075,12.11174,12.24671,11.08752,12.50829,6.95276,11.6649,11.66492,12.37867,13.42133,13.62892,11.49173,15.17358,10.69676,10.53915,13.52726,12.58024,13.96427,8.19178,15.41069,17.04981,14.94185,12.67934,10.75515,12.57901,9.12893,13.74733,12.84638,16.22734,9.9129,10.43821,10.68629,11.38749,13.62164,13.99619,14.29655,10.31925,10.89766,15.49139,10.58341,10.31507,9.64172,9.66588,11.3835,14.09789,9.89318,10.38707,7.91887,10.79016,8.55114,13.41251,10.53146,13.99368,11.13129,13.25384,11.82937,11.70775,15.62465,11.95609,14.09423,10.9112,11.50887,14.50596,11.28836,13.59994,11.73117,11.24887,12.66914,12.05938,13.14861,13.40755,12.24434,10.94014,8.77209,11.50558,13.88023,10.58524,5.15276,14.25915,10.47642,9.2645,13.77589,8.76658,11.74254,10.69109,11.7315,11.21292,12.21173,14.43174,12.15059,12.69512,8.90522,12.84551,13.6584,12.21064,9.03212,11.22999,0.0,12.304,7.28817,11.59463,11.63045,9.78468,12.05825,7.81763,10.83515,9.19776,13.90499,6.88804,7.33068,9.78574,12.54121,9.10794,9.91315,10.24118,9.53841,9.82204,11.05705,11.84618,11.45847,11.24058,10.53808,10.9489,10.30464,9.06703,10.20773,12.34858,10.57713,13.5565,9.43679,11.21228,8.90503,9.84895,12.11071,7.0832,9.87955,7.34383,13.88203,7.55119,11.75298,9.63204,11.5251,8.37761,16.13022,12.74563,12.52194,8.30942,10.12858,14.24801,12.97555,8.23549,11.02266,12.59444,8.83175,11.59021,9.21811,10.98506,11.91354,11.19715,11.31483,8.84792,8.72217
mol60_neg,10.0983,12.26248,13.20977,13.34126,13.69518,8.96211,11.21796,15.3793,13.03293,12.28446,13.50382,15.62433,14.06859,11.6099,17.11259,12.575,14.61467,14.40711,11.39438,12.51831,15.89734,7.7533,10.71199,11.82095,12.80582,12.67092,11.0297,14.4675,14.70492,12.14643,12.41551,13.59321,15.68803,12.28422,13.18358,11.33973,13.22587,12.1398,11.24865,15.86622,10.60319,12.94449,16.27801,12.32558,12.20611,10.04388,13.66238,9.13475,14.36556,15.02881,9.23843,10.10432,10.68195,16.46173,16.25675,15.83368,13.66642,14.95954,14.21951,10.18449,13.61417,15.61002,13.7526,13.02554,13.18165,14.25623,13.23789,13.23423,14.71361,13.53786,14.57814,13.55018,13.64316,13.38719,11.82878,14.30287,13.64003,15.07191,15.39267,12.34788,13.872,14.52024,13.1701,13.10628,11.30385,11.99082,12.7431,10.97294,12.44514,14.63861,12.21494,9.86314,15.09193,12.42316,14.35702,12.12896,14.87444,9.25326,14.39966,12.72247,11.49201,13.15034,12.3764,10.71979,16.74578,13.24446,15.03169,16.02865,12.304,0.0,10.18352,10.48479,10.19967,12.30749,14.24087,15.90065,15.95611,13.37969,11.63899,13.57385,10.98458,9.418,13.80838,13.80237,9.43546,12.01351,12.30656,13.94343,12.94981,9.03225,11.45225,15.19843,13.23879,14.21389,11.05219,13.14688,12.82137,14.43324,12.88961,12.94131,14.80622,12.61693,16.5418,12.79362,12.97293,11.44135,14.71921,13.59559,11.40283,13.1573,14.48681,10.59695,11.91627,9.25064,17.93439,15.13577,11.39076,11.77557,14.26302,16.66734,11.65799,13.13718,17.19083,16.5032,11.53197,15.80151,11.35011,10.09627,13.74911,10.88751,11.21298,13.68052,12.71084
mol61_neg,11.77241,8.2855,7.5324,8.75841,11.82451,10.28607,12.44514,11.48105,9.06498,10.16579,8.34284,10.47435,10.12944,8.23659,11.36523,7.98672,10.57982,9.95827,7.31007,8.21888,13.3074,10.35993,10.3564,9.39671,11.28927,11.95333,13.73338,10.18846,10.85755,8.49579,13.76579,10.97198,11.96455,13.38223,11.09663,9.87617,8.78985,12.57115,8.04208,9.2283,9.8544,9.64619,9.98748,9.34936,9.31182,8.53668,10.75507,7.37884,9.95246,11.36311,11.44859,10.66847,8.97351,11.9996,11.81349,11.23947,8.86101,8.22407,9.21204,9.15334,8.92122,9.85311,7.18597,9.97469,6.93134,8.85206,10.38757,9.55456,11.06252,7.04963,12.38052,12.01431,9.85485,8.97717,10.84913,11.55975,11.07853,12.24258,12.35405,11.39479,10.38425,10.34844,8.1618,10.01832,10.6977,9.85699,10.57057,10.86924,8.92013,9.78748,10.42716,10.77509,10.89102,7.04894,11.23511,9.33732,10.4576,11.9501,11.4665,10.00825,7.04748,11.90568,10.03086,10.07944,13.04125,9.76947,12.22109,12.28455,7.28817,10.18352,0.0,10.22911,7.56848,10.33426,11.2818,10.47653,12.0714,10.97794,12.29243,8.98656,9.50205,8.36304,9.12789,9.08778,10.36271,10.58506,5.91008,10.28985,10.43893,11.74436,10.16637,10.28816,8.09423,9.05548,10.55787,10.40378,8.18258,9.94669,11.02306,9.96302,9.36479,8.45524,10.59256,10.80806,7.76558,8.75283,8.99266,7.11134,11.74599,8.59567,10.0175,10.17731,9.75332,6.91594,13.73362,11.47074,13.04036,8.74376,10.31517,11.37803,9.41934,9.73308,13.74834,10.93703,7.83466,10.91943,7.17715,9.55299,10.8158,9.05324,11.3613,8.45468,10.43431
mol62_neg,12.51581,13.18666,10.44675,10.97528,11.88257,12.4822,9.70412,11.98877,11.68758,11.50763,9.40047,12.35977,11.05886,10.12064,10.40073,8.45445,12.08675,10.9622,10.37867,8.92494,13.67178,9.17465,10.378,8.77045,13.56443,14.41815,13.35178,11.35626,11.93023,12.24879,10.21116,8.49031,9.96728,12.56389,11.25137,10.12836,13.33361,11.26427,10.86828,11.5847,10.14302,12.59444,11.28445,9.69172,6.05029,9.73597,11.90358,9.86356,12.04432,11.44259,11.65166,10.11842,9.41682,13.16402,14.06414,8.50902,12.62889,10.97629,12.38572,10.55991,11.8639,9.20498,10.75434,9.22077,9.17006,10.3109,11.07383,13.43588,11.14596,10.72339,11.188,13.96806,9.88166,9.13083,9.89183,12.72422,10.18812,13.14041,14.33908,12.19547,12.88799,11.06243,8.7108,9.97312,9.97931,11.19473,8.61177,9.57312,12.30705,9.6834,13.04322,12.02827,9.17655,10.38571,10.05264,11.26426,10.71797,11.73235,9.46276,7.65486,10.80528,10.40246,13.00126,7.37107,12.85095,12.89686,11.48774,13.18267,11.59463,10.48479,10.22911,0.0,6.67215,14.00462,10.74341,13.65046,13.27354,13.21481,7.82457,11.56723,13.42745,11.3582,9.47378,11.38177,12.98346,11.38668,9.82651,12.71887,9.53429,12.869,9.55281,12.57356,10.16258,11.86135,11.74878,12.29348,10.30148,12.50696,13.37002,10.231,13.49693,9.19554,13.34437,10.29423,9.69257,10.86434,11.6802,10.50177,13.34715,10.77662,9.53526,11.96338,11.27123,13.47192,10.46357,10.48152,12.89281,12.46934,11.97586,10.91438,7.5759,12.3629,14.97705,9.25955,11.58505,11.84705,10.03734,12.96855,13.14985,10.16961,9.68674,11.39508,12.06165
mol63_neg,11.96247,12.2714,9.7875,10.94283,11.55859,12.69634,8.91303,12.59017,11.5425,11.48291,8.27788,11.16349,11.40008,9.95586,10.40008,8.57421,12.11194,9.29726,9.52624,9.36316,12.26861,9.13059,10.99781,9.02572,13.32149,13.11147,12.67679,10.58001,12.58951,11.92491,12.08059,9.09206,10.3477,12.38951,11.73436,11.71484,12.09182,12.58394,9.49305,9.81409,10.63944,11.15585,12.20578,10.41866,8.76747,8.09206,10.67922,9.22001,11.84009,10.99632,10.87176,10.44321,9.46237,12.38028,11.96306,8.31444,10.41332,9.68716,11.15292,10.65461,11.51621,8.57195,10.75418,9.77219,8.17922,11.82159,10.50738,11.04454,9.94198,10.21559,12.15697,13.24029,9.37291,9.58027,10.11368,12.93928,10.12584,10.95742,14.12248,10.69712,13.21247,12.18026,9.22586,9.40896,10.63161,9.39392,8.694,10.24432,12.28476,9.58457,12.87395,10.49082,9.18707,10.00015,9.60055,11.30715,11.43851,10.92567,10.22161,8.08271,9.70547,8.24775,12.14424,7.66734,11.55598,12.48555,10.82317,13.47552,11.63045,10.19967,7.56848,6.67215,0.0,13.78761,11.44021,12.87345,13.47695,13.68337,10.29359,12.72824,11.84596,10.04155,9.80668,10.13862,11.82537,10.84607,7.81417,11.98742,8.96046,12.29614,11.5635,10.46162,8.45309,8.922,11.72066,12.4725,8.85759,12.88602,10.77463,8.52952,12.21243,9.2867,12.37671,10.37846,10.27431,11.20945,9.45886,10.03828,12.35467,10.73852,9.78783,12.12677,10.62531,11.63174,10.07174,9.29664,11.75119,10.9746,11.06089,10.88455,6.86097,11.49308,13.72365,10.59583,10.68486,10.746,9.86253,11.43336,12.56375,9.27008,9.73385,10.64792,12.1542
mol64_neg,12.37249,10.81624,11.9578,10.15904,12.68084,10.66538,15.12043,12.15542,10.82853,11.79651,10.28103,10.99724,12.30053,11.86678,14.39734,12.40517,11.02458,13.28866,10.29326,11.8351,11.49545,12.1331,13.47687,13.64463,12.02037,10.29282,13.78717,12.28225,12.62523,10.59276,12.74083,14.85736,12.80463,13.79552,11.29071,12.75875,12.77151,12.71767,11.41305,15.30026,11.61283,12.91918,11.77128,13.80787,14.31864,12.24933,14.59427,8.94353,13.34554,11.40149,12.40239,10.84077,10.07663,10.85932,12.97231,12.97044,10.97595,12.11683,11.74299,11.10318,11.58993,13.14546,10.90366,13.45345,11.00115,10.98334,10.85439,12.24002,15.38984,12.34715,11.27214,11.00226,11.34046,13.11672,11.77989,14.28271,13.03402,13.51845,13.70177,12.84478,11.41394,10.78958,12.35648,12.13024,10.63504,11.01398,14.25043,10.59315,11.11187,11.41442,10.13253,10.36867,12.75364,11.84835,12.87563,11.24917,11.56095,12.85562,13.08688,13.61093,11.39876,13.18532,11.80764,14.6386,14.41817,9.79928,13.38774,13.03721,9.78468,12.30749,10.33426,14.00462,13.78761,0.0,11.55363,12.02512,13.45341,11.89297,15.47394,12.51799,11.88682,8.95563,11.68611,11.19475,11.17774,11.06408,11.40392,11.67699,13.97974,10.10719,11.44041,12.41068,12.26621,12.76862,11.24572,12.67316,12.36641,11.02329,15.07853,12.18603,11.97893,9.96547,12.98482,12.85457,11.48915,10.62676,11.97919,11.92241,14.82514,9.98136,12.4187,10.83484,11.61865,8.73512,12.81366,12.14513,12.07431,11.24779,8.90153,13.64186,13.37184,10.72601,12.98194,13.64231,9.51546,13.84853,11.17408,11.97154,11.81509,12.11059,12.7287,12.42439,12.8248
mol65_neg,11.22173,9.74498,14.02351,14.78065,10.44673,16.28725,17.37041,14.11005,15.20371,12.4545,14.8211,12.95066,9.48987,13.21182,11.05844,14.35008,10.42526,9.88647,10.00832,13.84152,13.7318,18.27454,10.28278,16.00965,9.85795,14.32127,13.60343,12.66748,13.69719,9.48647,13.35224,14.14107,12.97969,13.37718,10.65829,12.62102,19.06138,11.49947,13.37245,15.31217,15.54839,13.69333,14.616,12.08485,12.69963,16.3944,13.47669,13.94141,9.99501,18.23153,9.43728,10.93503,12.37282,8.11695,14.53023,11.43395,10.6584,10.85718,11.26084,15.65172,13.69185,16.15723,16.65675,11.41006,12.30492,15.94888,13.77408,12.1146,21.05378,12.72712,13.60366,12.39827,12.80931,14.17249,11.82891,16.41372,13.47267,11.51872,16.15819,10.11908,17.17358,13.43992,12.47375,14.62709,9.79573,10.25917,10.21552,10.42484,10.0223,16.2083,12.02271,11.3604,12.87015,9.3875,9.32666,18.53157,17.57364,11.52399,13.84875,13.40691,16.62118,11.81484,10.93824,11.16919,12.22898,14.0576,9.50131,16.60003,12.05825,14.24087,11.2818,10.74341,11.44021,11.55363,0.0,7.55248,13.43075,10.85682,12.35996,16.66102,9.75341,10.45817,13.36517,8.48086,10.82995,8.8094,12.33915,10.01155,9.52207,12.35631,15.51733,12.35595,13.82011,12.59195,13.44977,9.41441,13.23493,14.84802,9.9881,12.44211,10.48701,14.66863,11.33699,9.18611,15.02882,11.04332,9.3682,10.24542,13.80929,11.80951,12.19968,9.64387,10.83515,9.58229,14.16808,12.1612,13.5273,11.56572,13.27664,10.25568,11.15404,10.62579,11.07788,11.25531,10.11875,11.54779,10.05838,12.72414,12.32869,11.2331,10.26607,10.67669,11.92031
mol66_neg,11.65434,7.24453,10.22842,12.2219,12.83844,13.70447,14.95761,9.3228,9.43669,6.89529,11.40079,9.53787,8.94328,11.56012,11.41903,10.21539,7.21629,8.56232,11.36704,12.98575,13.18765,12.50016,14.09768,12.71352,12.40449,11.18531,14.941,10.15246,8.48749,10.42643,15.60109,13.34249,11.4605,13.82783,11.9084,10.98414,9.3027,12.62327,11.47774,14.63455,10.34363,7.76122,10.90228,12.18899,14.16001,12.82889,9.51438,11.88125,9.85875,12.70823,10.92708,11.51496,10.67293,7.81667,8.30604,12.67933,10.64921,12.75412,6.29321,11.79614,8.3081,10.95643,10.60019,10.5751,12.46442,9.94265,9.71089,8.13546,11.79365,11.53604,10.9942,11.7418,8.02699,10.37354,10.80096,9.92266,9.03637,12.42087,7.2592,9.92084,10.6778,11.4349,10.24212,8.53954,12.40643,8.91709,9.93168,11.93501,7.40993,12.45927,11.35883,11.26488,9.48802,9.48455,10.2804,9.29601,11.35223,13.2326,10.02535,10.08614,10.86325,13.62389,9.28072,13.27469,9.92252,11.42256,10.41894,9.11655,7.81763,15.90065,10.47653,13.65046,12.87345,12.02512,7.55248,0.0,8.40153,10.75171,14.3103,8.24336,10.06741,11.15752,12.45522,7.51992,11.2549,11.85991,11.25008,13.86506,11.43025,12.42865,11.18148,8.0798,9.45044,11.42582,13.45253,11.53937,9.64946,11.03212,11.01361,13.36006,8.24073,11.10267,8.0051,9.88676,9.13263,9.66044,8.10675,8.67128,16.19976,10.09331,13.47798,9.7115,11.50707,9.87489,13.51209,11.14899,14.44681,9.48179,10.58421,13.02957,13.10458,8.74724,9.77445,13.51148,9.42619,8.29487,11.50827,11.23835,9.50075,11.93923,12.61428,9.99118,9.94553
mol67_neg,13.34501,9.88576,15.38007,15.26076,12.38132,16.32355,17.58752,13.38378,13.29421,13.58784,17.53362,15.60676,11.9096,15.97078,12.13628,17.04987,8.70904,13.99805,12.33615,14.66236,16.1781,18.10553,13.56738,18.56392,11.6306,13.81487,13.06987,12.12856,12.78874,10.50994,15.84747,18.55324,18.73347,14.10809,14.03176,13.8796,12.77053,14.20277,14.2411,18.43685,17.04438,12.93026,15.47064,13.84649,16.75761,18.96945,13.33764,14.35083,9.79295,16.61386,11.39894,11.5862,14.02429,10.82202,10.91284,16.29797,12.20448,12.52592,10.37642,15.66501,13.88073,15.49082,13.77563,13.38096,14.74208,13.15238,14.13044,13.2271,17.49753,13.9418,14.64347,13.13054,13.21228,17.88064,13.35376,10.7373,13.68513,12.95561,11.29578,14.97474,14.1649,17.52625,15.10327,16.35867,11.63396,13.24727,15.01885,12.82248,9.9463,16.02393,12.14127,12.21872,17.54018,9.87639,12.59869,16.39607,14.70255,12.57654,16.10448,18.78887,16.22363,16.0769,11.07692,13.26193,11.9168,15.43275,12.05041,12.99532,10.83515,15.95611,12.0714,13.27354,13.47695,13.45341,13.43075,8.40153,0.0,12.13797,15.70947,10.23134,7.21496,11.84388,14.15204,12.15596,11.04321,12.94832,13.42193,12.31173,10.37159,12.16523,15.38667,12.99292,13.22483,14.60283,12.46067,10.01566,12.98588,13.50187,12.25678,15.29231,10.71509,15.62708,10.54946,11.03879,13.34319,10.73154,10.46725,9.99057,12.66689,13.46501,13.03796,9.4396,12.29718,10.85917,17.3362,16.02281,14.07962,12.10956,12.56157,16.77208,14.35677,11.14242,13.08821,14.78442,10.07189,10.65803,10.62662,12.26638,14.45508,10.77405,13.13842,11.60855,11.7304
mol68_neg,12.93883,8.62295,11.9047,10.36308,13.39876,14.63476,18.46417,10.59229,11.32381,11.14016,14.85932,16.92527,12.43058,15.85642,12.80699,13.94065,11.5479,13.87746,13.38454,15.86152,16.28982,15.24728,13.61291,15.88629,11.52711,13.29467,13.02862,11.68359,13.21453,10.90058,16.96224,16.78877,14.24797,15.97763,15.0581,14.7161,11.19141,14.19642,14.21923,18.89508,12.73759,13.20267,13.202,14.00504,16.48243,14.38214,14.36709,14.55768,13.14941,15.70358,10.83732,12.06535,12.76631,12.87791,12.28971,13.96706,11.39079,12.60294,12.93035,13.59718,12.0118,14.08555,14.20978,15.34111,13.40872,13.45759,13.17388,14.18696,16.17445,14.29246,12.98546,13.5224,13.03704,15.69089,14.49436,15.42701,12.56198,13.25601,13.13494,13.84589,14.33002,13.79843,14.39148,12.01528,11.04388,12.17539,14.70204,12.62468,9.08128,13.28297,12.40864,12.40842,13.79268,10.15896,13.61068,10.08438,12.84823,13.04978,12.92236,15.43457,12.71886,15.23597,11.44653,15.09188,11.81702,12.53314,12.35139,16.06332,9.19776,13.37969,10.97794,13.21481,13.68337,11.89297,10.85682,10.75171,12.13797,0.0,15.31474,12.46404,9.65359,10.51982,14.43442,12.03832,10.69698,12.34419,12.53072,10.06627,12.55275,13.04728,13.93505,13.90192,13.04736,16.30105,11.23661,10.56068,13.43857,12.45581,11.74097,13.68698,12.39931,13.38704,11.12041,11.47681,13.07418,10.73314,12.08655,11.27552,15.28323,11.10495,12.24827,11.19761,12.03362,10.87581,14.49719,13.71839,13.04774,9.32006,12.33088,13.37426,14.12388,12.26996,13.52994,13.68908,9.30251,12.6637,9.89572,14.98301,12.93446,12.85063,13.10243,11.9305,13.43053
mol69_neg,12.44316,13.94387,13.02434,14.28121,14.5346,14.22079,12.212,14.91146,14.27119,13.27679,12.88833,14.32452,12.796,10.70719,14.25331,10.0053,14.87533,12.57824,12.18532,11.28016,15.04977,9.86014,11.11901,10.94421,16.52833,14.10976,14.46519,14.43565,14.00002,14.85134,11.21604,9.50623,14.01009,15.43378,15.02163,12.42143,13.81489,14.65263,12.68566,15.82835,11.00999,13.1468,14.91567,9.68718,10.75698,11.20029,12.75196,11.45674,15.38797,15.84345,10.80393,9.56252,10.84108,14.83238,14.8302,11.60078,14.84783,14.2356,11.64202,12.12844,13.53866,11.30364,15.2198,11.18025,12.11248,14.04656,14.29348,13.70084,8.40968,13.75928,14.37903,14.32508,11.93744,9.97105,12.81778,16.04489,13.84762,15.67256,13.78155,13.29525,14.67069,15.0965,11.74847,13.27735,13.79759,12.5023,10.32534,9.88185,12.80288,14.82617,14.58233,11.78376,13.39275,11.22436,13.00141,12.3749,14.60702,12.96502,12.23271,10.07035,13.76861,13.81742,15.26541,10.81604,16.11267,15.4187,14.65356,13.53828,13.90499,11.63899,12.29243,7.82457,10.29359,15.47394,12.35996,14.3103,15.70947,15.31474,0.0,14.7835,13.20946,12.9404,13.21988,13.11272,13.02633,13.81169,13.00416,13.46301,13.41447,14.03037,10.8359,12.73645,12.64864,14.75355,13.86385,13.23432,8.4497,15.74471,11.71051,11.56129,13.37031,11.80387,14.06748,11.4957,13.28393,13.51816,13.91894,11.79763,15.47007,12.60282,13.46277,13.68226,12.13548,13.36455,12.74473,13.85009,13.40934,12.90036,13.99822,14.49426,10.76684,13.01777,13.60942,12.7212,12.64222,12.54166,11.69823,13.43482,15.43533,13.32834,8.41348,12.29708,10.47202
mol6_neg,11.55597,9.56595,13.16924,18.48366,12.40518,15.63363,16.26462,15.42963,19.95405,15.74514,21.87856,14.7794,12.65857,14.5011,10.91609,16.01287,10.18762,12.18848,11.34667,13.07984,15.68892,15.09185,11.99361,17.05908,11.00263,12.79405,13.6435,18.92081,15.88202,10.78238,15.35319,16.42643,18.47709,13.60417,12.59969,11.83013,15.96875,13.24532,13.27973,16.48698,14.17143,12.25353,14.03594,12.411,15.11546,15.67445,13.52909,12.3921,8.39158,25.56543,10.68192,11.80382,11.59828,10.08404,12.80653,14.77752,11.26164,11.75499,8.60473,12.27162,14.21444,15.55708,18.13699,13.02335,12.72463,20.11849,18.35173,12.03032,17.13222,13.18292,19.53473,10.94227,21.60097,17.78057,10.7472,12.35047,18.90623,11.37008,11.96995,12.6091,17.1147,14.53843,12.95896,17.93797,9.82296,12.28619,13.27399,10.99563,9.24169,17.11716,11.52847,9.84369,14.83736,9.36248,12.25643,17.1325,20.9653,11.23175,19.05558,16.63323,14.49581,14.40452,9.01302,12.46236,13.8758,13.40352,9.37915,9.81153,6.88804,13.57385,8.98656,11.56723,12.72824,12.51799,16.66102,8.24336,10.23134,12.46404,14.7835,0.0,7.9216,9.72618,13.22806,11.46694,10.71383,10.43189,11.74932,10.51131,11.22973,10.30347,11.91658,11.40523,16.19283,13.47472,11.85923,9.29636,11.21934,15.03658,11.60331,15.13426,10.14255,13.33038,10.13072,10.67007,14.01212,9.20455,11.30932,10.22768,13.03591,11.60027,12.32553,7.60749,11.7474,10.29021,17.14958,14.67751,13.82996,11.00399,12.39992,14.72339,14.25834,10.37335,13.7832,13.59633,10.07042,13.85234,9.94063,12.1938,15.71558,11.2008,12.0726,11.81132,9.26841
mol70_neg,10.66224,9.61973,8.70994,10.37458,9.65678,12.32565,12.52128,9.03968,9.93562,9.40413,10.77001,13.97268,8.65167,12.14942,11.59131,11.36147,7.6883,11.59901,8.33107,11.86867,13.45933,11.95414,10.85353,10.31161,8.53491,11.24646,9.39988,8.66975,8.78751,8.63897,10.55409,13.25996,9.79833,10.88089,9.08028,9.34171,8.95413,8.59864,7.87391,14.69526,10.65478,9.85069,9.35527,11.10168,12.33137,10.51636,10.07416,7.76695,8.11512,12.0928,8.8946,10.37207,12.57752,9.65126,9.55343,12.28674,11.47694,12.79228,10.06449,9.37043,9.11713,12.33289,10.76249,11.57694,11.871,9.90884,10.8724,11.93376,11.69548,10.27089,9.35484,10.98918,9.83361,11.34718,8.55166,10.27519,9.47465,12.56371,7.67455,11.17551,10.6526,10.15852,10.53373,10.81828,8.76667,9.44115,11.77667,10.46352,7.8374,11.08528,8.65694,10.22624,11.59077,9.08471,10.18004,10.33705,8.94556,9.64413,9.79335,12.39976,10.56849,12.24648,9.81988,13.46994,11.67601,10.53199,10.66521,10.92402,7.33068,10.98458,9.50205,13.42745,11.84596,11.88682,9.75341,10.06741,7.21496,9.65359,13.20946,7.9216,0.0,8.92593,11.46604,8.08803,7.06897,10.79628,10.62146,11.39173,9.89122,10.47996,11.94664,9.63638,10.11907,12.00171,8.15969,10.11059,12.52479,10.11657,11.52483,10.91495,11.18545,12.02253,11.02926,11.33401,9.92454,7.84939,10.64851,10.34414,10.46213,10.02052,10.89842,7.34508,10.40892,8.76943,12.76076,12.10702,11.38898,10.64852,10.75844,12.6684,12.41997,8.72482,12.19038,11.45291,11.07219,9.6491,8.75935,9.90555,9.61465,11.17493,10.59724,9.97981,11.80766
mol71_neg,9.8883,8.23209,10.07272,10.90353,10.2708,9.48029,11.81482,11.19488,8.75374,10.08243,10.06308,13.05046,9.11938,10.68232,13.73617,11.4718,10.95765,11.4192,6.93812,8.49131,11.83849,9.31889,9.10626,8.67173,9.33213,10.68382,9.02235,12.07635,10.9674,9.17786,7.69303,13.05732,11.81027,11.15945,10.11915,9.88247,10.77972,10.71531,7.1332,13.86888,8.57649,10.07341,12.88182,11.99463,10.51584,9.98633,13.60283,7.17914,10.61742,13.03027,9.25787,8.93584,7.31608,11.65673,12.02839,12.44069,9.92494,11.26339,11.59061,10.24484,9.99908,11.96157,10.03666,11.94821,7.97479,10.32928,11.67183,10.20378,13.07077,9.09944,11.64456,11.0984,9.8971,11.45829,9.88702,12.73769,11.50115,12.54667,12.295,10.92406,10.69504,12.33251,10.38685,9.8193,8.21677,9.91307,11.15105,9.37621,8.45504,10.963,9.57967,8.79769,12.54826,8.4865,11.31466,8.37085,11.20757,8.74727,10.63319,11.46541,9.35167,10.95339,9.08521,11.56627,13.53725,10.35024,13.20681,13.10528,9.78574,9.418,8.36304,11.3582,10.04155,8.95563,10.45817,11.15752,11.84388,10.51982,12.9404,9.72618,8.92593,0.0,10.39226,10.48728,7.76666,9.25864,9.31601,12.05245,10.8007,7.33735,10.2985,11.44778,9.97779,11.6686,8.30803,11.56138,11.45806,9.82681,11.30401,10.61695,12.15492,10.33452,13.32531,10.97848,9.62248,8.14032,11.20664,10.49545,13.13635,9.26084,11.87214,8.46485,9.57218,8.21698,13.30485,12.08597,9.77535,7.88818,8.98202,12.9635,10.12537,8.38295,14.10322,12.86874,8.76462,9.75482,8.07629,11.347,10.49344,10.6757,10.47136,10.80229,11.8048
mol72_neg,12.88173,10.23014,11.27677,9.33121,9.23557,12.46836,16.80628,12.31913,10.78499,12.67013,10.97249,13.29738,10.54015,12.57236,12.92888,10.44349,13.41341,10.48694,8.64792,10.67313,14.33814,15.66462,9.18106,11.2822,10.43872,15.70811,14.43085,13.53009,13.06129,11.49711,13.39809,13.52684,9.01653,10.92287,13.22025,10.64476,15.13404,12.28413,9.8311,15.76573,11.09758,13.27836,13.69202,10.6017,9.73603,10.13445,13.09748,12.03985,10.08457,11.8119,11.97955,9.60174,12.09575,13.7379,14.91315,13.17188,9.48713,8.90161,14.65504,12.58134,11.59064,11.59681,10.92761,9.68641,8.5423,11.91787,11.93549,13.78009,13.93749,9.87799,12.79228,12.68763,9.26591,9.01212,8.50658,13.5313,11.93878,12.84282,14.98087,11.49476,14.26496,13.76931,6.25227,11.30106,9.69589,11.47021,11.16447,8.58836,11.00206,10.56141,12.17089,11.7404,10.66901,9.66001,10.89047,11.18633,9.74076,10.61814,10.33333,9.35494,12.35932,13.34552,11.718,10.69464,13.93523,12.59364,11.36323,15.33952,12.54121,13.80838,9.12789,9.47378,9.80668,11.68611,13.36517,12.45522,14.15204,14.43442,13.21988,13.22806,11.46604,10.39226,0.0,9.71369,11.55335,10.83563,8.71435,10.94374,10.2033,12.94083,15.50958,12.52808,9.76536,11.83585,9.94418,10.64081,13.62274,13.16505,12.20365,10.67789,10.95847,11.27213,11.85744,9.69821,6.75379,10.12626,10.22432,9.37932,12.50345,8.5429,8.18259,7.83196,10.28085,11.42324,15.45169,10.80926,11.89258,12.52854,10.39361,12.95227,10.88173,11.49028,13.92217,9.87871,9.53254,10.68669,7.87109,12.11432,14.22877,9.17696,11.23453,7.93683,13.57897
mol73_neg,11.48478,9.05238,8.52746,10.94623,9.92164,14.47974,15.84176,12.8388,10.11134,9.62949,12.33788,9.76041,10.85222,12.54467,12.9109,10.76635,8.15889,11.28034,9.41489,10.80588,12.34885,16.16136,11.03726,12.3023,7.78596,12.16181,11.71141,11.66341,10.24913,8.94393,15.27422,12.3517,11.14711,12.47827,9.82088,12.34931,14.47446,13.84931,11.04197,15.11359,13.63056,8.71255,13.50454,10.16962,12.73766,13.93334,10.28036,10.99536,11.97637,12.4792,9.71326,9.22585,11.95333,8.64248,12.23661,12.44136,8.77651,10.09649,10.24862,15.23121,10.86003,9.66136,11.26964,10.98957,10.34571,9.55877,10.34939,10.32951,12.7076,10.06384,12.46707,12.21734,10.1017,10.95891,12.09912,13.9549,11.97603,11.78092,10.21446,10.80717,13.26366,15.60951,10.48537,12.57733,8.77811,9.46357,12.78268,10.62029,7.9874,12.15233,10.89482,12.67273,14.30614,8.46863,8.93939,13.01726,12.93822,12.09656,9.83082,12.86567,12.43056,12.27591,12.13948,13.52414,14.45083,13.30779,12.14114,14.08164,9.10794,13.80237,9.08778,11.38177,10.13862,11.19475,8.48086,7.51992,12.15596,12.03832,13.11272,11.46694,8.08803,10.48728,9.71369,0.0,7.32198,11.20808,10.2634,10.78907,9.3268,11.19267,14.91678,5.35579,7.77887,8.86104,11.86341,10.20746,9.92232,11.96304,9.99377,10.23744,8.74539,10.48136,8.68685,8.64738,11.9971,9.10956,5.40584,6.16781,12.78711,7.17235,10.53337,9.66963,9.81712,10.11836,14.19486,9.5322,11.70651,11.3557,10.58002,14.33186,10.22582,7.44059,8.59542,10.8161,7.83948,11.354,9.40511,11.963,10.62347,8.79903,11.06452,5.66188,9.33001
mol74_neg,7.21144,10.48218,8.21853,10.76052,9.73378,11.55777,11.93947,11.03451,9.15115,9.21116,10.7186,12.24833,9.187,11.86746,13.44761,10.30003,9.93995,11.00312,8.99506,11.45653,12.80039,10.0214,10.05593,9.34011,8.07464,11.38676,7.58307,10.08719,8.94542,8.14773,10.97092,11.1654,12.72795,10.17276,8.83139,8.72935,10.59819,9.72886,7.3139,13.39622,9.55922,9.54659,11.84303,10.7349,11.88767,10.17085,7.94592,8.1992,10.6893,11.5832,7.19377,8.81575,11.47143,11.65549,9.97835,11.41496,10.35691,11.66459,11.77926,9.51482,10.44026,10.30298,10.53317,11.98569,11.09171,10.1586,9.92267,10.74092,10.60683,8.76423,9.4144,9.35689,9.79927,10.31859,8.31055,10.56824,9.54945,11.48569,9.72676,9.16286,10.46946,11.7961,10.14697,10.91279,6.67283,8.04399,11.70751,8.89399,9.14412,10.95256,8.95913,9.28288,12.4128,8.57415,8.88635,8.5542,11.71935,9.21901,9.55895,11.00483,9.43265,10.37837,9.67888,12.45445,13.44975,11.68615,11.83804,14.0141,9.91315,9.43546,10.36271,12.98346,11.82537,11.17774,10.82995,11.2549,11.04321,10.69698,13.02633,10.71383,7.06897,7.76666,11.55335,7.32198,0.0,10.28,10.53776,11.08283,9.90829,7.46817,12.89778,7.51332,8.89881,9.83031,7.64286,10.12446,11.67803,9.96386,9.12108,9.61925,12.40574,11.14168,10.24333,8.52776,10.23682,9.24535,9.08653,10.32202,10.57159,10.46274,11.0577,8.9715,8.1768,7.79026,12.02609,11.4372,10.85417,9.54034,11.5431,13.10268,11.47752,10.02457,11.23653,10.33487,7.92451,10.02805,7.81278,11.35022,11.22902,11.72041,9.35297,9.58593,12.43063
mol75_neg,11.4262,10.71958,10.42314,9.65435,9.64152,10.65702,15.49302,11.72915,9.36627,7.91161,10.02729,12.56484,8.42693,9.81083,10.87951,9.37743,10.42173,7.3705,9.54034,11.39213,8.88849,12.33137,9.27137,11.70434,10.61922,12.44414,12.32329,8.53624,11.45937,9.52068,12.46212,12.20764,9.948,10.79833,8.70131,6.47135,11.14489,8.05451,10.70837,12.14913,9.71349,11.21,10.69264,11.22054,11.05269,10.6741,12.99234,10.61284,10.04824,11.29358,10.16149,9.87579,11.61581,11.05245,9.95994,9.90029,9.693,9.91611,11.91847,10.86441,10.51378,8.01818,9.38657,8.37855,10.81907,10.4824,10.83722,12.41874,12.17922,11.35639,10.54121,10.54813,8.34588,9.39677,7.82633,11.26675,8.60088,9.10786,12.48518,9.74136,11.22221,9.86563,9.42133,6.85577,8.01243,8.02308,10.55968,8.05378,10.20204,10.67744,10.10568,11.37717,10.67189,10.23942,9.10111,8.32071,10.37773,9.51696,7.87292,9.76713,9.66126,7.28696,9.86544,12.9956,11.93415,11.86272,9.60243,14.01853,10.24118,12.01351,10.58506,11.38668,10.84607,11.06408,8.8094,11.85991,12.94832,12.34419,13.81169,10.43189,10.79628,9.25864,10.83563,11.20808,10.28,0.0,10.03553,10.50682,11.24905,10.25364,12.59134,11.12383,8.09489,10.68902,9.74452,10.26148,11.55906,11.24873,9.75028,13.15933,11.81317,9.71006,11.31587,10.13725,7.73697,9.39676,10.72284,11.61998,12.05726,9.27742,11.00166,5.63582,9.61333,9.77256,11.75627,9.44476,10.76515,9.69036,9.53448,10.01398,11.10297,10.18959,12.06622,10.8179,8.20479,10.87267,7.93286,11.82783,10.60765,11.80521,10.82175,10.51686,13.01766
mol76_neg,10.28675,9.34862,7.44204,9.40827,11.59424,12.97621,15.10671,13.76316,11.11775,9.61,10.26555,10.36459,11.03502,11.06045,11.05748,9.68477,12.84792,9.22041,9.00307,10.05568,15.48836,12.21345,9.87757,10.99718,9.18175,13.27717,13.65375,12.50662,13.21393,10.36631,15.65509,11.72644,10.57806,12.99543,12.05209,11.72286,12.65028,14.24797,9.48309,11.09583,11.05103,12.63181,13.9072,9.44229,10.21771,9.50202,11.52245,9.62845,8.73577,13.97224,11.52496,9.52438,10.11089,12.62895,13.50375,10.32146,9.78344,7.39314,10.63799,11.89038,12.53735,11.26012,9.16656,9.40795,6.0867,12.56509,11.7596,12.01917,13.65925,7.95001,12.26206,12.90232,9.67737,8.8592,9.99556,12.70632,11.35932,9.40882,14.53494,11.24189,13.76457,12.76421,7.8462,9.59959,10.45715,10.52762,8.1252,8.76208,9.54695,10.88503,9.50035,11.0858,10.24419,7.03466,10.83256,10.18203,11.08432,10.90109,11.35092,9.54289,9.65963,11.04011,12.88638,9.48994,13.30295,10.28989,10.11636,15.06105,9.53841,12.30656,5.91008,9.82651,7.81417,11.40392,12.33915,11.25008,13.42193,12.53072,13.00416,11.74932,10.62146,9.31601,8.71435,10.2634,10.53776,10.03553,0.0,11.33178,9.90587,11.78299,13.05088,11.33074,8.73038,10.81188,10.16064,9.53286,10.64288,11.28988,9.01877,10.57927,11.06845,10.10546,9.42118,10.15518,7.16459,10.34362,8.46999,7.82027,10.45398,8.95607,10.38176,7.96356,9.74334,10.23555,14.54908,10.36423,12.17204,9.6171,11.24964,11.77483,10.65278,11.07785,13.3907,12.72155,7.36389,9.07907,8.16382,12.67685,14.16388,8.18614,11.66492,8.46984,11.60772
mol77_neg,12.64782,10.92563,9.09817,9.58234,11.72333,13.25744,14.38693,10.13672,10.61738,10.55283,10.3981,13.14001,9.28378,13.0014,12.94114,10.40827,12.74893,11.45538,9.79206,12.98134,13.10633,15.43328,11.46879,12.55409,11.36705,15.21829,13.48008,9.83336,11.5447,11.74397,14.06305,11.73405,11.62055,13.75873,12.85296,10.22545,11.36549,11.69313,9.49946,13.74151,12.14331,11.0203,11.65403,12.7978,12.78568,11.79042,12.69278,12.25924,12.51265,12.46403,10.2831,11.63642,14.98851,12.65923,9.71755,8.3804,11.60399,10.87094,14.09329,12.10125,9.46545,8.82261,10.39191,12.30196,11.38624,10.56993,11.79394,12.12403,12.2735,10.46342,9.71649,10.33962,10.9726,11.6243,10.96206,10.12444,11.28685,11.58941,13.69567,12.11244,10.66233,11.36064,10.31164,10.30381,10.85766,10.34758,10.38658,11.62349,11.61869,10.81314,13.72662,12.55345,11.40433,9.10634,10.23595,11.30991,9.47386,13.09041,9.64812,11.77765,11.00206,11.99351,10.59571,13.03828,11.38985,9.09815,11.42724,13.9396,9.82204,13.94343,10.28985,12.71887,11.98742,11.67699,10.01155,13.86506,12.31173,10.06627,13.46301,10.51131,11.39173,12.05245,10.94374,10.78907,11.08283,10.50682,11.33178,0.0,11.83304,13.18766,15.3254,11.01286,9.01219,10.99826,10.80974,8.66043,14.26317,10.50107,11.91318,12.5743,11.69003,11.3239,10.94115,10.56853,10.14745,10.51063,12.19947,10.99546,13.12364,9.93158,10.51357,10.47474,12.31222,11.14763,8.34647,10.79115,13.88369,11.87676,12.76695,10.01067,13.08603,13.01052,14.1519,9.92683,10.38321,11.81595,9.45738,12.42561,11.89701,9.64703,11.13072,11.74987,15.19005
mol78_neg,11.10326,12.41329,9.13189,10.5641,9.20859,13.06261,9.38334,11.01175,8.68494,8.6538,9.02993,12.95345,9.4946,12.97467,11.41445,11.25985,10.3406,9.72983,8.61201,8.92366,13.71332,13.46177,10.59698,9.38707,11.01174,14.51946,12.76311,10.43838,8.18803,9.7767,11.04529,11.67642,9.73994,11.43179,9.92663,9.24819,11.35421,8.45731,8.17361,11.37995,11.19494,11.99114,10.45044,12.77338,9.30841,10.93421,10.04365,12.05905,10.92764,10.10445,11.63472,11.09317,13.28128,10.90543,11.06824,10.58719,10.43894,9.66276,12.43611,12.64317,11.42374,11.53335,10.1638,9.91365,9.767,9.33569,8.52882,13.26821,12.66699,9.53885,9.0305,11.45425,8.59257,11.3465,9.89333,11.23623,9.06351,11.50148,11.20861,11.1324,11.13132,10.06667,8.02641,9.19265,10.17944,8.08825,10.86262,10.35339,11.02741,8.8637,10.70666,11.15973,8.05218,8.50169,6.15201,8.87434,11.30622,11.74587,9.51577,9.36173,10.83562,10.43907,10.14846,11.0867,11.77026,11.85253,11.47183,13.45239,11.05705,12.94981,10.43893,9.53429,8.96046,13.97974,9.52207,11.43025,10.37159,12.55275,13.41447,11.22973,9.89122,10.8007,10.2033,9.3268,9.90829,11.24905,9.90587,11.83304,0.0,10.55287,13.941,9.86177,10.67816,10.63431,11.91099,10.87234,13.72117,10.03598,12.43553,10.49283,12.0335,11.5419,12.0737,11.14465,9.52038,10.4761,10.54814,11.61048,13.30828,11.7839,8.16036,8.72751,9.5409,11.90674,12.68575,10.11498,13.83778,10.50905,11.85787,10.90036,9.53529,11.13232,12.95837,9.77604,11.09327,10.36084,9.27307,10.4605,9.91478,9.46441,11.88976,10.37081,14.7563
mol79_neg,5.159,11.60575,11.13602,11.89237,11.53736,11.01395,12.5376,12.27568,11.42806,10.12518,11.776,12.75433,10.9787,12.89467,14.77525,13.24369,12.29733,11.96647,10.2168,11.03151,13.73889,10.91078,10.2081,11.1814,9.75207,11.38239,8.95482,11.39889,12.11114,9.80103,11.11508,14.36081,14.41407,10.98929,10.27342,9.27751,12.15904,10.59478,9.35458,13.90632,10.76713,11.86848,13.44337,14.67362,12.57763,10.50521,12.14153,8.51461,9.78405,13.61652,10.30134,10.46525,11.79778,14.54311,11.1103,12.76328,11.75023,12.66316,14.59094,10.89353,12.32866,13.64204,10.95033,12.72694,11.03885,11.34814,11.71513,12.83023,13.69196,10.27317,10.57707,11.74447,10.97283,13.39629,8.85333,10.04831,10.04575,12.51542,13.34227,11.58359,11.06792,12.6388,11.18493,10.94365,8.81024,9.48819,12.94334,9.48421,11.6652,12.30681,10.67299,8.83627,13.13359,11.11567,11.06794,9.63278,12.46522,9.1161,11.56775,11.524,10.76007,11.61897,10.59255,12.53867,13.2523,11.73837,12.73873,15.22757,11.84618,9.03225,11.74436,12.869,12.29614,10.10719,12.35631,12.42865,12.16523,13.04728,14.03037,10.30347,10.47996,7.33735,12.94083,11.19267,7.46817,10.25364,11.78299,13.18766,10.55287,0.0,12.44527,10.72309,10.50774,11.9441,9.0497,10.41474,13.71543,12.37732,10.4905,10.56653,13.81471,13.05369,12.26907,11.24292,10.70216,10.8332,11.56503,12.63602,11.21515,11.90705,13.47882,7.79335,9.48367,8.24415,14.57206,13.80174,11.1876,8.8534,11.56773,15.92345,12.05671,11.68759,13.06016,14.11304,10.38401,11.75497,9.71335,10.94251,12.29325,11.45141,9.66496,12.43568,13.2892
mol7_neg,12.42299,9.99303,15.21914,16.09485,16.75301,12.45794,16.12787,16.42008,15.29122,14.30585,15.1015,13.28261,15.7991,10.68009,17.40113,12.19253,13.3265,15.43155,14.21385,8.97961,13.70191,8.18912,11.91413,12.90417,14.66197,10.98014,14.87942,16.62132,18.23495,12.55741,11.56307,14.24974,17.24667,15.80339,15.18612,14.81689,10.92264,15.21735,15.42972,14.98173,11.29596,12.69117,15.55463,11.28296,11.32317,12.94229,16.86765,9.08027,16.0211,19.34028,11.71767,10.22369,6.7933,11.60747,15.2154,15.92872,13.47324,13.40507,8.05953,10.5086,13.63427,14.5835,15.18629,12.77004,12.26914,16.37927,16.84844,11.91144,13.68922,15.65657,18.46614,14.78227,14.74256,14.59066,13.19059,18.56994,16.60132,15.09106,14.01096,15.25149,16.67963,16.40167,14.95694,16.09604,12.60902,14.10514,13.35311,8.90479,10.39195,17.99598,11.49434,11.91942,17.46609,13.51705,17.12778,12.61915,16.85408,12.3525,16.53914,12.79869,12.60895,13.5055,16.26181,11.50109,17.26177,15.42732,13.91595,9.17733,11.45847,11.45225,10.16637,9.55281,11.5635,11.44041,15.51733,11.18148,15.38667,13.93505,10.8359,11.91658,11.94664,10.2985,15.50958,14.91678,12.89778,12.59134,13.05088,15.3254,13.941,12.44527,0.0,14.60381,14.32988,15.65654,13.11281,12.87567,8.6848,16.86952,13.32893,14.29269,11.80097,10.72495,10.70875,13.00497,14.81855,13.26819,12.58315,11.10046,15.29682,13.62541,16.73502,11.34371,13.36813,10.81929,18.1874,17.81186,11.95333,8.48329,12.18016,18.50832,11.55315,10.95197,12.75815,17.6534,7.9448,16.2595,12.22838,13.60563,15.86046,13.57274,11.60883,12.82964,7.78255
mol80_neg,10.69653,10.05298,8.32843,15.43447,12.50418,16.14273,14.89508,15.28507,12.54251,11.2572,14.25985,9.79014,12.28568,10.84811,13.92982,10.9441,11.06324,11.63633,11.5755,12.5661,12.50913,15.60378,12.92892,13.42531,10.69581,12.54691,12.13182,13.91106,12.95708,11.27882,16.47446,10.08391,14.00253,14.58591,12.75024,13.3777,14.47242,15.34285,11.60601,14.91353,13.92394,9.31122,15.18323,10.69203,13.36041,14.68363,9.90556,13.0263,12.30971,13.93002,9.5675,10.82236,11.4623,11.05305,13.11319,11.88543,7.45575,11.60734,9.45327,14.22369,12.72429,8.01188,13.59368,12.86676,11.18391,13.59954,13.78407,10.15151,11.79964,11.14714,15.9026,10.85552,13.51262,12.04289,14.0364,16.89658,14.58862,12.42331,10.37218,11.41896,12.55853,17.67637,13.20824,13.80538,9.6927,11.55183,12.44654,10.861,10.28925,15.11984,11.99488,11.46817,16.78339,8.76345,9.87951,15.77499,14.94935,13.6544,10.17286,11.83665,12.55525,12.51129,12.23065,13.76848,15.07646,14.9484,11.59562,13.4288,11.24058,15.19843,10.28816,12.57356,10.46162,12.41068,12.35595,8.0798,12.99292,13.90192,12.73645,11.40523,9.63638,11.44778,12.52808,5.35579,7.51332,11.12383,11.33074,11.01286,9.86177,10.72309,14.60381,0.0,7.68808,9.84535,12.24448,11.85098,8.23806,14.25995,9.99917,9.81925,7.52518,10.20015,7.00207,9.18357,16.07311,11.91173,7.43116,8.01228,12.443,9.55175,12.09682,11.09828,12.15201,11.76263,11.85965,11.70631,12.74022,12.48178,12.10847,14.47347,11.71532,10.2722,8.53683,10.40933,9.28702,13.84207,10.51409,10.86435,13.93439,10.01745,10.5633,8.02729,10.68872
mol81_neg,10.88588,7.83361,10.75725,13.84034,9.74235,16.09917,16.57524,15.86236,14.05163,12.37244,17.26671,9.83849,10.9115,11.20305,10.30433,11.33964,11.27277,9.2605,10.96778,11.40373,11.09978,15.70643,11.33631,13.70963,9.93867,12.0617,12.30387,12.54266,15.58324,10.24568,14.01847,11.9666,15.47603,11.98563,10.76276,10.69984,19.68461,13.06813,10.84043,13.7555,13.04413,12.12644,14.16907,10.58683,12.10192,15.12361,12.813,11.00595,10.11379,15.84296,10.14633,10.21013,11.51847,11.38994,18.10926,12.30769,8.94068,9.31306,10.07942,13.80092,11.75631,12.11865,13.00271,10.32594,8.47244,15.34436,14.54604,11.29489,19.66114,10.91771,18.06119,12.62826,14.8252,15.15855,10.08911,16.1224,14.30924,12.02436,16.22457,10.24085,19.67828,14.24283,10.23046,13.77442,9.13465,10.08467,11.82842,9.41329,9.10899,13.01995,11.26268,10.5629,14.24434,8.81428,8.23728,15.37296,16.18885,10.84776,13.26952,11.13379,10.93658,11.90801,10.89645,10.96535,13.21505,16.3566,10.1286,14.49827,10.53808,13.23879,8.09423,10.16258,8.45309,12.26621,13.82011,9.45044,13.22483,13.04736,12.64864,16.19283,10.11907,9.97779,9.76536,7.77887,8.89881,8.09489,8.73038,9.01219,10.67816,10.50774,14.32988,7.68808,0.0,8.25457,8.44191,7.55244,9.26433,15.89615,9.80397,9.85403,9.21036,9.38309,8.19407,9.97206,13.30641,9.07843,7.40596,6.3239,12.0642,9.35487,8.93844,8.25967,11.09658,11.1592,14.57799,11.45491,10.34903,10.05113,11.12537,12.35344,11.26431,8.88024,9.92519,10.78992,7.43241,15.73706,8.51434,12.1023,13.7543,7.85018,10.61285,7.90533,10.54819
mol82_neg,12.53124,10.01341,10.08002,11.87601,12.65055,16.22197,15.84718,13.13763,10.88135,12.57123,10.53351,11.15731,12.42714,12.46874,13.98995,12.05231,12.48982,10.6859,11.37842,10.9366,11.5286,15.99985,12.73796,11.91033,10.43666,12.37581,13.84846,11.63429,12.48312,11.57872,17.49227,13.60774,12.00262,13.33813,12.85991,14.22742,12.81974,15.60124,11.05213,14.85252,12.61807,11.21982,13.40888,12.02748,12.2689,12.96997,11.02196,14.21341,12.46309,11.01088,11.77214,11.0855,12.29611,13.04438,13.61006,11.86737,9.65969,11.48679,11.88616,14.34848,9.8056,11.06748,8.72568,12.77883,10.02158,11.10101,10.86185,11.07139,14.88832,10.01016,11.53111,14.20371,9.99669,11.30494,14.05973,10.06257,12.72994,9.3405,13.08485,9.96987,14.33354,13.25525,11.00817,10.09779,10.67288,11.1942,11.67394,11.7223,10.55868,11.78457,10.19549,14.91949,11.99946,11.03589,11.02332,11.43404,10.86409,11.89415,12.38172,11.31914,11.76414,10.63786,13.71592,12.28008,13.22947,13.84999,11.74463,14.49249,10.9489,14.21389,9.05548,11.86135,8.922,12.76862,12.59195,11.42582,14.60283,16.30105,14.75355,13.47472,12.00171,11.6686,11.83585,8.86104,9.83031,10.68902,10.81188,10.99826,10.63431,11.9441,15.65654,9.84535,8.25457,0.0,12.19969,11.25553,11.39281,12.34468,10.30109,12.37502,10.09631,9.99531,10.44686,11.02377,10.583,11.61488,7.11515,7.18804,11.65678,10.56522,12.04592,10.70903,13.11458,11.39064,15.22417,11.31461,11.78359,11.58885,13.12943,12.75701,10.00389,11.88325,11.4542,13.03237,9.52506,12.54471,10.04826,11.50563,12.65181,9.4926,13.31627,8.15266,11.45002
mol83_neg,10.5769,9.09495,11.9515,10.16513,10.51018,12.25806,15.29178,10.78286,10.23132,10.33048,11.70729,12.78368,10.33493,12.80491,13.90348,12.37576,11.97971,11.93006,9.86373,12.77217,12.68855,11.68311,10.02654,10.17058,9.00844,12.92289,9.58234,11.20951,12.56643,9.99618,10.43846,13.90384,11.55516,11.05125,10.28586,9.26165,11.84841,10.10561,9.49316,15.88842,8.47054,10.645,11.52392,13.605,11.88979,10.40573,14.91963,7.69653,10.91623,12.59417,10.33941,9.34728,10.59385,13.6821,13.96578,13.24152,10.44417,12.08566,14.54209,9.26759,10.11414,12.42254,9.97058,12.24955,10.2192,10.0575,12.09633,13.2246,14.48268,11.11664,11.09772,11.95922,10.51104,13.37841,7.83672,11.58551,10.3189,13.1387,13.9879,11.82413,12.94035,12.49317,9.88598,11.11883,7.29156,8.7779,11.71491,7.82446,10.11406,11.71306,10.28257,9.06862,12.89573,9.37301,11.04567,8.48892,9.52319,8.21262,9.59195,12.2649,9.98831,12.51218,10.90777,12.86142,14.1616,12.36855,11.48389,13.93562,10.30464,11.05219,10.55787,11.74878,11.72066,11.24572,13.44977,13.45253,12.46067,11.23661,13.86385,11.85923,8.15969,8.30803,9.94418,11.86341,7.64286,9.74452,10.16064,10.80974,11.91099,9.0497,13.11281,12.24448,8.44191,12.19969,0.0,8.86253,13.87887,12.28756,10.63502,11.37035,12.87587,11.58234,11.41427,11.15831,9.68581,9.53713,11.3901,10.67301,11.73581,10.82178,10.57853,8.336,9.62207,9.74962,15.04389,12.46823,8.74611,10.37289,9.18468,13.40531,12.24581,10.22269,14.19574,12.11299,8.99926,12.14627,6.94586,11.87305,12.96914,10.23109,10.09667,12.58894,14.1443
mol84_neg,11.35997,9.48933,8.74891,9.49031,9.73741,10.89156,13.27041,10.50411,9.45128,8.40697,9.86614,10.87072,9.19093,11.78887,12.30921,11.20308,10.59502,9.93864,9.57628,11.53635,13.14497,14.34285,10.2261,12.43349,11.20795,12.87786,12.57443,8.56622,11.279,10.6288,13.8875,13.84336,10.33075,11.74369,7.9813,8.8447,10.07403,10.43862,10.12095,12.10888,10.9548,11.0056,10.77435,11.51611,12.18488,10.22988,12.42621,10.34253,10.07647,11.73118,11.61694,10.86313,13.79946,11.75953,11.22182,11.65816,10.98074,10.79546,11.40729,10.94165,10.42064,9.88416,8.63974,10.48854,11.35247,10.55902,10.63312,13.27741,12.8299,9.63064,10.18662,11.20881,9.58825,11.02972,9.0979,11.1218,8.87648,11.56818,12.72254,10.59547,9.99259,11.02716,10.19733,10.23338,10.24576,8.55512,11.56716,9.9969,10.14758,9.82677,10.4495,10.8341,10.88529,7.63396,9.12943,9.58817,10.45308,10.56455,10.66481,11.7826,11.08444,12.62217,8.90465,13.53769,11.52741,8.54634,10.61974,13.78307,9.06703,13.14688,10.40378,12.29348,12.4725,12.67316,9.41441,11.53937,10.01566,10.56068,13.23432,9.29636,10.11059,11.56138,10.64081,10.20746,10.12446,10.26148,9.53286,8.66043,10.87234,10.41474,12.87567,11.85098,7.55244,11.25553,8.86253,0.0,12.50202,8.89106,9.7251,12.35045,10.11442,10.28448,10.03015,11.01829,8.80571,9.04579,10.91436,9.78476,11.34512,8.95448,10.51274,8.81447,8.89656,11.18305,13.49067,11.21643,11.73499,9.81634,12.46338,11.88487,12.58339,10.09074,13.40501,11.81469,9.39307,10.18156,8.6411,12.04165,13.08938,10.16032,10.82635,11.05296,12.75606
mol85_neg,13.11717,8.93429,10.79932,13.1859,15.68696,12.81879,12.28078,13.616,12.57721,12.71379,12.94603,11.28473,12.63467,8.67226,14.00342,9.00339,12.3541,11.66358,12.22892,9.84792,12.17913,8.30921,11.00879,10.76267,15.05327,12.0047,15.57381,14.04715,13.2053,11.52773,12.58731,8.84901,14.49824,16.73919,14.90605,13.40013,10.78953,14.81558,12.8444,12.1466,10.46586,8.95692,12.55321,7.70112,10.48436,10.84968,10.81953,10.61996,14.67519,15.22173,11.92971,11.04927,7.85324,11.47075,11.82258,10.8691,10.29262,12.22823,6.46559,10.87861,10.75837,8.71943,13.09393,10.85523,10.47445,13.34793,13.83499,8.482,7.325,12.25987,15.52597,13.3721,12.14655,10.16773,13.05133,15.12483,14.04345,14.71068,9.80568,12.5468,11.16425,14.39278,12.60516,13.50662,13.48555,13.42005,10.88587,9.20455,9.3577,14.83014,13.72011,10.39649,15.06486,9.57506,14.00344,12.90728,14.16434,13.45079,12.08839,11.14341,11.27298,11.82985,13.73058,11.46434,15.55272,12.64634,14.07002,10.35533,10.20773,12.82137,8.18258,10.30148,8.85759,12.36641,13.23493,9.64946,12.98588,13.43857,8.4497,11.21934,12.52479,11.45806,13.62274,9.92232,11.67803,11.55906,10.64288,14.26317,13.72117,13.71543,8.6848,8.23806,9.26433,11.39281,13.87887,12.50202,0.0,13.64367,8.50702,9.82443,8.70697,9.62715,9.36013,9.14341,13.20013,11.68864,10.23531,8.02376,13.46445,10.33421,14.57461,12.15794,11.63063,10.63694,11.77751,13.78907,13.96197,11.07818,11.39656,13.33821,9.79534,10.30637,9.57484,12.1751,8.8505,12.1967,11.73744,12.29487,13.26135,12.78622,8.95395,9.63257,7.49503
mol86_neg,11.88565,10.818,12.68244,14.89167,11.4093,14.23265,17.37329,17.02046,16.07767,15.20754,19.5068,16.74949,10.30198,17.33408,13.77379,19.61245,11.74601,14.11522,9.75971,13.0364,15.43705,18.47492,12.25975,19.09712,11.47851,13.93207,14.00701,14.63229,14.20655,11.30075,16.27098,17.01093,20.29988,13.63427,13.18366,13.16823,19.53221,14.12828,12.58691,17.31423,18.41914,17.24348,17.39703,14.33289,15.91471,16.41029,15.28242,14.82083,11.17883,17.33505,11.20233,11.82275,13.00598,13.07314,16.16977,14.791,9.96448,11.10075,13.88616,15.35939,16.57519,18.62971,15.09547,13.57301,12.65853,12.70329,14.25234,13.80521,23.67266,11.23734,14.79154,11.8846,17.77808,22.41522,13.0242,18.25714,15.63795,12.51243,19.10138,13.74053,13.7137,16.4632,13.80181,19.64752,10.94283,13.14833,15.89689,12.90641,10.91482,17.3249,11.01024,12.74239,17.17101,9.50529,12.11899,19.04623,15.78472,11.23168,18.54176,20.28951,15.93664,14.31033,10.94348,13.17803,15.62778,12.22964,13.40973,14.34271,12.34858,14.43324,9.94669,12.50696,12.88602,11.02329,14.84802,11.03212,13.50187,12.45581,15.74471,15.03658,10.11657,9.82681,13.16505,11.96304,9.96386,11.24873,11.28988,10.50107,10.03598,12.37732,16.86952,14.25995,15.89615,12.34468,12.28756,8.89106,13.64367,0.0,12.47657,14.76145,10.52837,14.80092,10.19167,11.28782,16.41685,9.55175,12.20048,10.07106,12.72077,11.94136,11.28642,9.33507,12.78718,10.55128,14.80528,13.54802,13.9002,11.27061,13.7627,14.84901,14.13654,12.8334,14.03026,13.79672,10.51368,16.2411,8.94223,12.57459,15.72079,11.57714,13.51377,10.71791,12.58723
mol87_neg,8.33274,10.86813,9.17646,11.0925,11.9777,12.68033,10.2841,12.41075,10.12398,10.16615,12.27242,12.59065,8.64365,9.38928,12.61151,10.92137,12.24128,8.99361,10.99636,11.37405,13.12871,9.64803,12.59549,10.06843,12.4054,11.61765,11.95385,11.37281,12.55464,11.06994,13.10505,10.08163,10.24214,13.08506,12.79916,11.24739,10.81256,12.2632,11.93796,13.27907,9.94376,10.4238,13.53227,7.83762,10.96175,11.57925,9.15699,11.90365,10.58867,12.89931,11.02314,9.911,10.99873,12.68357,10.96912,9.98398,10.62569,9.51095,11.53378,11.46727,11.30994,9.73771,12.10913,10.28509,9.37214,12.85632,12.10799,11.7805,9.57491,9.54152,12.04414,11.15247,9.58283,8.90913,9.1623,11.8884,10.47408,9.72681,12.26858,8.6911,12.68638,13.6912,10.54495,10.11522,9.65941,8.54596,9.09608,9.11317,10.21917,13.09082,10.98531,11.03746,12.24794,8.43183,11.2766,9.53297,12.69199,11.91849,10.16264,10.33034,11.04436,7.97987,11.24945,10.93989,13.60558,11.95669,11.56706,15.2441,10.57713,12.88961,11.02306,13.37002,10.77463,15.07853,9.9881,11.01361,12.25678,11.74097,11.71051,11.60331,11.52483,11.30401,12.20365,9.99377,9.12108,9.75028,9.01877,11.91318,12.43553,10.4905,13.32893,9.99917,9.80397,10.30109,10.63502,9.7251,8.50702,12.47657,0.0,10.55485,11.80101,10.11555,9.04628,6.66558,10.5465,11.19197,8.00582,9.84841,11.73439,10.32321,12.22517,10.26911,8.08142,11.92419,10.82748,10.70765,13.41472,10.81909,12.6566,11.85242,11.10178,10.4514,9.85552,10.72824,9.06945,8.70639,9.87221,14.12143,12.68402,12.2198,10.35461,9.8314,11.37287
mol88_neg,9.14594,11.22968,9.10814,11.89627,13.0387,13.36367,10.30069,14.79842,11.67106,12.78843,9.69787,12.4598,11.65363,9.87074,12.27662,10.44823,14.76802,9.91873,10.23668,10.46727,14.91307,13.17231,10.31874,9.12963,12.53305,13.25786,13.25946,13.58272,13.07168,12.46295,13.51135,9.55894,10.83404,13.71239,13.48342,10.81621,12.948,12.7888,8.96822,11.1638,9.76505,10.44878,13.85668,12.15321,10.45064,10.21185,12.48425,11.02035,14.0734,13.51241,10.63051,10.08154,10.41377,14.80083,12.19995,12.3089,8.56153,11.25704,12.75133,13.40881,13.40461,8.9276,13.41984,11.64243,9.18479,12.13624,12.43591,11.34504,8.51199,11.40368,15.22428,11.06242,9.74981,10.4467,10.99183,16.83141,12.93073,13.64564,12.70867,11.0014,12.51684,15.30755,9.17614,10.87483,9.13908,9.14883,11.14415,8.56753,11.40884,11.57135,11.94187,9.20643,12.37371,8.79144,11.20894,10.84247,13.55667,12.40896,11.56288,10.9096,11.25496,12.58407,13.36365,12.08741,13.95298,12.81275,13.88737,16.42808,13.5565,12.94131,9.96302,10.231,8.52952,12.18603,12.44211,13.36006,15.29231,13.68698,11.56129,15.13426,10.91495,10.61695,10.67789,10.23744,9.61925,13.15933,10.57927,12.5743,10.49283,10.56653,14.29269,9.81925,9.85403,12.37502,11.37035,12.35045,9.82443,14.76145,10.55485,0.0,9.65443,11.96544,11.5412,10.45555,11.39514,13.17648,10.06887,9.96157,10.99923,11.59875,9.87191,11.12998,9.08,12.06606,10.84906,9.8165,12.59923,12.02831,12.79489,13.17673,8.38367,12.83231,11.72845,10.45547,9.54914,13.66202,9.60025,11.40051,14.07353,10.63466,8.84295,10.70813,12.78905
mol89_neg,12.64659,11.42956,9.53075,10.89873,11.7969,12.0451,11.49816,11.55115,9.62288,9.89411,10.41646,9.54845,8.03103,11.55503,12.07344,11.19874,9.53532,11.49505,10.67132,12.68538,13.92119,12.90421,14.0644,13.10745,14.42677,10.21374,15.75175,10.89227,9.8765,11.23688,13.81882,10.13792,12.53285,14.99555,12.95476,11.64523,12.00561,14.10777,10.48883,12.39236,11.32985,8.21384,11.01435,11.23704,12.5187,11.82055,9.52245,12.27611,10.2147,10.29905,13.03214,13.47361,11.79268,10.47603,9.27648,12.37818,5.39889,10.0859,8.24372,12.81838,9.16595,8.95922,9.8953,12.52698,11.20189,10.09715,9.58352,8.25193,9.09247,10.19087,11.64009,9.33894,10.45707,11.38676,12.50979,12.13062,11.90153,11.48,7.87929,10.78775,7.49706,12.95577,11.68356,11.46478,12.14446,10.16068,12.35262,12.66601,9.154,12.21896,12.3395,11.02742,13.24641,8.87957,8.91207,11.48989,11.05222,16.07368,9.61623,12.99856,11.80783,13.96853,10.64981,14.48643,12.1512,11.14823,10.72227,9.0506,9.43679,14.80622,9.36479,13.49693,12.21243,11.97893,10.48701,8.24073,10.71509,12.39931,13.37031,10.14255,11.18545,12.15492,10.95847,8.74539,12.40574,11.81317,11.06845,11.69003,12.0335,13.81471,11.80097,7.52518,9.21036,10.09631,12.87587,10.11442,8.70697,10.52837,11.80101,9.65443,0.0,11.93671,7.5539,9.24263,10.99312,10.86478,9.94934,10.82639,14.23817,9.58809,10.99989,11.759,10.832,10.82683,11.13032,11.59786,15.65689,11.53214,11.09785,12.9773,12.76212,10.34741,7.79409,10.17506,11.52673,9.3649,9.37453,11.40371,11.0059,11.83951,10.70393,9.903,10.09493
mol8_neg,13.51397,9.60572,11.28284,9.70714,12.51846,11.77768,16.73056,14.40965,11.91097,12.4265,12.99546,10.08237,13.24448,9.22755,14.14725,10.49748,13.43433,11.14694,11.64485,9.93075,12.45388,11.19826,10.02884,11.96758,9.94683,12.50055,14.96886,14.28956,15.47552,11.63908,14.42681,12.70401,13.08491,13.4194,13.48273,13.96825,10.99122,13.59382,14.00229,14.34134,9.45672,10.87974,13.50563,8.74445,9.32598,10.61281,14.39994,12.25822,10.88738,14.99677,11.68006,9.62944,7.53342,12.50874,15.21307,14.46951,9.74262,9.99785,9.78654,10.24098,10.9346,10.60971,11.46728,13.10221,7.87663,13.24078,13.0498,11.27902,13.76025,12.60375,16.11161,13.72448,11.65419,11.47002,8.79214,14.5048,14.67847,11.23709,13.29047,10.21547,14.96602,14.46093,12.03628,12.90692,9.20465,12.619,10.89226,6.68247,10.28482,14.49236,10.3757,11.91697,14.78346,10.54685,13.72269,11.295,13.79944,11.07873,13.75945,8.64037,9.52384,11.34894,12.60506,10.23242,15.02872,11.2901,11.10786,12.12428,11.21228,12.61693,8.45524,9.19554,9.2867,9.96547,14.66863,11.10267,15.62708,13.38704,11.80387,13.33038,12.02253,10.33452,11.27213,10.48136,11.14168,9.71006,10.10546,11.3239,11.5419,13.05369,10.72495,10.20015,9.38309,9.99531,11.58234,10.28448,9.62715,14.80092,10.11555,11.96544,11.93671,0.0,9.78399,10.3097,11.77851,11.86187,9.83312,8.45145,10.93327,7.50486,12.48229,8.86,10.24874,11.12406,17.93662,13.9638,12.74765,10.24719,10.70485,14.55297,11.15409,10.53726,11.7763,13.36298,7.54421,13.5436,9.21301,11.98002,14.16412,9.5814,10.32008,9.66817,10.45897
mol90_neg,11.38218,9.05818,9.95798,11.17271,11.98786,13.96942,12.15875,11.12699,9.87312,8.03068,12.05159,8.64271,9.82847,10.06928,13.87868,10.49001,9.29021,11.67962,12.28568,11.55419,13.12428,12.6916,12.72375,12.72748,12.9595,11.83957,15.60378,10.34608,9.39978,10.03887,16.24316,9.00661,12.95159,15.32012,11.49122,12.49002,10.27476,13.64414,12.85196,12.72847,11.2604,9.91488,11.8909,9.34524,11.9963,12.9274,9.37715,12.95484,12.4121,12.98774,11.55743,12.59929,10.94424,11.24957,9.07095,10.32319,7.86523,12.7018,7.19616,12.41883,10.71148,8.6425,11.2853,11.03495,10.83892,11.6391,10.74685,10.35364,9.24924,9.78244,10.74784,13.17529,10.84879,10.55146,11.21689,12.48638,8.85373,11.95691,8.19329,11.08044,9.13989,13.11348,11.52396,11.71837,12.52554,10.83357,9.63006,10.77558,8.06221,13.00132,12.47271,11.76346,12.75619,8.80275,9.73809,11.28213,11.7954,13.9108,10.49156,10.98741,10.51382,11.96699,12.31845,13.66883,12.59473,11.78423,12.05981,9.75165,8.90503,16.5418,10.59256,13.34437,12.37671,12.98482,11.33699,8.0051,10.54946,11.12041,14.06748,10.13072,11.02926,13.32531,11.85744,8.68685,10.24333,11.31587,9.42118,10.94115,12.0737,12.26907,10.70875,7.00207,8.19407,10.44686,11.41427,10.03015,9.36013,10.19167,9.04628,11.5412,7.5539,9.78399,0.0,9.17983,9.70164,9.36182,8.82503,8.69209,14.05187,9.71804,12.82765,10.95985,12.14677,11.59167,10.1555,11.87485,14.54391,11.11476,12.54044,13.42055,13.76975,10.21264,7.81008,12.50495,8.89256,10.90199,11.55799,12.66071,12.44117,11.65874,10.62482,9.63879,9.54161
mol91_neg,8.8316,11.47592,9.22881,10.7197,10.36188,11.93728,10.38796,10.60743,9.60154,9.54728,9.95787,11.67258,8.40339,10.67222,10.62039,9.0861,10.2055,9.84323,10.33478,11.3425,12.62061,11.21839,11.97856,10.73086,11.80084,13.20995,12.86827,10.71842,10.29571,11.65379,11.1242,9.29728,9.85945,11.73333,10.62633,10.93115,11.00339,12.24594,10.57809,11.85611,9.50168,9.82721,10.53559,8.34735,9.63932,10.31609,6.97401,10.23155,11.70374,10.20612,11.48768,12.1201,11.3587,10.68624,9.43738,8.46381,7.53554,10.63554,11.29275,10.98631,9.48075,8.03142,10.39488,9.69007,10.59183,10.50744,8.96536,12.03497,8.70482,10.45308,11.32472,9.4828,9.16101,7.79362,10.64777,12.49006,11.18862,10.69302,11.19945,9.03248,10.8847,11.7812,10.54019,10.22642,9.37032,9.31806,9.59672,10.63693,9.89674,11.28787,12.12964,10.87144,11.64978,9.03274,10.26345,10.369,10.74152,12.13804,7.88883,10.76447,11.99143,9.62421,10.40534,11.13191,12.65567,10.36985,10.49449,12.07022,9.84895,12.79362,10.80806,10.29423,10.37846,12.85457,9.18611,9.88676,11.03879,11.47681,11.4957,10.67007,11.33401,10.97848,9.69821,8.64738,8.52776,10.13725,10.15518,10.56853,11.14465,11.24292,13.00497,9.18357,9.97206,11.02377,11.15831,11.01829,9.14341,11.28782,6.66558,10.45555,9.24263,10.3097,9.17983,0.0,10.24963,9.90284,9.58137,9.66876,13.406,8.54633,10.80444,11.39131,9.49566,12.19297,7.95698,9.36436,13.54745,11.2399,10.01334,10.61747,8.29188,9.6465,10.19621,8.99406,10.02134,7.91084,8.98355,12.57762,10.51622,10.47566,9.45489,9.31456,11.38797
mol92_neg,10.47036,8.9085,11.09988,10.95252,8.99103,13.21548,16.68379,14.58159,12.65055,13.77832,12.77087,14.8212,10.18071,13.43388,11.22885,14.28444,10.77979,8.0935,8.98426,10.15328,13.82519,15.04338,9.75947,14.30646,10.02022,13.49801,13.43227,14.47575,15.14556,8.90909,14.07553,14.27746,12.43358,9.67732,12.51241,9.2259,17.05619,10.9751,11.53234,13.89208,13.23067,15.03644,16.02229,11.60681,10.897,13.29669,14.28008,13.14913,7.45219,16.63021,11.84558,9.64625,11.96571,13.26845,17.50728,11.52111,8.75539,8.59444,12.4275,14.08172,14.90932,17.54985,13.58005,8.95421,8.37319,14.6369,13.29085,13.807,21.35002,8.30008,14.12003,11.86424,10.24258,13.88074,8.37665,14.15387,11.93453,10.56056,17.16694,10.16189,17.18996,12.65203,5.91878,12.50493,8.50631,9.2946,10.8781,8.54216,9.67139,11.07938,10.25654,11.41333,10.4046,7.87926,8.73438,13.40882,11.51176,9.65189,13.77595,12.26128,12.13058,10.82844,9.27674,9.37543,14.24368,14.90075,10.1508,14.98085,12.11071,12.97293,7.76558,9.69257,10.27431,11.48915,15.02882,9.13263,13.34319,13.07418,13.28393,14.01212,9.92454,9.62248,6.75379,11.9971,10.23682,7.73697,7.16459,10.14745,9.52038,10.70216,14.81855,16.07311,13.30641,10.583,9.68581,8.80571,13.20013,16.41685,10.5465,11.39514,10.99312,11.77851,9.70164,10.24963,0.0,8.02219,9.25794,8.10017,10.60638,9.65176,7.85128,6.17029,9.08228,10.08882,15.38986,11.13461,11.32071,10.38603,11.11877,12.78188,11.43269,10.34869,13.59614,11.19032,8.01172,12.5181,6.93948,11.13793,15.49718,9.17048,10.86272,7.89795,11.658
mol93_neg,11.34968,7.5957,11.65072,9.19073,10.10125,13.07436,16.93806,10.42884,8.68347,9.02256,10.79178,14.69791,9.03441,13.83108,11.85675,11.82351,9.36224,10.82903,9.1027,11.54219,12.95863,13.80747,11.15982,14.12635,10.22982,11.67614,13.1336,10.23354,10.70807,7.20763,14.18833,16.28092,11.43995,12.25807,12.02616,10.51392,9.98961,11.97327,11.53554,16.35153,11.4951,10.29088,11.38179,11.92043,12.34132,12.38184,15.30419,11.87286,10.54676,11.23208,10.54024,10.85004,10.63966,11.14168,11.68022,12.34366,8.82841,11.57873,10.92143,12.41698,8.23762,12.51936,9.24504,12.90682,10.49461,8.93656,10.07682,10.69725,16.01216,11.1091,11.80083,10.07222,9.5628,12.4954,10.70079,12.34882,9.46615,10.11536,12.04296,11.2264,11.12397,10.33485,9.70933,9.60527,9.21195,10.80465,13.76829,10.3084,7.71993,11.13418,10.80159,9.75825,12.68658,7.95718,11.04664,9.99117,8.87292,10.17431,9.79855,13.40893,10.88926,12.61586,9.28731,13.17625,14.12192,9.59871,10.44189,12.4669,7.0832,11.44135,8.75283,10.86434,11.20945,10.62676,11.04332,9.66044,10.73154,10.73314,13.51816,9.20455,7.84939,8.14032,10.12626,9.10956,9.24535,9.39676,10.34362,10.51063,10.4761,10.8332,13.26819,11.91173,9.07843,11.61488,9.53713,9.04579,11.68864,9.55175,11.19197,13.17648,10.86478,11.86187,9.36182,9.90284,8.02219,0.0,9.65766,9.03026,13.18411,8.29501,9.28638,7.9261,10.36471,8.83106,14.47829,11.50742,11.94755,10.14644,10.54094,12.54526,12.12338,9.47294,11.44512,10.69363,8.50806,10.00605,7.37975,11.47392,12.33287,10.66844,11.75438,9.24461,10.25448
mol94_neg,13.04319,8.29874,9.13357,9.46394,11.00538,13.76157,14.25921,11.54343,9.28537,9.58951,8.97613,7.9229,9.12686,10.68636,12.04194,11.08168,9.73852,8.07686,10.87533,9.88092,11.8194,12.8283,12.95537,9.20084,9.42188,10.90424,12.99789,9.40379,10.93494,9.45425,16.28713,11.74518,9.03631,13.56781,11.89585,11.62675,12.02387,13.51786,10.02236,13.70258,11.26542,9.08838,11.68821,11.39281,11.72104,11.83418,9.45216,11.44517,12.29959,11.15049,11.78228,10.0128,11.25539,9.52464,11.32474,11.83385,10.20202,6.73271,10.93439,12.33023,9.71074,9.99006,9.58699,9.07766,8.87705,10.08776,10.2013,9.94023,12.20979,7.89874,11.527,14.53126,8.73111,10.11338,11.39632,10.4665,10.66514,12.33409,11.20369,10.22243,12.71506,12.56255,8.5935,9.4323,8.67879,8.64442,9.90942,10.87676,8.44076,9.53909,10.37345,12.51368,11.20663,8.92045,8.67254,10.69768,9.99529,12.60763,10.04787,10.11837,9.64811,12.42093,11.40725,12.36589,12.09238,12.06126,12.7807,13.14655,9.87955,14.71921,8.99266,11.6802,9.45886,11.97919,9.3682,8.10675,10.46725,12.08655,13.91894,11.30932,10.64851,11.20664,10.22432,5.40584,9.08653,10.72284,8.46999,12.19947,10.54814,11.56503,12.58315,7.43116,7.40596,7.11515,11.3901,10.91436,10.23531,12.20048,8.00582,10.06887,9.94934,9.83312,8.82503,9.58137,9.25794,9.65766,0.0,6.79639,12.74803,8.81955,11.83649,9.827,9.61719,11.53555,13.07115,10.10293,11.6122,10.21348,11.53313,12.34495,9.94945,8.9284,10.37921,11.06326,7.601,10.26136,10.41506,12.30544,11.23917,8.51847,11.1682,5.97685,10.72613
mol95_neg,12.95651,5.98525,7.71234,9.26875,10.5273,10.97497,13.28048,10.85717,8.84279,9.40795,9.4332,9.31335,9.1301,9.47685,11.4899,9.13763,9.27795,9.38052,10.18891,7.10514,12.40792,11.10738,11.51749,9.40526,10.86363,12.54424,15.29129,8.79823,9.4219,8.40123,13.10655,10.87154,11.18303,11.93306,10.1893,10.98724,10.36057,12.87146,9.8872,12.7306,9.28114,9.80081,11.00811,8.62399,9.75653,10.89212,8.92442,9.12646,10.18395,9.81164,11.44341,11.03424,8.67647,10.46345,11.04495,9.80883,9.36495,8.47852,8.33742,10.92893,8.79975,10.03914,8.17719,9.23362,8.16044,10.00302,8.99652,10.30563,11.8857,6.67784,9.76159,13.64568,8.08157,8.06256,10.31392,9.80657,9.83947,10.68379,10.79069,9.83474,10.71276,11.60424,8.49153,9.05348,10.56291,9.41216,8.79488,11.35782,5.90458,10.32651,10.52952,11.67744,10.67387,8.27099,10.12027,9.38854,10.27399,12.99437,9.66374,9.50031,9.72649,12.01337,9.34326,10.60509,11.28188,11.17575,11.14153,11.41183,7.34383,13.59559,7.11134,10.50177,10.03828,11.92241,10.24542,8.67128,9.99057,11.27552,11.79763,10.22768,10.34414,10.49545,9.37932,6.16781,10.32202,11.61998,7.82027,10.99546,11.61048,12.63602,11.10046,8.01228,6.3239,7.18804,10.67301,9.78476,8.02376,10.07106,9.84841,9.96157,10.82639,8.45145,8.69209,9.66876,8.10017,9.03026,6.79639,0.0,12.52997,6.86052,10.15235,9.94937,10.79662,9.99102,12.07128,10.13022,13.9126,8.58289,10.08371,11.54416,9.5824,8.02945,11.15317,10.8555,8.23826,8.24599,9.80285,12.48974,10.18467,9.42261,9.75915,5.52115,9.05817
mol96_neg,11.07181,14.26204,10.39266,12.49408,13.1352,12.60912,14.34985,15.13669,12.84606,11.95899,12.05098,12.5914,13.98171,12.41522,14.52847,13.08058,13.28022,13.05423,11.88857,12.28305,15.26905,13.92052,11.29072,12.54054,10.27099,14.3161,11.87042,11.47493,13.06359,12.15623,14.93213,14.41363,12.43836,11.8801,12.27722,10.90252,14.35819,12.29508,10.65084,11.05119,13.31979,14.28697,13.87306,12.95939,12.56375,12.387,13.54694,12.34601,12.56743,12.79305,13.72124,11.77552,13.3919,15.87104,14.20041,12.94232,13.18467,11.08853,13.46427,13.37915,14.85747,12.08405,10.58107,12.59385,11.09813,13.3469,13.36329,13.12953,15.03771,10.08235,11.79616,12.96255,12.48295,12.62596,9.92517,10.32172,11.18742,13.70816,15.65317,13.02599,13.95647,13.10384,11.86109,13.27807,12.38046,11.53081,11.59501,10.19163,14.26611,12.32622,9.41544,12.30483,13.42489,11.5566,13.39825,12.62557,13.6516,12.34868,14.40608,12.29734,11.24088,10.76785,12.31971,12.41827,14.81609,12.30001,14.19349,14.08369,13.88203,11.40283,11.74599,13.34715,12.35467,14.82514,13.80929,16.19976,12.66689,15.28323,15.47007,13.03591,10.46213,13.13635,12.50345,12.78711,10.57159,12.05726,10.45398,13.12364,13.30828,11.21515,15.29682,12.443,12.0642,11.65678,11.73581,11.34512,13.46445,12.72077,11.73439,10.99923,14.23817,10.93327,14.05187,13.406,10.60638,13.18411,12.74803,12.52997,0.0,12.64585,12.24498,11.18212,11.35323,12.19324,14.99437,13.2232,13.0674,13.71949,14.07313,15.19653,14.59859,12.35961,14.88224,14.43972,12.24294,13.42068,11.7324,11.9165,14.258,11.79405,12.3886,12.15863,16.96909
mol97_neg,11.95494,8.48821,10.16562,8.78261,11.12229,10.94919,17.07766,13.4467,9.45211,10.47708,11.33317,13.4013,9.96259,9.93854,13.50061,10.27599,9.18896,9.28641,9.60164,10.71026,12.51736,14.06527,9.50865,13.47241,9.58984,12.17969,14.22121,12.3761,13.22816,8.91873,13.70788,14.94412,11.74988,11.75758,10.87142,11.06276,11.54969,12.54579,12.94513,15.2329,10.62575,11.57225,13.61463,9.16208,11.28431,12.99372,14.01399,10.34412,9.50037,11.99174,10.92806,9.06202,9.56859,9.45938,12.89452,14.83417,8.30179,8.51438,10.73712,11.66079,10.53966,11.13643,10.76879,11.75361,8.91837,11.36097,11.53918,12.92865,13.74646,10.47192,15.12988,12.90126,10.2548,10.28855,9.64926,13.9702,13.03645,10.39393,12.43089,9.65586,13.43127,13.81587,9.62375,11.51371,9.26484,10.35479,13.86876,8.63748,6.64227,12.83419,10.39941,11.05439,13.72289,8.67398,12.15467,9.15467,12.05005,11.07387,10.77986,12.58168,10.25343,12.35166,10.13467,11.44241,15.58663,10.07491,10.40372,14.3822,7.55119,13.1573,8.59567,10.77662,10.73852,9.98136,11.80951,10.09331,13.46501,11.10495,12.60282,11.60027,10.02052,9.26084,8.5429,7.17235,10.46274,9.27742,8.95607,9.93158,11.7839,11.90705,13.62541,9.55175,9.35487,10.56522,10.82178,8.95448,10.33421,11.94136,10.32321,11.59875,9.58809,7.50486,9.71804,8.54633,9.65176,8.29501,8.81955,6.86052,12.64585,0.0,10.42112,8.59889,8.94831,9.90612,17.00385,12.27203,12.15221,9.20953,7.20651,13.72903,10.52852,8.07116,11.63147,11.5943,7.6715,10.57882,7.99241,13.05137,11.1934,10.64405,10.9166,6.41224,9.68507
mol98_neg,12.57019,10.37203,10.10333,10.05209,10.02539,13.77607,15.23331,11.70219,9.93289,11.65909,8.51969,12.70855,9.85646,13.18402,11.5743,11.44948,13.75927,9.91144,9.83645,11.95352,14.73864,15.20886,9.06188,10.94858,11.06191,16.31939,14.30285,10.55969,10.21942,11.71197,13.55987,13.33658,10.01867,11.83192,13.0429,8.30599,14.03377,12.09625,9.73298,13.43533,11.71265,11.95439,11.99795,12.35399,10.61727,11.1225,14.15221,11.54945,13.36549,9.43782,12.31458,10.28903,13.2489,14.64773,14.68262,12.19734,9.2295,10.46473,15.39816,13.74981,11.96047,12.06586,9.17792,11.9886,11.00409,8.95425,9.67522,14.58049,14.96706,10.52024,11.31906,10.94567,9.78767,11.40174,10.50509,12.20364,10.2618,11.80645,13.84397,12.06023,11.29504,10.81868,7.54111,9.84992,9.31182,7.9881,12.57414,10.71851,11.26432,8.35775,12.89096,11.03786,9.65291,9.10324,8.39801,10.79262,9.57096,11.94597,10.476,10.83812,12.04994,12.6375,12.699,12.72182,12.7749,12.82371,11.26229,13.85163,11.75298,14.48681,10.0175,9.53526,9.78783,12.4187,12.19968,13.47798,13.03796,12.24827,13.46277,12.32553,10.89842,11.87214,8.18259,10.53337,11.0577,11.00166,10.38176,10.51357,8.16036,13.47882,16.73502,12.09682,8.93844,12.04592,10.57853,10.51274,14.57461,11.28642,12.22517,9.87191,10.99989,12.48229,12.82765,10.80444,7.85128,9.28638,11.83649,10.15235,12.24498,10.42112,0.0,9.37491,10.52533,12.19235,13.66356,9.3914,12.4315,12.81418,11.73555,10.89775,8.90824,12.21581,14.84005,8.80388,10.85394,13.23869,6.49135,11.033,13.02333,8.95753,11.05823,10.42814,14.22745
mol99_neg,10.28698,9.70176,9.78694,8.18976,7.74721,10.22515,12.43386,9.48567,9.01923,7.86155,9.09546,11.72792,6.27347,10.13415,9.73239,9.03881,8.8689,6.85929,8.45576,8.86872,10.49131,11.12563,9.45998,10.51408,9.98296,12.06364,11.18739,9.8993,9.08353,8.6969,9.39498,11.59402,9.51854,9.46071,8.05452,5.59251,10.3862,6.47015,9.1091,11.1545,8.71053,9.67344,9.38068,9.83849,10.33158,10.56459,11.65004,9.11756,6.93824,10.5416,9.717,9.33984,10.55202,11.29284,9.01657,8.74,9.72977,10.31781,11.17861,10.13877,8.90428,9.37356,8.30945,6.78358,9.62331,9.5004,9.86582,10.69627,11.95112,8.68958,9.09042,9.87765,6.46611,9.01649,5.20543,8.94238,7.42101,9.79073,9.29665,9.39222,9.76832,8.90342,7.33236,6.37087,7.18003,6.50725,8.39454,6.99374,9.55358,9.90083,8.70782,10.33655,9.30256,8.08904,6.92144,7.19256,8.34622,8.32382,7.65448,8.16632,9.13434,8.37308,8.47816,10.81338,10.60434,10.41336,9.14381,12.0406,9.63204,10.59695,10.17731,11.96338,12.12677,10.83484,9.64387,9.7115,9.4396,11.19761,13.68226,7.60749,7.34508,8.46485,7.83196,9.66963,8.9715,5.63582,7.96356,10.47474,8.72751,7.79335,11.34371,11.09828,8.25967,10.70903,8.336,8.81447,12.15794,9.33507,10.26911,11.12998,11.759,8.86,10.95985,11.39131,6.17029,7.9261,9.827,9.94937,11.18212,8.59889,9.37491,0.0,8.21332,9.00131,11.88496,10.24609,11.526,8.76632,8.72053,10.33855,12.17052,8.66555,12.00928,10.61016,7.62017,7.82929,7.27149,10.72633,9.09901,10.20528,11.07324,9.97964,12.12938
mol9_neg,8.54433,10.01061,9.87826,9.06777,10.31678,10.68681,13.02995,13.58971,9.2419,10.77617,10.57388,13.93,8.382,10.32127,13.19999,10.23425,12.18711,9.36508,9.29312,10.37775,12.41307,10.56125,10.07533,8.9244,9.272,11.50936,10.90433,12.47357,12.05334,9.1706,11.06245,12.43561,9.58002,10.35279,11.48009,8.96893,12.81478,9.41596,9.96156,13.84229,8.35193,11.90295,12.40842,9.63252,11.45322,9.47684,12.26185,9.71776,11.75255,13.33343,9.23001,7.06365,11.62091,10.78566,12.12567,12.82139,11.38697,8.87075,12.877,10.12151,12.06155,10.51802,11.80794,11.42477,11.42236,10.76329,11.59848,13.17213,11.95225,10.35355,13.2709,11.63013,9.72394,9.73119,8.22561,13.10858,10.85566,10.73054,12.64612,9.13078,12.39348,13.70074,8.81261,10.09598,7.72273,6.74246,10.38741,6.00243,9.77062,11.4622,11.09134,9.92757,11.56595,8.35813,10.65259,8.88963,11.89263,8.1469,8.77271,10.10688,10.5424,9.56594,10.17032,12.2405,14.1165,12.35552,10.19958,14.82594,11.5251,11.91627,9.75332,11.27123,10.62531,11.61865,10.83515,11.50707,12.29718,12.03362,12.13548,11.7474,10.40892,9.57218,10.28085,9.81712,8.1768,9.61333,9.74334,12.31222,9.5409,9.48367,13.36813,12.15201,11.09658,13.11458,9.62207,8.89656,11.63063,12.78718,8.08142,9.08,10.832,10.24874,12.14677,9.49566,9.08228,10.36471,9.61719,10.79662,11.35323,8.94831,10.52533,8.21332,0.0,9.86218,14.70915,8.63879,9.93427,8.26569,10.79892,13.27347,9.81048,7.86568,11.55047,10.23229,6.05752,9.39243,6.88855,10.36589,13.06341,11.26525,7.99777,9.80425,11.84221
xyz_newmol0_neg,9.94377,8.73067,10.60715,10.9502,11.74564,8.77175,13.49741,10.78475,9.9875,7.83431,11.24321,12.84322,9.80286,11.67888,12.3575,12.38721,7.83898,11.10838,8.55983,10.37035,10.69697,10.04179,11.84491,11.68507,10.61789,11.0993,9.69643,10.12168,9.19095,6.05873,11.67761,14.74021,11.87943,11.84038,10.03969,10.04304,9.34522,11.11545,9.71296,12.35404,10.83868,10.74989,12.85978,11.41689,12.5068,11.18888,11.98386,8.60119,9.26045,10.83346,10.28827,10.47897,9.00923,10.60474,10.93242,11.96969,10.2366,10.78516,10.79835,10.14584,9.0232,12.52221,9.44259,12.41906,10.41544,10.22332,8.87727,10.1974,14.23398,8.13463,10.51029,9.80789,10.51024,11.66014,9.90611,10.76525,9.07208,11.05512,12.2774,11.94486,11.53048,11.30074,10.58628,9.71496,9.49818,9.51283,12.57304,10.51198,8.2953,11.86907,8.75623,10.86887,12.14998,9.52799,11.44802,9.20207,11.5197,10.69172,10.05009,11.9204,10.28715,12.6914,8.93061,13.18795,10.6278,10.3067,13.51583,11.45018,8.37761,9.25064,6.91594,13.47192,11.63174,8.73512,9.58229,9.87489,10.85917,10.87581,13.36455,10.29021,8.76943,8.21698,11.42324,10.11836,7.79026,9.77256,10.23555,11.14763,11.90674,8.24415,10.81929,11.76263,11.1592,11.39064,9.74962,11.18305,10.63694,10.55128,11.92419,12.06606,10.82683,11.12406,11.59167,12.19297,10.08882,8.83106,11.53555,9.99102,12.19324,9.90612,12.19235,9.00131,9.86218,0.0,13.98892,10.09088,11.77076,8.48761,10.14265,13.21876,12.12362,8.53031,11.4769,13.43235,8.57617,11.08975,7.74107,10.32017,9.72075,10.91465,11.67901,10.01692,10.19445
xyz_newmol10_neg,13.77148,11.90777,13.22518,15.84321,14.59408,19.26459,14.87674,13.84463,15.46143,14.43074,15.52369,16.48639,12.81544,14.26831,14.37975,13.33158,16.85828,14.79131,13.546,16.33982,15.83471,18.13869,11.81643,14.52023,12.307,18.32783,15.75947,16.31955,14.52535,14.19437,16.57369,8.3341,12.99312,16.52485,16.03427,14.73794,19.55179,16.57569,16.0798,14.93153,16.12122,16.18551,13.01389,11.91628,12.78837,15.72903,11.17182,17.49136,16.64335,14.02202,11.34056,11.03683,15.13214,14.75149,13.22895,8.51787,9.20917,13.27406,14.72038,17.71306,14.75585,10.05137,15.15065,14.04132,14.47541,12.41776,14.87014,16.43533,10.74028,16.13948,12.18268,11.79651,13.54877,11.0856,16.58246,17.81474,14.89612,13.77074,16.15413,14.17199,14.36553,13.80893,15.03062,14.28939,12.66548,15.44894,12.2143,12.52156,15.29824,14.85112,15.51605,13.72976,15.41426,12.749,14.97405,16.92241,13.72639,14.57384,10.58284,13.38329,18.43388,11.45519,17.28309,13.01595,17.36646,15.74768,14.28215,18.80919,16.13022,17.93439,13.73362,10.46357,10.07174,12.81366,14.16808,13.51209,17.3362,14.49719,12.74473,17.14958,12.76076,13.30485,15.45169,14.19486,12.02609,11.75627,14.54908,8.34647,12.68575,14.57206,18.1874,11.85965,14.57799,15.22417,15.04389,13.49067,11.77751,14.80528,10.82748,10.84906,11.13032,17.93662,10.1555,7.95698,15.38986,14.47829,13.07115,12.07128,14.99437,17.00385,13.66356,11.88496,14.70915,13.98892,0.0,9.71007,15.65723,15.57175,15.93328,11.86923,10.57306,16.4538,12.80321,10.66263,12.99174,14.55043,11.74348,15.09093,15.03131,13.33731,9.90321,12.57161,15.47346
xyz_newmol11_neg,13.09676,10.52228,8.4283,11.54942,11.99862,15.91372,13.70899,12.51649,10.31429,11.75344,10.42259,15.17954,11.48949,12.75495,11.65388,10.52281,13.22787,9.71495,11.14755,13.37663,14.55666,16.15696,10.17387,9.99948,12.12263,16.65151,14.38909,13.23926,13.02851,11.59761,14.56647,10.87124,7.79095,12.76281,14.41228,12.49749,14.7554,13.14529,10.28573,15.95047,12.19488,13.96531,12.13512,11.24319,11.99666,11.41616,13.49782,13.72049,13.39139,12.90911,11.06956,8.30634,13.10191,14.00451,14.68696,9.40464,10.47318,11.25735,13.91704,15.62676,11.8998,9.413,11.86767,12.12042,9.71739,12.34185,11.36679,14.78512,13.1894,11.78156,13.17255,12.92364,9.18989,10.31704,13.04014,16.07908,10.65435,9.93561,16.00097,10.55542,14.92775,12.90894,10.35296,9.11816,9.28733,9.5056,11.67211,10.57696,11.92282,10.36314,12.78513,12.06384,9.48093,7.77911,10.92687,13.61849,12.20348,10.71116,8.71771,11.06653,13.30821,9.41804,13.27075,12.4516,14.49338,15.59655,11.32483,16.84587,12.74563,15.13577,11.47074,10.48152,9.29664,12.14513,12.1612,11.14899,16.02281,13.71839,13.85009,14.67751,12.10702,12.08597,10.80926,9.5322,11.4372,9.44476,10.36423,10.79115,10.11498,13.80174,17.81186,11.70631,11.45491,11.31461,12.46823,11.21643,13.78907,13.54802,10.70765,9.8165,11.59786,13.9638,11.87485,9.36436,11.13461,11.50742,10.10293,10.13022,13.2232,12.27203,9.3914,10.24609,8.63879,10.09088,9.71007,0.0,12.32289,12.88733,12.4228,10.01212,7.58707,12.06561,13.75171,10.00951,10.24654,12.97806,10.17915,13.85041,15.08125,11.13404,11.36713,9.39205,14.08512
xyz_newmol12_neg,11.75505,13.30089,11.49191,11.28726,11.06658,12.3375,14.14897,13.46567,11.26813,12.4885,11.04005,11.61709,12.17006,12.657,12.5945,12.75994,12.8622,12.04075,12.09019,13.05455,12.6729,10.75213,10.7796,12.08851,10.821,13.47547,9.91669,11.73838,13.69213,11.98256,10.52485,13.63329,12.95162,11.94745,11.41444,11.57651,13.74242,11.19936,11.96493,13.84885,9.68257,12.67887,12.52314,13.73251,13.34043,11.27414,14.72714,9.9406,12.55683,12.02083,11.10086,9.11277,10.88369,13.85502,13.35731,14.71818,13.04891,13.8077,14.57903,11.29811,12.80093,12.57875,11.98293,11.89518,11.86572,12.603,12.37364,13.24992,14.07505,12.85406,12.87413,13.52271,11.56054,13.78968,10.81257,13.05898,11.91226,13.3933,15.43027,13.23947,14.49099,12.89776,12.25261,11.60171,9.76804,9.63175,12.3319,10.16399,12.51999,11.22332,12.37426,10.20219,12.19643,12.48482,12.02877,12.12102,11.81477,9.30353,12.04037,11.98152,10.75202,11.20456,11.9268,13.5206,12.05104,13.41976,11.48801,14.54724,12.52194,11.39076,13.04036,12.89281,11.75119,12.07431,13.5273,14.44681,14.07962,13.04774,13.40934,13.82996,11.38898,9.77535,11.89258,11.70651,10.85417,10.76515,12.17204,13.88369,13.83778,11.1876,11.95333,12.74022,10.34903,11.78359,8.74611,11.73499,13.96197,13.9002,13.41472,12.59923,15.65689,12.74765,14.54391,13.54745,11.32071,11.94755,11.6122,13.9126,13.0674,12.15221,12.4315,11.526,9.93427,11.77076,15.65723,12.32289,0.0,10.66444,10.43589,13.6862,12.79204,11.62942,15.94499,13.36273,11.05425,13.45346,10.94037,13.85344,13.39767,12.88757,10.78369,13.29277,14.28863
xyz_newmol13_neg,8.70227,6.36118,9.87347,9.99997,11.94082,9.32648,13.41977,10.77834,9.80043,10.14252,11.39395,12.64345,9.5112,11.36187,13.29385,12.20556,9.04296,10.95947,9.88292,8.87026,9.98081,8.66809,10.86981,11.05266,11.83257,9.72659,11.80007,9.26963,12.24523,8.87246,10.77141,14.11602,12.60887,12.18891,12.62219,11.97045,9.36902,11.2107,11.27806,14.29544,8.69365,11.48349,13.24614,12.27724,12.64121,10.37412,12.56253,10.0632,10.01025,12.98026,10.30076,8.99537,9.11028,10.3569,12.02333,13.36826,11.1978,9.9196,10.33773,10.1093,10.93371,13.2268,10.74356,11.80341,10.2977,12.4503,11.09399,10.72274,14.1193,10.59185,10.37151,12.68857,9.69977,12.73907,10.85434,10.99745,10.57542,11.35001,11.93995,10.49391,12.72401,12.03042,11.28075,10.84242,9.68344,7.59498,12.14744,9.96114,5.98904,11.50831,9.9182,9.59472,12.59088,9.1349,11.42147,8.24936,11.77205,9.28742,11.82567,11.7292,10.52315,10.96864,10.10496,13.00725,11.76107,10.66805,12.39288,10.94015,8.30942,11.77557,8.74376,12.46934,10.9746,11.24779,11.56572,9.48179,12.10956,9.32006,12.90036,11.00399,10.64852,7.88818,12.52854,11.3557,9.54034,9.69036,9.6171,11.87676,10.50905,8.8534,8.48329,12.48178,10.05113,11.58885,10.37289,9.81634,11.07818,11.27061,10.81909,12.02831,11.53214,10.24719,11.11476,11.2399,10.38603,10.14644,10.21348,8.58289,13.71949,9.20953,12.81418,8.76632,8.26569,8.48761,15.57175,12.88733,10.66444,0.0,8.78922,14.0369,11.07736,7.85732,12.01142,13.09539,7.60561,11.20699,8.35139,12.35259,10.28976,11.32662,10.43723,9.32479,10.48817
xyz_newmol14_neg,13.06128,9.8155,12.81503,10.33301,12.10216,10.93272,18.20869,13.30701,10.2362,11.58624,10.64245,14.27559,10.73507,12.98603,14.16556,12.30761,9.6921,12.62207,10.3659,11.70562,11.48655,13.14828,11.03419,12.50604,9.86724,13.11565,13.16098,12.67433,14.15605,10.32175,11.42101,15.72271,12.60124,10.873,11.37594,11.49904,11.95132,10.01976,12.7156,16.71677,9.98731,12.48804,14.1525,12.60321,13.56434,13.01357,15.31688,10.88622,13.22818,10.04502,11.5495,9.20982,9.34221,8.46673,12.78527,15.80082,8.73422,11.36355,10.73515,11.82617,11.744,11.93821,10.8056,12.94169,10.5681,11.99258,10.74085,12.118,14.36358,12.28853,14.21669,12.92837,10.89373,12.67031,12.06043,15.9602,13.83786,12.34641,12.18922,13.6731,14.26824,13.10244,10.56814,12.53679,9.89449,9.9313,14.21158,9.56873,8.0945,11.77552,11.02158,11.24918,14.11901,11.16003,13.17778,9.69822,11.1584,10.18754,11.25999,13.77036,12.54253,13.10568,12.44672,14.44695,15.21857,11.74416,12.28078,13.00548,10.12858,14.26302,10.31517,11.97586,11.06089,8.90153,13.27664,10.58421,12.56157,12.33088,13.99822,12.39992,10.75844,8.98202,10.39361,10.58002,11.5431,9.53448,11.24964,12.76695,11.85787,11.56773,12.18016,12.10847,11.12537,13.12943,9.18468,12.46338,11.39656,13.7627,12.6566,12.79489,11.09785,10.70485,12.54044,10.01334,11.11877,10.54094,11.53313,10.08371,14.07313,7.20651,11.73555,8.72053,10.79892,10.14265,15.93328,12.4228,10.43589,8.78922,0.0,14.18769,11.86334,7.12119,12.66511,12.02375,8.8727,13.26558,9.02799,13.21122,9.85193,12.35096,11.97413,9.20592,10.20244
xyz_newmol15_neg,15.13203,11.33402,12.61664,13.85932,12.36462,19.02148,16.66049,12.3518,13.22948,12.34209,10.38705,15.67428,12.67413,12.53389,12.7887,10.99902,15.46397,10.10087,13.05067,14.18701,14.50105,16.80851,11.13005,12.54979,12.41067,18.36034,15.10459,13.71099,12.42032,13.19643,15.29613,12.90217,11.07664,13.33821,13.77761,12.16508,15.5363,12.32324,12.4843,12.6671,12.23727,15.26141,12.77673,11.33323,11.48163,13.26794,16.46647,15.80532,15.14476,14.50771,12.19309,11.99854,14.5756,13.18005,16.17212,10.76696,11.93382,12.63044,15.48892,15.3553,13.20047,10.157,14.32012,13.47565,12.73346,14.0976,13.87646,16.09898,14.59522,14.78065,11.97216,15.17711,9.38378,10.86267,13.16723,15.79294,12.6251,12.98638,17.5923,12.13138,15.49404,11.75544,12.73019,10.78647,11.90953,12.64372,12.08807,11.57504,14.29673,9.58768,14.42078,14.03031,11.04048,11.31911,11.98929,13.79468,12.17951,12.22532,11.1049,10.65033,15.7748,11.20363,15.17361,13.30705,14.9591,14.33075,11.49631,18.32781,14.24801,16.66734,11.37803,10.91438,10.88455,13.64186,10.25568,13.02957,16.77208,13.37426,14.49426,14.72339,12.6684,12.9635,12.95227,14.33186,13.10268,10.01398,11.77483,10.01067,10.90036,15.92345,18.50832,14.47347,12.35344,12.75701,13.40531,11.88487,13.33821,14.84901,11.85242,13.17673,12.9773,14.55297,13.42055,10.61747,12.78188,12.54526,12.34495,11.54416,15.19653,13.72903,10.89775,10.33855,13.27347,13.21876,11.86923,10.01212,13.6862,14.0369,14.18769,0.0,9.35855,15.03889,16.16521,11.18482,12.2427,13.86761,11.1127,15.45526,14.8305,12.63403,12.21361,12.78169,15.54416
xyz_newmol16_neg,11.02898,11.94088,9.92537,12.20693,12.05498,13.48024,9.20014,12.21655,11.9233,11.4328,9.4776,13.35643,12.28167,9.19437,10.80418,9.17827,13.4355,8.98869,10.90218,8.93743,13.4495,9.88379,10.68747,6.83224,14.51195,11.22334,12.94012,12.82872,10.86866,13.00461,10.88856,9.94087,8.7727,13.09126,13.2165,11.65409,12.42627,11.59184,8.76435,11.64752,10.80803,13.22194,12.26989,10.13639,8.10567,9.53153,11.72934,9.99003,15.08431,11.84001,9.85443,8.28304,9.82306,13.61837,14.05984,9.23718,10.7496,11.62631,12.11087,11.50565,11.67052,9.16493,11.92534,9.52878,10.62116,10.87432,11.5646,13.00276,10.319,12.32894,12.27675,15.226,8.68991,9.14263,11.9769,14.80473,10.78628,11.98695,14.9643,9.83829,13.55677,12.06836,9.5077,9.01256,11.18087,10.14823,9.85658,10.83895,12.01094,10.01898,13.82734,11.3405,10.0327,9.74788,9.95938,12.09626,11.90144,12.0036,9.4355,9.86232,12.40933,8.20938,13.28695,9.83835,12.63495,13.20278,11.54098,14.97961,12.97555,11.65799,9.41934,7.5759,6.86097,13.37184,11.15404,13.10458,14.35677,14.12388,10.76684,14.25834,12.41997,10.12537,10.88173,10.22582,11.47752,11.10297,10.65278,13.08603,9.53529,12.05671,11.55315,11.71532,11.26431,10.00389,12.24581,12.58339,9.79534,14.13654,11.10178,8.38367,12.76212,11.15409,13.76975,8.29188,11.43269,12.12338,9.94945,9.5824,14.59859,10.52852,8.90824,12.17052,9.81048,12.12362,10.57306,7.58707,12.79204,11.07736,11.86334,9.35855,0.0,11.93324,15.01254,9.56288,11.10549,12.91717,10.3624,11.61299,13.20813,11.40929,8.89178,10.43723,11.5487
xyz_newmol17_neg,11.11597,7.14658,11.35312,9.87573,11.87473,9.54988,16.3985,11.32491,9.59675,9.55527,11.46324,13.30562,8.88943,11.67009,13.23209,12.656,7.09324,11.27695,9.40505,8.86163,9.99147,12.88263,11.23099,11.62221,11.04343,11.24091,13.2453,12.0437,11.99178,7.24859,10.75099,14.76455,12.26261,13.30813,11.68554,11.24213,11.48735,11.95501,12.0673,15.96153,8.88366,9.85231,13.6497,11.11807,12.2217,13.11371,11.73415,9.0224,11.95635,12.11149,10.95528,9.41268,7.57165,6.33007,11.83797,14.06642,9.90861,9.37399,8.98718,12.12103,10.138,11.6433,10.76923,12.01952,9.81948,9.6748,10.90769,10.60183,13.18712,8.28676,12.19325,12.30513,8.97919,11.14365,10.51534,12.70891,11.20569,12.43611,10.19946,12.16041,12.23879,11.67865,10.54281,10.83189,10.3284,9.64239,12.40452,9.1996,5.48119,11.34665,9.29663,9.80286,13.50296,8.32236,10.94109,8.98922,10.49923,10.18858,10.61533,12.97589,10.56403,12.96954,11.20878,14.49671,12.94832,11.22609,12.41266,12.23619,8.23549,13.13718,9.73308,12.3629,11.49308,10.72601,10.62579,8.74724,11.14242,12.26996,13.01777,10.37335,8.72482,8.38295,11.49028,7.44059,10.02457,10.18959,11.07785,13.01052,11.13232,11.68759,10.95197,10.2722,8.88024,11.88325,10.22269,10.09074,10.30637,12.8334,10.4514,12.83231,10.34741,10.53726,10.21264,9.6465,10.34869,9.47294,8.9284,8.02945,12.35961,8.07116,12.21581,8.66555,7.86568,8.53031,16.4538,12.06561,11.62942,7.85732,7.12119,15.03889,11.93324,0.0,9.05437,12.16886,6.16166,10.40253,7.99873,12.81372,8.19911,11.19215,10.30087,6.90946,8.26395
xyz_newmol18_neg,11.59319,9.8655,12.59389,13.68491,14.44564,15.52459,14.98048,11.2232,12.66848,10.42809,14.36893,10.60576,11.38727,13.02604,14.91271,13.17251,9.35402,13.29146,14.15858,13.58541,11.66288,13.62954,15.1448,15.00701,13.30297,11.10595,15.83892,13.14952,12.75762,11.09875,15.91571,11.68134,14.02062,17.86597,12.55529,13.43553,14.62728,15.08348,14.20418,14.57541,13.83101,10.24976,13.65917,12.65519,14.89005,14.93941,11.55773,12.52566,15.04941,13.27916,11.49212,12.24053,11.11088,9.34971,11.96003,12.17696,8.04271,12.63522,10.30376,15.17601,10.64466,10.21307,12.01433,13.36665,14.00131,12.07838,11.79935,9.21995,10.7277,12.51714,11.64466,13.28447,11.54116,12.60541,13.72957,14.31046,12.67668,14.18705,8.87991,14.2322,10.91639,12.6249,13.21974,12.09501,13.47623,12.33436,12.11514,9.46798,9.18962,14.79157,13.22896,12.62577,14.92004,12.68057,11.03191,12.49058,13.10535,14.76188,9.77356,13.12402,11.60078,11.99858,14.65905,16.26287,14.90047,13.72713,14.61245,11.95392,11.02266,17.19083,13.74834,14.97705,13.72365,12.98194,11.07788,9.77445,13.08821,13.52994,13.60942,13.7832,12.19038,14.10322,13.92217,8.59542,11.23653,12.06622,13.3907,14.1519,12.95837,13.06016,12.75815,8.53683,9.92519,11.4542,14.19574,13.40501,9.57484,14.03026,9.85552,11.72845,7.79409,11.7763,7.81008,10.19621,13.59614,11.44512,10.37921,11.15317,14.88224,11.63147,14.84005,12.00928,11.55047,11.4769,12.80321,13.75171,15.94499,12.01142,12.66511,16.16521,15.01254,9.05437,0.0,13.63474,9.04687,11.63191,12.43792,13.81404,9.39404,12.22688,9.7095,10.74671,8.65971
xyz_newmol19_neg,11.8573,10.68797,10.18727,12.68263,12.89134,15.30545,14.00453,9.60034,11.51971,13.19653,10.76461,14.82002,10.38553,12.73388,12.52318,9.50414,14.77614,10.40386,11.27719,13.53113,12.53007,16.07129,9.74682,11.52362,11.60798,15.8194,15.17803,13.44919,12.34174,13.35173,13.38653,10.25011,9.34496,14.04579,14.27585,11.03834,15.43238,13.37062,10.69958,13.63268,11.39464,12.33276,11.9979,10.28913,11.53431,12.86055,11.76908,14.2312,14.45837,11.08182,11.13491,11.18569,13.37208,13.59862,14.71257,9.37705,8.94958,9.79171,13.43785,15.04838,10.76517,8.5484,12.36223,12.82856,11.25439,10.65863,11.01225,14.35346,10.54879,11.39628,12.11316,12.57512,10.35136,10.28901,12.22637,13.84549,12.34676,12.40167,14.01243,10.82276,13.24043,11.91737,10.03235,10.48988,8.95996,8.5315,12.68159,11.25015,11.78887,10.21795,14.34867,13.71707,11.74629,10.10624,10.02265,13.14918,9.28628,13.21317,7.25737,12.48257,12.90518,10.2752,13.86427,14.09855,15.19417,14.34484,12.6675,15.19585,12.59444,16.5032,10.93703,9.25955,10.59583,13.64231,11.25531,13.51148,14.78442,13.68908,12.7212,13.59633,11.45291,12.86874,9.87871,10.8161,10.33487,10.8179,12.72155,9.92683,9.77604,14.11304,17.6534,10.40933,10.78992,13.03237,12.11299,11.81469,12.1751,13.79672,10.72824,10.45547,10.17506,13.36298,12.50495,8.99406,11.19032,10.69363,11.06326,10.8555,14.43972,11.5943,8.80388,10.61016,10.23229,13.43235,10.66263,10.00951,13.36273,13.09539,12.02375,11.18482,9.56288,12.16886,13.63474,0.0,11.00951,13.16634,9.31311,14.26959,11.43538,11.18383,9.17514,10.01988,14.28141
xyz_newmol1_neg,9.00907,7.46487,8.00208,7.75,10.14946,8.70261,13.0971,10.50194,8.21793,9.45068,9.51323,10.31001,9.13045,9.12755,11.73314,8.19538,10.26884,9.49005,9.6488,7.78249,8.64049,8.35474,11.16122,10.39219,10.26753,10.29712,11.42622,8.91239,10.95753,8.55237,10.15756,11.09498,10.15209,10.28221,9.48907,9.91852,10.2807,10.26665,10.31827,10.21181,7.74952,9.81083,10.46474,8.08853,10.51765,9.50506,9.64086,7.40407,9.05539,10.2849,9.77071,7.94037,7.74997,8.39593,11.41209,10.93299,10.79219,9.29073,8.12597,9.40141,9.69841,10.34432,8.61995,9.25905,8.83982,10.79162,9.29579,8.09993,11.8241,8.26278,9.83777,11.52083,8.68763,8.78522,7.99525,9.69655,9.55708,10.71539,11.1446,9.04786,11.71038,10.53667,8.89738,9.78563,7.96256,8.22476,8.58802,6.43778,7.37423,10.1174,9.27477,9.48938,10.10277,8.35627,9.32702,8.6347,10.33545,7.72591,9.6538,9.70277,6.72056,9.2083,9.27427,11.04881,11.85803,10.13394,8.69803,11.5752,8.83175,11.53197,7.83466,11.58505,10.68486,9.51546,10.11875,9.42619,10.07189,9.30251,12.64222,10.07042,11.07219,8.76462,9.53254,7.83948,7.92451,8.20479,7.36389,10.38321,11.09327,10.38401,7.9448,9.28702,7.43241,9.52506,8.99926,9.39307,8.8505,10.51368,9.06945,9.54914,11.52673,7.54421,8.89256,10.02134,8.01172,8.50806,7.601,8.23826,12.24294,7.6715,10.85394,7.62017,6.05752,8.57617,12.99174,10.24654,11.05425,7.60561,8.8727,12.2427,11.10549,6.16166,9.04687,11.00951,0.0,8.35242,8.53127,11.6075,10.24466,9.81927,8.81132,8.62098,7.78277
xyz_newmol2_neg,10.38958,9.63693,13.85245,17.04038,12.34369,15.5042,17.42353,12.83332,15.17339,15.19647,17.15802,16.37355,8.95187,13.73709,9.96363,15.27516,8.8842,10.36324,11.27387,13.13084,16.51464,16.69306,13.1739,16.41477,10.93393,14.82778,14.08097,16.9742,13.32714,11.71247,13.68889,13.65233,13.44006,12.80416,10.65433,12.49237,16.75157,12.96269,14.23157,16.46616,13.92132,12.09324,11.95064,9.40509,12.46145,16.09575,10.03206,14.46323,8.68975,18.84877,10.55897,10.84863,13.23214,10.64622,12.2014,10.61833,10.97113,10.27372,10.56858,14.79921,10.934,15.74295,15.80845,8.74595,12.09275,16.04122,15.45353,11.23976,19.67577,12.12774,15.96601,10.72612,11.75625,13.59723,9.45537,14.1722,15.41193,10.45025,13.34673,10.83072,17.32081,11.17866,9.92298,13.8547,11.07722,11.46063,9.02177,9.67284,9.96044,18.25845,12.11667,11.77749,12.61945,9.24863,9.40788,15.33424,17.42734,11.19194,12.77145,13.38459,17.2422,12.81264,10.5436,10.22585,11.62499,16.49022,9.0068,13.0858,11.59021,15.80151,10.91943,11.84705,10.746,13.84853,11.54779,8.29487,10.65803,12.6637,12.54166,13.85234,9.6491,9.75482,10.68669,11.354,10.02805,10.87267,9.07907,11.81595,10.36084,11.75497,16.2595,13.84207,15.73706,12.54471,12.14627,10.18156,12.1967,16.2411,8.70639,13.66202,9.3649,13.5436,10.90199,7.91084,12.5181,10.00605,10.26136,8.24599,13.42068,10.57882,13.23869,7.82929,9.39243,11.08975,14.55043,12.97806,13.45346,11.20699,13.26558,13.86761,12.91717,10.40253,11.63191,13.16634,8.35242,0.0,10.32282,12.93487,12.17074,10.98821,11.66894,9.88654,12.53404
xyz_newmol3_neg,9.17964,8.8913,9.60904,7.2138,7.75648,8.35453,13.70675,10.90208,8.36304,8.49605,7.99254,12.98725,7.01254,9.7934,12.80517,9.89625,10.41248,8.55139,5.57484,8.86703,12.28639,9.93811,7.10269,8.98699,10.08173,13.26377,10.87992,9.95181,8.91665,8.28124,11.66229,12.67504,11.03437,10.44209,9.41322,6.7859,11.85666,9.74208,7.16836,12.695,8.52103,9.85663,10.74417,10.18869,10.12673,8.29562,12.17956,8.56746,9.92315,8.90139,9.31713,9.08152,10.00878,12.04622,11.59866,11.15697,8.01057,9.62023,12.92496,10.50511,9.32924,10.14998,9.3481,10.87357,8.87006,7.84137,8.8572,12.13163,13.29564,8.20011,10.0711,9.51683,7.75255,9.35212,8.53113,11.77518,9.12381,10.83056,11.9481,9.63124,8.48635,10.88937,6.92687,9.35019,7.49919,5.95539,11.149,8.78433,8.13902,8.26018,10.6793,9.15253,10.08473,6.58623,8.90262,6.59458,8.46634,9.71213,8.0525,9.82912,9.28386,11.34057,9.56755,12.34907,13.87408,8.84989,11.02463,13.08156,9.21811,11.35011,7.17715,10.03734,9.86253,11.17408,10.05838,11.50827,10.62662,9.89572,11.69823,9.94063,8.75935,8.07629,7.87109,9.40511,7.81278,7.93286,8.16382,9.45738,9.27307,9.71335,12.22838,10.51409,8.51434,10.04826,6.94586,8.6411,11.73744,8.94223,9.87221,9.60025,9.37453,9.21301,11.55799,8.98355,6.93948,7.37975,10.41506,9.80285,11.7324,7.99241,6.49135,7.27149,6.88855,7.74107,11.74348,10.17915,10.94037,8.35139,9.02799,11.1127,10.3624,7.99873,12.43792,9.31311,8.53127,10.32282,0.0,10.00597,10.63659,10.50872,9.98506,9.00992,11.6281
xyz_newmol4_neg,12.21745,12.16716,12.71703,12.12332,13.20268,11.02367,12.85422,11.93246,11.40572,12.28871,11.71541,10.62485,11.97246,11.92816,14.43814,12.44718,11.96567,12.93703,9.87853,12.8954,15.63929,13.71864,11.55604,12.75772,12.4697,13.35978,13.44567,12.1699,11.12537,12.47805,13.21003,12.99311,14.55874,11.50885,12.27636,10.36187,10.69212,12.40898,10.31113,14.08645,11.59215,11.64759,11.73999,13.86644,12.82822,10.95917,12.37409,10.65666,11.55201,12.65955,13.50548,11.75761,12.35445,14.18376,13.23502,13.75083,11.64796,11.89154,11.8056,11.01157,11.8623,14.49573,9.53544,13.74899,12.18589,9.64672,11.42958,12.19773,12.5873,11.86722,12.59836,10.3219,11.62204,13.88923,11.43718,12.78001,13.45118,10.70441,10.04412,13.0687,9.36783,12.03914,11.21593,10.95774,11.42784,9.68259,13.76246,11.33381,12.03097,13.17406,13.16468,10.62689,12.30216,11.1917,12.66428,11.74884,12.45397,11.04624,13.51924,13.5051,10.99612,13.4056,10.31294,12.87544,13.84953,12.17339,11.95016,11.69091,10.98506,10.09627,9.55299,12.96855,11.43336,11.97154,12.72414,11.23835,12.26638,14.98301,13.43482,12.1938,9.90555,11.347,12.11432,11.963,11.35022,11.82783,12.67685,12.42561,10.4605,10.94251,13.60563,10.86435,12.1023,11.50563,11.87305,12.04165,12.29487,12.57459,14.12143,11.40051,11.40371,11.98002,12.66071,12.57762,11.13793,11.47392,12.30544,12.48974,11.9165,13.05137,11.033,10.72633,10.36589,10.32017,15.09093,13.85041,13.85344,12.35259,13.21122,15.45526,11.61299,12.81372,13.81404,14.26959,11.6075,12.93487,10.00597,0.0,12.93461,11.47864,11.92336,12.71243,13.35565
xyz_newmol5_neg,13.60272,8.85705,16.3466,14.56543,12.70507,14.47257,20.19569,11.06556,12.28866,9.82954,16.17136,16.3106,13.34174,16.16194,13.80781,15.77725,8.45709,13.71849,12.35764,12.86996,12.23785,16.96895,13.35469,17.75288,11.72058,14.44971,13.55171,16.5346,16.05977,10.31365,15.31665,17.98657,16.29874,15.63098,13.10518,14.58991,16.6567,14.61891,15.63799,18.87929,14.39413,12.73736,14.57566,14.89732,14.85119,17.8234,15.48848,13.22324,13.05071,14.2038,11.70537,10.78402,10.71334,8.41227,13.10472,13.40842,10.32648,11.97239,11.97234,15.29111,10.98309,14.71889,13.87927,16.94177,12.64639,12.52929,12.33424,10.14538,18.95238,12.41703,12.43678,11.04971,14.29093,16.06411,14.09155,17.38945,13.80591,13.67638,12.10646,14.76063,15.59332,12.38784,15.21856,10.69802,11.14902,13.34772,15.88941,12.37328,8.58202,15.53396,11.30302,13.16487,16.11284,12.0114,10.29264,13.29346,13.00315,12.88861,10.13553,16.93353,13.75371,14.23125,13.0056,15.76474,15.67571,15.27489,12.47951,13.16215,11.91354,13.74911,10.8158,13.14985,12.56375,11.81509,12.32869,9.50075,14.45508,12.93446,15.43533,15.71558,9.61465,10.49344,14.22877,10.62347,11.22902,10.60765,14.16388,11.89701,9.91478,12.29325,15.86046,13.93439,13.7543,12.65181,12.96914,13.08938,13.26135,15.72079,12.68402,14.07353,11.0059,14.16412,12.44117,10.51622,15.49718,12.33287,11.23917,10.18467,14.258,11.1934,13.02333,9.09901,13.06341,9.72075,15.03131,15.08125,13.39767,10.28976,9.85193,14.8305,13.20813,8.19911,9.39404,11.43538,10.24466,12.17074,10.63659,12.93461,0.0,10.87469,12.99835,9.53664,11.30303
xyz_newmol6_neg,13.14338,11.51246,9.23207,10.15122,10.63714,12.18113,12.4343,9.68912,11.07601,10.87552,10.68142,8.42079,10.27592,11.99781,9.87839,10.78071,11.91454,10.75203,9.54878,10.00558,13.25947,12.76304,11.71604,9.9101,11.09514,12.16992,13.47586,9.86956,10.51208,10.98086,12.62465,11.55754,11.75695,10.66461,10.40566,9.51633,11.56427,10.74105,9.19539,12.16532,11.44263,10.62986,11.03102,12.10492,9.84488,10.18071,8.86179,10.37309,9.22016,11.84253,13.41425,11.76625,12.3196,13.44028,11.63266,11.98342,10.73711,9.64395,12.87416,11.75848,10.13011,11.46814,9.32226,8.35463,7.80703,8.49703,11.15861,9.63402,12.78043,7.30847,9.48299,10.62109,10.43112,10.56119,10.10522,8.51161,9.52166,11.91324,13.35221,11.05741,11.72126,11.24255,8.57664,10.97372,11.22244,9.87635,9.3751,10.56565,11.53568,10.16374,10.52698,11.18944,10.18072,10.07042,9.79375,11.55409,10.45688,12.63308,10.54922,9.05368,7.88092,11.41926,11.05358,8.83927,10.70642,12.12189,11.5352,12.45394,11.19715,10.88751,9.05324,10.16961,9.27008,12.11059,11.2331,11.93923,10.77405,12.85063,13.32834,11.2008,11.17493,10.6757,9.17696,8.79903,11.72041,11.80521,8.18614,9.64703,9.46441,11.45141,13.57274,10.01745,7.85018,9.4926,10.23109,10.16032,12.78622,11.57714,12.2198,10.63466,11.83951,9.5814,11.65874,10.47566,9.17048,10.66844,8.51847,9.42261,11.79405,10.64405,8.95753,10.20528,11.26525,10.91465,13.33731,11.13404,12.88757,11.32662,12.35096,12.63403,11.40929,11.19215,12.22688,11.18383,9.81927,10.98821,10.50872,11.47864,10.87469,0.0,11.9585,9.31178,14.73176
xyz_newmol7_neg,8.39637,11.02489,10.46395,11.72824,12.3376,12.97683,11.05557,12.43613,11.57121,11.64903,10.35564,12.1892,10.28899,9.37194,12.52011,9.05653,12.78517,10.47334,10.97823,10.52372,11.86544,9.88793,9.72546,9.15837,13.31775,10.21806,11.60615,12.15215,12.64146,12.18065,10.81633,7.36545,11.24796,12.7089,13.23845,10.18768,12.53332,12.30912,10.40921,13.49403,8.29652,11.74179,12.93251,10.47409,10.39394,9.77252,11.39206,9.58509,12.22261,13.40571,9.09374,8.37928,10.38406,11.76779,11.78254,10.88508,12.44838,11.50038,11.71442,11.80788,11.48473,7.57885,12.53282,9.49692,11.34641,12.48099,12.38428,11.91867,7.41399,12.65059,12.87083,11.68854,10.29144,9.86791,9.49472,13.85043,11.18232,13.66206,11.47823,10.3873,12.52158,13.13891,10.69174,11.127,10.06861,9.94724,9.45898,7.26536,9.80514,11.77132,12.88584,9.32034,11.66873,9.93932,11.16345,10.98395,12.38947,9.38739,9.26021,9.46897,10.36162,10.19842,12.77681,10.36128,13.63557,13.04368,11.36217,13.51986,11.31483,11.21298,11.3613,9.68674,9.73385,12.7287,10.26607,12.61428,13.13842,13.10243,8.41348,12.0726,10.59724,10.47136,11.23453,11.06452,9.35297,10.82175,11.66492,11.13072,11.88976,9.66496,11.60883,10.5633,10.61285,13.31627,10.09667,10.82635,8.95395,13.51377,10.35461,8.84295,10.70393,10.32008,10.62482,9.45489,10.86272,11.75438,11.1682,9.75915,12.3886,10.9166,11.05823,11.07324,7.99777,11.67901,9.90321,11.36713,10.78369,10.43723,11.97413,12.21361,8.89178,10.30087,9.7095,9.17514,8.81132,11.66894,9.98506,11.92336,12.99835,11.9585,0.0,10.13572,9.75278
xyz_newmol8_neg,12.0263,8.70412,7.78787,9.70673,11.46299,11.08068,15.65058,11.45926,9.09147,9.57325,10.04987,10.77194,9.25238,10.035,12.85138,9.84112,8.29454,8.69044,9.23359,7.37166,11.17933,13.16438,10.30075,10.57333,10.43421,13.11738,14.00858,9.04026,10.87992,8.03506,13.33928,11.74703,10.21696,12.71458,12.51563,9.23157,11.73537,12.88427,10.54925,13.61992,11.06421,10.71737,11.89694,9.97224,10.08469,11.2892,9.02473,10.00275,11.45618,8.05298,11.50204,10.35887,10.53671,10.04781,11.6357,11.68039,8.59701,7.42239,10.66254,12.27789,10.13917,10.08918,8.92264,9.21028,7.23302,9.75589,8.41537,12.31876,11.68697,6.65487,11.73671,13.74086,8.78953,7.48162,10.93457,10.90293,11.75256,11.47266,11.68321,10.4378,11.84489,12.05475,7.21287,9.99873,10.61929,10.03116,10.26782,10.7111,6.43109,10.91634,9.31725,12.75602,10.11725,8.3229,10.56786,9.23261,10.17713,11.61622,8.57681,10.25524,10.41936,13.4036,10.82641,12.71023,13.27457,10.29822,12.38621,13.73395,8.84792,13.68052,8.45468,11.39508,10.64792,12.42439,10.67669,9.99118,11.60855,11.9305,12.29708,11.81132,9.97981,10.80229,7.93683,5.66188,9.58593,10.51686,8.46984,11.74987,10.37081,12.43568,12.82964,8.02729,7.90533,8.15266,12.58894,11.05296,9.63257,10.71791,9.8314,10.70813,9.903,9.66817,9.63879,9.31456,7.89795,9.24461,5.97685,5.52115,12.15863,6.41224,10.42814,9.97964,9.80425,10.01692,12.57161,9.39205,13.29277,9.32479,9.20592,12.78169,10.43723,6.90946,10.74671,10.01988,8.62098,9.88654,9.00992,12.71243,9.53664,9.31178,10.13572,0.0,10.06836
xyz_newmol9_neg,12.55843,9.33027,11.58324,11.68699,14.33742,12.94228,13.36344,13.79299,11.6589,11.00494,12.01408,11.45489,12.6807,10.4806,13.54979,11.64565,9.12901,13.21133,13.14913,10.02327,11.87346,8.50377,14.0678,12.23439,15.57224,10.59026,15.25632,13.58011,12.4183,10.42914,11.99682,13.33919,14.38824,16.13928,13.25515,13.72091,10.61569,14.62348,12.61904,14.80359,11.63987,10.30321,12.60177,10.16712,12.90476,11.46305,12.58045,9.91285,14.30129,13.86071,11.78643,11.14605,8.22915,8.80529,11.57329,14.04574,10.80585,12.80396,7.48961,12.34336,10.91475,12.54736,11.20144,13.69672,12.84668,12.89312,11.98237,10.51315,11.47097,12.48792,13.87487,14.63138,12.30108,10.89325,13.1444,14.59957,13.23567,14.37216,10.15735,13.29908,11.05022,13.24968,12.63419,12.88526,13.55548,12.26897,13.46204,10.03574,8.58513,13.41609,13.08337,11.96994,14.54035,11.67606,13.67536,11.42276,13.62261,12.9502,12.62627,13.08233,11.96805,14.06389,14.01325,14.36701,14.93974,12.49705,13.56337,10.11606,8.72217,12.71084,10.43431,12.06165,12.1542,12.8248,11.92031,9.94553,11.7304,13.43053,10.47202,9.26841,11.80766,11.8048,13.57897,9.33001,12.43063,13.01766,11.60772,15.19005,14.7563,13.2892,7.78255,10.68872,10.54819,11.45002,14.1443,12.75606,7.49503,12.58723,11.37287,12.78905,10.09493,10.45897,9.54161,11.38797,11.658,10.25448,10.72613,9.05817,16.96909,9.68507,14.22745,12.12938,11.84221,10.19445,15.47346,14.08512,14.28863,10.48817,10.20244,15.54416,11.5487,8.26395,8.65971,14.28141,7.78277,12.53404,11.6281,13.35565,11.30303,14.73176,9.75278,10.06836,0.0
